path,lines,bytes,risk_score,static_mutable,update_methods,render,pathfinding,los_vision,lua_bridge,threads,network,moddata_save,zombie_char,cell_world,audio,animation,allocation_hot,sha256
zombie/network/GameServer.java,8554,413881,22077,338,0,16,5,13,61,48,5018,299,137,168,143,18,18,2adef36c5dad9ad1e51ed1b8ef6f4950203394f35332ea5377b286b99156894b
zombie/network/GameClient.java,6193,273629,13101,254,1,1,5,10,142,33,2544,199,246,166,125,3,15,deb53069ffe16ddd7e797e5e4e682110a4b1202847e116c496b6176fc92bff8f
zombie/vehicles/PolygonalMap2.java,8249,367834,9091,45,0,79,1751,47,4,57,5,20,52,294,0,0,11,ce50b8ae4f65bf3ae83b5b03a947dd2516e8a35d786c71bc5af649ea58f48916
zombie/characters/IsoGameCharacter.java,13803,514520,5790,18,3,311,60,59,74,10,185,43,546,99,203,700,35,ad70746d72ca726f3ca49c309a4e0e0aaf72088dd98fb48f457542d320332eb1
zombie/Lua/LuaManager.java,9102,344036,5552,574,0,136,86,13,324,34,379,155,134,127,134,43,8,6f6f0c38388dab18f1b413b73985e7333b51265aadae637d175fae1be4e2b1c0
zombie/network/PacketTypes.java,639,43299,5227,9,0,0,0,0,6,5,1290,24,0,4,16,0,0,7c814ed87d3f25f7dfb0fb796f429f7aaf29ce74908e27194f406b6abc66fa99
zombie/iso/IsoGridSquare.java,9245,379343,4999,56,0,218,73,180,25,6,181,392,110,470,22,14,11,858b31755db7b42633172bdc298e51c37d3c2349f78dce4c86539a7530f9aa22
zombie/iso/IsoCell.java,5128,221511,4584,27,1,379,8,76,30,9,36,68,110,540,1,4,48,1c9102404fe7f6c0564186deb41991c12b1feb00fa80fa799e58f786c064bfdf
zombie/vehicles/BaseVehicle.java,9391,397383,3679,21,1,330,23,10,48,4,190,74,149,181,419,190,26,6d21028e7c9e641c5c1b1629815bb7f19e26fa42335c4336619fd916a0426693
zombie/iso/IsoChunk.java,4473,197200,3323,30,1,3,25,6,5,75,92,52,22,611,41,3,11,a857029c775b5c2f29d56507a2b4098b6c6823e130d15ddceb0ab6136fa59a5c
zombie/vehicles/VehicleManager.java,1651,79941,2757,5,0,0,0,2,5,0,600,14,33,35,17,0,14,455a5a390005db3249227b420550ae1a9bc00b275a4c72f634c36cbd2e750bff
zombie/iso/WorldStreamer.java,1076,43871,2600,4,0,0,0,0,0,23,96,7,4,530,0,0,7,281004e7dfd93f4c192455bd4c4e53ba44b2d8c7854775c98fa5de35d7ed3628
zombie/characters/IsoPlayer.java,7661,316321,2531,35,1,16,75,49,27,20,153,35,154,91,107,112,17,2a5912f66689f39e8321049dabb2018c6d6c518fc56329130ed69ac41144efc9
zombie/iso/IsoObject.java,4547,175367,2434,32,1,226,2,19,20,2,190,354,54,126,66,84,10,d03cac80c6a2f13043be1cdce8d5cadeaced4355e6aa9d1b0167992497babac8
zombie/iso/IsoChunkMap.java,1166,46672,2428,13,1,8,0,0,0,22,11,4,16,551,0,0,8,35aae134e65b21b4546b265aa9eb8ce6dad6f2509ddaef700ae421004b7124dc
zombie/characters/IsoZombie.java,4626,193573,2050,5,1,62,82,23,8,0,87,20,182,33,156,165,4,b0619f41072f6cf665fa9ba05722c678fa8d271c744c16e4d169706f2c59986f
zombie/worldMap/WorldMapRenderer.java,2367,124323,2048,13,0,655,0,13,0,0,0,0,3,2,0,1,8,ddcf0e96eb677e9be2aaee27f747f2906c96e9f094dac4d1c7cf8ed04d1405cc
zombie/core/textures/Texture.java,1661,58880,1759,37,0,543,23,0,0,0,4,10,0,4,0,0,6,37c2b9fb0da1a499238d874ce2f9f3064408644a376003289340afe60c4399c2
zombie/core/SpriteRenderer.java,1324,51920,1758,5,0,564,3,0,0,4,0,0,0,10,0,0,2,8cbb3ef94fb20e441c814ae93c591865162c7a16c19c0d9b0d5abfea1e49d13a
zombie/iso/objects/IsoDoor.java,3143,127769,1691,18,0,91,7,22,22,9,118,99,48,104,64,0,15,1c73a4eb3c65ef7bf825e25ee0484a3d6ce2ff8eb28bcf57dd1cbac5a8526781
zombie/network/FakeClientManager.java,2599,111792,1599,66,2,0,1,5,0,21,355,6,0,21,32,0,4,2f5966b82ebb751746667fe1812bb6d7fc77a183a23b4443baa9035c488788f6
zombie/inventory/ItemContainer.java,3170,122622,1545,5,0,16,0,0,146,12,70,15,29,31,22,0,36,2afd1da9c553c93c664bab47e9cf412b776477c0f85643ad716e61252f50544f
zombie/iso/IsoWorld.java,2697,126148,1483,29,1,58,16,6,30,6,67,53,61,106,128,37,24,a8aeae5a4f8f95d7f21e9193c1c36d46d0eb20fa16c5200003afd21437f8e97c
zombie/gameStates/IngameState.java,1401,58835,1403,27,0,139,3,5,22,5,42,8,60,84,27,39,3,b61b13db2f5266f64968320d52ad58f9ab5b4fb7d770ad345503abed26673c4f
zombie/network/MPStatistic.java,1117,51188,1396,12,0,0,1,0,25,0,299,14,0,11,0,5,2,fd66ed18b97e2b28daa065f46486010f2221ea08e0990ff4c45be6ee28e75acf
zombie/network/PlayerDownloadServer.java,479,20900,1362,1,1,1,0,0,0,13,76,0,0,253,0,0,2,f4921fdff76b2e3c4c64de9c37f391da148c4282c26d0bc7b039c2a38a24fadd
zombie/gameStates/DebugChunkState.java,1276,59871,1340,5,0,126,20,21,26,4,3,38,17,132,5,4,5,c9736562fa76a6f90db54f379ebfa4eed1658c37ea07965181c274fcd37c6399
zombie/iso/objects/IsoThumpable.java,2471,88614,1324,0,1,13,1,31,28,27,111,90,48,55,78,0,2,39be538302cf5b308764a0faa6b0b5eeb3ad045e7da656b94bc30b66e113c58a
zombie/ai/states/SwipeStatePlayer.java,2266,104373,1302,9,0,3,4,44,9,0,23,4,169,25,58,49,10,143959e6b9657dc6951830e1972ec3cac3fbc9db0c3afb65f050abe05e631e6a
zombie/vehicles/PathFindBehavior2.java,1027,46755,1283,3,0,9,246,4,3,0,2,5,35,12,5,1,7,ce6c9435594443f33b0d824de674718c3c76a1602d9ba3b18de89bb62fe99936
se/krka/kahlua/vm/KahluaThread.java,1738,80587,1219,5,0,0,0,0,188,27,0,35,0,0,0,0,10,60fe3d47312e5659e2fbb3ff1dddc26ab536ddd02495f6904e46b5f05d2a2724
zombie/vehicles/UI3DScene.java,3661,174259,1202,22,0,345,0,21,12,0,0,2,0,0,0,202,11,d6c3011964cc8054acd93b2add48d49568a634fa2471b9574e3d0c3f9b0a9d90
zombie/ui/UIManager.java,1831,62962,1163,159,2,108,0,40,56,50,6,13,27,5,0,0,10,3b0a7c54f69f83d1d757da17d6492764225e1382698fed04d354f36300bb2176
zombie/core/Core.java,3847,157956,1134,123,0,255,3,0,35,14,9,13,11,0,54,10,14,6cbc9e920f017abfcf13f0b19eeec8216cb4170e30e2e072f48d5b75e72ce298
zombie/core/sprite/GenericSpriteRenderState.java,949,31485,1119,1,0,371,0,1,0,0,0,0,0,0,0,0,2,f088d22442c810082526bb32e3af2fdb3b0e7eaefb8ffe5c87837e56a2cd3775
zombie/inventory/ItemPickerJava.java,1101,51269,1111,35,0,0,0,0,151,0,8,137,11,28,0,0,6,959b7b13e45ab20e335405d6ff5a0db550394a1b9d75a0814a2ea5258b0ecb3f
zombie/ui/TextDrawObject.java,1092,41297,1076,4,0,330,0,5,0,15,2,0,2,0,0,0,3,ed32a9ac034c7e5749a873a1f4e60a6d3a448153f8d164140e71a59a3425ae1e
zombie/iso/ObjectsSyncRequests.java,549,23716,1071,1,0,0,0,0,5,11,112,52,0,139,0,0,4,48eca97625d1b4fc668148f159992e5cf2f0de8dd8b01f63edfe31ffbbf2818a
zombie/core/skinnedmodel/model/ModelInstanceTextureCreator.java,654,29988,1058,2,0,328,0,13,0,0,0,0,2,0,0,0,12,3b67d405b717c7a62986302c5eaf70cd7a9aa9e4ac4cc1ddabbcebdec68f2317
zombie/core/skinnedmodel/DeadBodyAtlas.java,1308,55742,1051,2,6,319,0,0,0,0,0,4,7,9,0,69,11,d1279df6c4596ead90508699f2463a30f1a82219f41d31af8530408eaaa9ad1b
zombie/iso/objects/IsoWindow.java,1587,58915,1031,10,0,3,4,8,7,4,92,59,55,68,25,4,5,18c064775b54ed24351269813bf469dead7bd186d4f71fa6022a316f20377a91
zombie/core/textures/TextureDraw.java,1012,30602,1013,47,0,335,0,0,0,0,0,0,0,2,0,0,0,0626798cbe62714cf2d16426440e01758cce5866f29706aa4fc2ff4c46c335e0
zombie/ui/UIElement.java,1887,71534,1002,2,1,208,0,42,34,0,0,5,0,0,0,0,4,5383d5ba9ad06ebaca45656467bcdb2fae130c08ff41ba00fd089cd3ea06283e
zombie/iso/weather/ClimateManager.java,3103,116876,999,39,1,3,0,0,18,0,184,27,17,14,0,0,3,7210e38048a7b80e4f19164db8ac110550285cd973f4c8aa0492784f09ec071d
zombie/network/ServerChunkLoader.java,657,26519,932,0,1,0,0,0,0,21,2,13,0,214,0,0,3,682abfbe0f2e2b43126524a8856b6a301b48ff03ba17184e11c279871052c13f
zombie/iso/areas/isoregion/IsoRegionWorker.java,531,23372,932,1,1,0,0,0,0,30,64,2,0,145,0,0,4,b911f61ffebd0ca26b26a91b70fecf90d8d58b09834da5010313b275f2743afc
zombie/iso/IsoMovingObject.java,2427,83771,930,6,2,15,24,5,7,0,9,25,85,64,25,6,6,79917e663c84f2a58ccb5863513513c579ea0989d1baf5fd851e370fa96922f0
zombie/iso/areas/isoregion/IsoRegionsRenderer.java,923,42933,902,1,0,150,0,0,0,2,0,2,7,101,2,0,7,443e463f2c4717311d7bfeea3f3f287b6215f8b6ba03822206bae9f3206379f6
zombie/core/skinnedmodel/ModelManager.java,1985,86212,887,11,2,141,20,9,0,3,6,6,52,7,5,394,23,15a31ae0b7067a085938c0e721318e96071946237a21beef9fd9c2732f2023dc
zombie/network/NetChecksum.java,625,28946,871,11,1,0,0,0,0,0,217,0,0,0,0,0,1,e2ce7fb96f113f77084b84f98abb508520ac63a12f7d80c7bd72f4de891435fd
zombie/GameWindow.java,1220,48849,865,62,0,155,2,3,24,31,17,24,9,7,31,5,2,dccbb85da7b6cbe40a957b11a890876f7e5dd52d45eb1651c79a83b35222054b
zombie/iso/weather/fx/WeatherFxMask.java,1082,51480,865,74,0,145,0,1,3,2,8,7,8,81,0,0,6,10a5920500893cbd258474ac527b6fdacb42dac36d6fc3ff62bef87efc518a2e
zombie/iso/areas/isoregion/data/DataChunk.java,671,26440,857,4,0,0,0,0,0,0,0,2,0,213,0,0,5,f9eb9807551788ad766b259151520b73909b5a74f686c5e1f98c73a993d488d2
zombie/iso/areas/isoregion/data/DataRoot.java,341,12713,777,3,0,0,0,0,0,0,0,0,0,193,0,0,5,dc0f1ed0a089c83aded54d3a61b43191d3884ebf4cc4bfc8384aad204d71a702
zombie/iso/WorldMarkers.java,1582,60308,774,6,2,207,0,0,0,0,9,0,19,4,0,0,2,6ff8534ea3fd2749defe407168ddef29784e0cb39bf4f72cd9dd4516ed0f6598
zombie/inventory/InventoryItem.java,3354,103509,771,4,1,126,0,0,32,1,9,58,21,13,49,3,3,41a951d732bdf24a26046f3c7112674300254908b7497b57fb411f07a13742e1
zombie/core/skinnedmodel/model/ModelSlotRenderData.java,574,25499,763,3,0,238,0,0,0,0,2,0,8,0,1,18,1,cd73d7afcaba0913c8718af9b8deb10c19292400e4c1845029d9e0e031ada4ad
zombie/network/ServerMap.java,1095,41104,749,6,1,0,0,0,0,4,53,14,5,123,0,3,6,7596bf95f6e91b4ef725c158d11038b18a9f2786d36b1d80034715bc673e63c6
zombie/core/opengl/RenderThread.java,550,20943,740,48,0,154,0,5,3,75,3,0,0,0,0,0,3,4b498c9114eccd4da71df5e370b2390799540d67b2e7b9d68cba591addee12c7
zombie/iso/IsoMetaGrid.java,2668,108661,728,12,0,0,14,0,12,10,33,32,28,71,0,0,14,e60671bdd4a5285d6eaaf871ae4685040151e7e9953fd44fd9e306dac95fc14d
zombie/iso/objects/IsoDeadBody.java,1549,60036,724,9,1,45,1,3,11,0,51,28,39,25,8,46,6,294016e009bb09e7dda3d7689e9ff651c658b23ba11cab07dcec1a84dee4804d
zombie/core/textures/SmartTexture.java,500,19409,717,16,0,225,0,5,0,4,0,0,0,0,0,0,10,db9d74921c6668a605973ed4f242bcf27bb1371da1a56509bdd55604bf5c7201
zombie/core/raknet/UdpEngine.java,421,16583,690,0,0,0,0,0,7,23,144,0,0,0,0,0,3,ef763fb2a8ea6eb2e3cd80fb38c2c39b90dcffc1e58f9a07aba54f7fb2d6544f
zombie/VirtualZombieManager.java,973,38880,687,1,1,0,3,3,0,1,18,0,39,96,15,11,7,2957af428f461ef8414c255256cdf39172af281f09d674c1d23af1246e45a8b5
zombie/scripting/objects/VehicleScript.java,2235,83722,671,0,0,102,0,5,17,65,2,15,0,0,42,79,40,0136d5554ab88400e4267fa0873fd4c96d231b130fd10434785e42214c198009
zombie/core/skinnedmodel/advancedanimation/AnimatedModel.java,1338,57897,670,0,1,200,0,1,0,0,5,0,3,6,1,242,5,30bd84a5acf0611093cd769a3b25b5e38028b1c63fa17e0564281d54b8f914dc
zombie/network/LoginQueue.java,261,11083,665,18,1,0,0,0,3,5,157,0,0,0,0,0,2,bf33ad589ec20a938b9a527866be72d5778f525a745c9a39a5019cfc71a050cb
zombie/network/ClientServerMap.java,324,15083,663,7,0,36,0,0,0,0,35,0,3,100,0,0,0,f497447db95efb8aad7e98ab9a830c181de8737b55c94f91425afd7f8aa7546a
zombie/GameTime.java,1656,53175,656,16,2,1,0,0,21,5,79,24,30,10,0,2,2,eda303c89e8b8a436b4a155dacd9a2c4196bacc4c2202735ed22ab4150e4a9cf
zombie/radio/devices/DeviceData.java,1387,52533,655,0,1,0,0,22,0,0,112,26,16,9,128,0,1,e8c8c660ff50d8626157fcf06a67be12acde76633f5b122a20ce313fbd2a94d3
zombie/core/skinnedmodel/model/WorldItemAtlas.java,1258,56218,652,2,6,202,0,0,0,0,0,0,3,2,0,0,11,5ef38b65018715bcc2da865963244dedfbde6adefdcf5babeda20934f602d1d6
zombie/iso/sprite/IsoSprite.java,1124,43366,651,14,2,185,0,1,0,0,0,22,10,8,0,236,6,b64ad9d4a09e2c98ebc14fb2332a2f45e47ffbff1d0a2086ba0bd275e0fd7b13
zombie/iso/objects/IsoLightSwitch.java,822,32200,649,1,1,0,0,0,0,0,132,20,5,23,5,0,2,20469f399202f0b9e153f7ccefa3ae972fb6d1bd47979a0f51f2773f7b1976df
zombie/popman/NetworkZombieSimulator.java,377,16871,642,1,0,0,0,1,0,4,119,0,21,10,0,8,5,c50377ed610e898eacf40f48c7228bb58dbe9294f2afb74aae2cd7da5fdc03e1
zombie/network/ServerGUI.java,659,29023,640,22,1,92,0,0,3,1,7,29,20,52,2,4,5,ce0178b85bf26b54bb21c78dc4f2d91e113a6537d048b10b0791f7c4cf810114
zombie/core/textures/TextureCombiner.java,358,14318,632,5,0,210,0,0,0,0,0,0,0,0,0,0,2,6fefacfc2edf5fc0d69566197fc65a6a6db3c729e497509392f9ac27cf2797cf
zombie/network/packets/RequestDataPacket.java,405,16504,629,3,0,0,0,0,0,0,153,5,0,4,0,0,1,5cc87b2cc7fd0956357d5e037fe79ba6ce0f2c9e5163266e06191ce380d10507
zombie/characters/BodyDamage/BodyDamage.java,3340,124864,624,4,1,6,0,24,19,0,27,12,54,3,17,1,4,26677f0c3ed968c0bae6a07a1d9ce6a8157bfa3107a12c38b78a63eadaa8b915
zombie/spnetwork/SinglePlayerServer.java,259,10496,624,13,1,0,0,0,24,2,102,23,10,3,0,0,2,ff78db81b4c37b386ba1c25030cebd0dca1d9624913785cbb8151153e4ade511
zombie/chat/ChatBase.java,538,17611,620,0,0,0,0,0,5,29,113,0,9,0,0,0,6,43ba98600683ede823bc18b9341c5e01b17704a8ba6eb0f8d3473dc73bccf4c2
zombie/iso/LightingJNI.java,1086,44516,617,59,2,15,2,18,0,1,7,10,31,73,0,1,10,b7b6a05a5968841a73e32148f769aa6e19584a4cbcd9d479e75b532d2564abb8
zombie/network/MPStatistics.java,759,34179,611,108,1,0,0,6,9,1,88,7,5,37,2,0,3,355dc80de6eb5dcf3ef71987ba830868dc9294eb4586f8dd3204c2117a1fae01
zombie/network/PacketValidator.java,506,21886,598,18,1,0,0,0,0,0,128,0,16,0,0,0,4,045297d6fb4d80f7a3887b05904ac99f99afba3c7041e8c2f0263b9acce19925
zombie/iso/areas/SafeHouse.java,645,24092,595,16,0,0,0,0,30,0,56,24,26,14,0,0,5,835e8e57a6361679c078e6279bca99060e8bfbe4628a871ffef2f12542be8932
zombie/util/AddCoopPlayer.java,215,9343,595,1,1,0,0,2,5,2,52,2,5,79,2,0,0,3e8f3dee195ba1961326675d356612aa2217b235a806515596a569c885b60367
zombie/network/BodyDamageSync.java,347,15096,592,3,2,0,0,0,0,0,128,0,15,0,0,0,1,bfe3c7903c6ce3c980e076b7be482bb6c5347598fc2b0f1adbe4de12a87bf779
zombie/SandboxOptions.java,1923,82991,588,9,0,0,6,3,80,6,12,69,0,0,6,3,6,a51871b1d628e3dc5953bff1b6917140cc7cc6795c27bb1e27f780001877f5fa
zombie/core/raknet/VoiceManager.java,989,44246,584,15,1,0,0,0,9,23,76,7,26,6,254,0,1,f1da2b94b70adbe13912f409819872cbedb0e8af2b4e913aa9a87d45a4e95e6f
zombie/vehicles/VehiclesDB2.java,1022,40568,582,5,2,3,3,0,0,11,4,8,3,123,0,0,1,15bf5a96587831eb53912d2a897f30c3824159172aaa92b64ad0bf82106f16e3
zombie/popman/NetworkZombiePacker.java,265,10961,578,1,0,0,0,0,0,4,116,0,12,9,0,0,6,67db16fc1e883a3f6395fccdaa7b506c91dc2597bb6f7931af9f36247e88face
zombie/ui/MoodlesUI.java,454,20952,576,10,1,183,0,1,0,0,0,0,3,0,0,2,6,48d1789dbb31c9a60a0e3ad87dea6174624b85f9c478db8107aab3f89c45dfb4
zombie/iso/NearestWalls.java,322,13092,570,17,0,22,0,0,0,0,0,0,0,126,0,0,0,d2c539ce9ee1ddcc2c3a2b6dd920fc02dcffee98ed55a51b063c99f3281c2349
zombie/ui/Clock.java,523,22347,562,1,0,106,0,12,0,30,3,0,18,0,1,0,4,4118659657f3be7f88cecbe4b1d990af5ba162de51faf2ed552bd814fd871056
se/krka/kahlua/stdlib/BaseLib.java,475,16880,560,17,0,0,2,0,92,0,0,16,0,0,0,0,0,256362d72d7b76e089c04e53e3b4fe01624839d6be0b02b934be7e40aa71ef86
zombie/FliesSound.java,451,18229,559,0,4,4,0,0,0,0,0,0,12,119,126,0,3,54ec4219ebe4be8229b38428a4d1e323019aa273b58be68c381a38ae1d6b8e0d
zombie/iso/sprite/IsoAnim.java,546,25553,558,1,0,181,0,0,0,0,3,0,0,0,0,40,3,e9fe3202ee4d1a67d2c0f1e764cb62f39bcc5f505819bae0da7753b1d42297a7
zombie/iso/objects/IsoGenerator.java,734,28528,553,5,1,0,0,2,0,0,78,33,0,57,42,0,3,fe411e9c541c186de5de6519ae578d4455f4697177e4adf40f88268e981b4cd3
zombie/debug/DebugOptions.java,370,22853,548,2,0,118,27,10,0,12,0,3,0,2,6,4,2,1b26d691a0b79df40eda36d771dcba28eda30ecc6bc11f8361bde2f69e922f26
zombie/iso/weather/WeatherShader.java,193,9482,547,3,0,167,0,7,0,0,0,0,3,0,0,0,3,bf386d8d4233eaedef3be5d55868416d50f18b3dff0dd18dc6c5756aa3434570
zombie/erosion/ErosionMain.java,493,18740,544,6,0,0,14,0,3,2,13,12,2,100,0,0,2,4950f961c184465d6574c72379a76bec42f7f9a5aae11e1da0fa94c9e6f5734d
zombie/characters/NetworkPlayerAI.java,350,15465,544,0,1,0,21,1,0,0,104,0,7,0,5,0,3,db83e5924192729b5c166c6861882715b9e4d095920b17baa40d0c05321eed1e
se/krka/kahlua/j2se/MathLib.java,393,14487,540,28,0,0,0,0,90,0,0,3,0,0,4,0,0,beb9b0cf2bcaec7090e0f83f92289b691554450ab661a3745e455807a7ce2b7a
zombie/gameStates/GameLoadingState.java,786,33432,532,17,0,44,0,2,14,14,32,9,14,17,6,15,0,6cd425c037626908ede03f64c656d1fa42878167fe261c5f85c8d2d937a9636d
zombie/popman/NetworkZombieManager.java,317,15194,531,3,0,0,0,0,0,8,85,0,23,13,0,3,0,2a4872d219a529d40afd2751e3d4d62abfed22b8d6203d3209bf1a6a7c1e6a28
zombie/Lua/LuaBackendClass.java,222,9188,527,0,0,0,0,0,72,30,0,17,0,0,0,0,5,5a3be8ca42ba9a407fd83c82c2f163cac1ef74974673d58472469555061f6557
se/krka/kahlua/stdlib/TableLib.java,242,8325,516,13,0,0,0,0,86,0,0,24,0,0,0,0,0,8628a238654cc730aa204e5665c08b75db4018eb4c1c5ed62493f1faff4f5349
zombie/iso/IsoMarkers.java,701,23706,515,2,1,99,0,0,10,0,9,25,9,18,0,0,3,270f3eeb437b3691df685abfd988670d0dbf655ec499caf28247cee57f4d349c
zombie/core/textures/TextureID.java,562,19910,511,7,0,134,26,0,0,1,0,0,0,0,0,0,2,deba6d71a42782dd64bd1043b80c8db842c67c55ecaf5d98cd5680515458fc2f
zombie/characters/NetworkZombieAI.java,289,13452,511,1,0,0,13,0,0,0,106,4,7,0,0,6,0,a369666bdf8c63b00fd055613dd1a118f969a16dabddfc6f9932778b429833ab
zombie/inventory/types/Food.java,1922,69484,508,0,1,88,0,0,12,1,22,8,4,14,42,0,3,010dc0e50d5680203f3d168147a64847f750fccc03422235131bfe44b630e759
zombie/randomizedWorld/RandomizedWorldBase.java,924,34705,508,20,0,1,0,0,0,0,0,7,21,99,0,0,4,1093aeb3447332941f84269d9aa0c0bb0a55c3f9a67796d0f3d94abfcd887412
se/krka/kahlua/j2se/KahluaTableImpl.java,380,12734,504,3,0,0,0,0,78,12,0,75,0,0,0,0,0,f0e4dc2269aa951316a6cb3c751c8d157fc9bf327af05aa06e8ec965fdb0cfab
zombie/globalObjects/SGlobalObjectNetwork.java,152,6803,499,8,0,0,0,0,16,0,97,17,3,0,0,0,0,16e3a89dd2c7d03aadcc308b58d4e07af91101cd8de679f88bf059840390f304
zombie/world/moddata/GlobalModData.java,325,12943,496,3,0,0,0,0,25,0,86,70,0,0,0,0,2,92077543c97e88a9a57944993eabcec92fa8fc7832e2fd568e820c93c9d254b3
zombie/inventory/types/AlarmClock.java,386,13902,495,2,1,0,0,0,0,14,82,6,11,17,50,0,0,c8ddb836c2d68e7622b5e8055ef3e2ade4862d8cb9aecc5a3443c3f355cb3fea
se/krka/kahlua/stdlib/StringLib.java,1617,66576,492,35,0,0,0,0,80,0,3,8,0,0,0,0,0,41ac6970a096dbbeb6b6cc8f3c551bc338dab64aace9862db4cacf15c55e8fea
zombie/savefile/ClientPlayerDB.java,373,15049,490,7,0,0,0,0,0,2,75,3,15,26,0,0,5,1694e8e626e541361ce23c1f7a37574baead4b05c836d61c7ecdf2b0b0bedf22
zombie/Lua/LuaEventManager.java,635,22531,489,37,0,13,0,0,62,9,8,9,0,0,3,0,19,f4560cf0a2153859f1bb9931d46d42ef95407275404e12a5ba50ce02a7c68f2c
zombie/popman/MPDebugInfo.java,454,20602,488,10,0,28,0,0,0,4,85,0,5,6,27,0,3,24574cce1d0a3ac0408a6a5382a27a6a5558c1c67c2b487e1224af498babbffd
zombie/vehicles/CollideWithObstaclesPoly.java,1214,56330,482,9,0,22,4,0,0,1,4,5,5,87,0,0,8,2df3b1f366fa2b669c720354a0c5f2958364477e2ae8580b2799439dc8bed2cd
zombie/core/skinnedmodel/shader/Shader.java,589,22235,482,1,0,146,0,0,0,0,2,0,7,0,0,7,1,736f4540fb433edd9676c37d75b94bd1bd15dd409808e879adabe64c087d2350
zombie/iso/areas/isoregion/IsoRegions.java,363,13165,482,41,1,0,0,0,0,0,25,5,6,87,0,0,2,76aaf38f521f038e0142280ae785f25e0d614acdd642a01fe05f00244bcc3265
zombie/core/skinnedmodel/model/Model.java,598,26316,480,13,0,143,5,0,0,0,0,3,6,0,0,33,1,25111ab120ce1ba7af9e6a3d70f7f649c4aa25c0e13e1ddfb08d89af386f5cf7
zombie/inventory/types/AlarmClockClothing.java,386,13892,472,2,1,0,0,0,0,9,82,6,11,15,45,0,0,ce303daca9f0828a59dd5c3fbe94350acf50e75e86c7d9d8407207ca550920cb
zombie/network/chat/ChatServer.java,523,23093,458,10,0,0,0,0,0,23,91,0,4,0,0,0,5,85006ae2108054e24d83c6334526dc5e6ab0dd22247e1d5057751ce83316f5af
zombie/network/PassengerMap.java,281,12378,450,7,0,4,0,0,0,0,55,0,26,22,0,0,0,41324aeb28838aa4a08285713e2e11ab09ac5f7885f489d072b91001f131048b
zombie/WorldSoundManager.java,468,20084,449,0,1,12,0,0,3,1,19,0,8,68,206,0,2,106428c792f8f61d68e8ce14fdd573b67490aadf3aadfa88a0290b798014a9c1
zombie/gameStates/MainScreenState.java,780,33758,444,19,1,127,4,0,5,1,0,0,2,0,11,15,2,e605ad928bf0b853554d87c83fe2c63e9dafed6958d77d8fb7ee0853805ad3c1
zombie/iso/objects/IsoBarricade.java,767,29386,434,5,0,7,0,17,6,0,22,26,28,20,15,0,1,7b891928800fe5790f8f91be60094d075ca8d9e3e82854c3a6a49b1fe7dbf06a
zombie/characters/AttachedItems/AttachedWeaponDefinitions.java,284,13712,425,0,0,1,0,0,64,0,0,59,5,2,0,0,5,c65dee904c5d533f6fa5f6d57a49dd4216538376fb751700322f40b26dda26d3
zombie/gameStates/ConnectToServerState.java,745,31335,419,4,1,0,0,0,29,0,56,4,0,4,0,3,3,794509c6a59299176bd1eba59cfb45a0b33a4ef1a873fcb6bd3999f4b61089e1
zombie/worldMap/styles/WorldMapStyleV1.java,412,14982,415,5,0,123,8,0,2,0,0,0,0,0,0,0,2,b26782277e9c589a7802c755b0dd8366083d78b617deb9deb532c7240c1543fa
zombie/popman/ZombiePopulationManager.java,782,30707,414,29,0,5,5,1,3,2,15,5,19,48,15,4,4,2beaa13015e3702df77856e54151f83de8a5f464c39196931ffaa035cda6bbde
zombie/network/SpawnRegions.java,398,15674,404,3,0,0,14,0,56,2,0,34,0,0,0,0,6,b76eeb735b0d202210265e67568e1983f47ac457525bffddb6d726ae152af93d
zombie/debug/LineDrawer.java,473,20261,401,31,0,126,0,0,0,0,0,0,2,0,0,0,13,1d38b6c5eaa8e4eda8f9dfca32230fec0cc9b7f2ed594fb85b1c183a7b0c07e3
fmod/fmod/FMODSoundEmitter.java,1429,56766,399,4,1,0,0,4,0,0,25,12,40,19,880,0,5,d269bf7c0821326a47e14d47777d48ed9e4e7bdbe4a0d0178f1098b1b9d5f34e
zombie/iso/objects/IsoMannequin.java,980,37366,399,4,0,92,0,0,4,8,4,19,2,12,0,79,1,100711235d8a39636c4fbb357577761858606cb56df007fdb4dc7b66c8df3ee7
zombie/ZomboidFileSystem.java,1340,50058,397,10,1,4,71,0,3,9,8,11,0,3,0,25,10,1a46324a0c1508eab4dfab337a649de8581aab6ca3c3541c544da2f59836ae5a
zombie/ai/states/ClimbThroughWindowState.java,605,26259,394,1,0,1,7,0,0,0,0,4,51,27,13,12,0,82bff8e7be94ec708bca522fb0bdd966735ca092dc61766e76fed907f2ad1074
zombie/worldMap/UIWorldMap.java,446,20244,393,1,1,90,0,2,5,0,3,2,12,2,0,0,3,f1768a42c1baab17762742e022ef43719f0303ecb0269f2e73f486bdc278e19d
zombie/characters/ZombiesZoneDefinition.java,465,19705,392,16,0,0,0,0,53,0,2,47,5,9,0,2,5,206b2f79428494fbb28e26b74fd96c373cf4fecf29295bc767cb5deaf67b5453
zombie/scripting/objects/Item.java,3325,137015,388,4,0,72,5,5,5,26,4,11,0,0,272,42,8,034f095a272815efdb3b66b4978469425aba8c67bf7e42696c03004c9a7de743
zombie/iso/areas/isoregion/regions/IsoChunkRegion.java,311,9155,387,0,0,0,1,0,0,0,0,0,0,95,0,0,3,aa5d2f7d19c10cbff24fd7387cb3dde405896f56dda3ccd7b2f0882343e165e6
zombie/worldMap/ImagePyramid.java,382,15120,386,0,0,106,16,0,0,0,0,0,0,0,0,0,4,7afda958223dd54b406e28c5ae886158cd58b053f33141172174060c54e6bbd9
zombie/iso/weather/fx/IsoWeatherFX.java,556,23866,383,13,1,114,0,0,0,0,7,0,2,0,0,0,1,accd6f5d5cac77961bcc77d87178cd2fb677a633bb40a3e1376ae50405c803bf
zombie/core/skinnedmodel/model/WorldItemModelDrawer.java,566,26655,380,4,0,112,0,0,0,0,2,0,0,8,0,0,4,9efdb58ef5a2bf72c1dc88a6ab97c80467656e749cae2ff18529f80c46adf64a
zombie/iso/objects/IsoCarBatteryCharger.java,405,14612,380,0,1,30,0,0,0,0,62,19,0,10,29,10,0,feddc1ea8df6a966ded3d554d2085d5f8d0affde0870b7f7cd65a004b40f0ba7
zombie/iso/LosUtil.java,614,25754,378,13,0,0,0,68,0,0,0,0,2,24,0,0,0,6fedc4d4eab1dce8b57333c0f858c23d5787a4e2530f7060e57e3d629d578f09
zombie/core/raknet/UdpConnection.java,468,16574,378,2,0,0,0,0,0,27,65,0,5,2,0,0,4,1268ec9e4f484a743b459a67c6b4c8b2775f290a586f387ce0b12e1462f5f0cb
zombie/spnetwork/SinglePlayerClient.java,245,9406,378,8,1,0,0,0,18,2,47,16,8,8,0,0,2,98df4865d7c6e6c615f9ced1ae9620ae3d8e823e2cac6e62111f27a24780648c
se/krka/kahlua/integration/expose/LuaJavaClassExposer.java,437,17541,376,0,0,0,0,0,62,0,0,37,0,0,0,0,4,d645ebd260c56399ed7588838e2925534ee9e04ffd92139351155f211174568c
zombie/iso/objects/IsoCurtain.java,418,16379,376,1,0,3,0,12,3,0,47,54,8,18,9,0,1,28cbca49f188f271b874c4b941cb1eeed5a8385da0e5ea7134300120a723ecd8
zombie/characters/NetworkTeleport.java,307,12520,375,7,1,0,0,5,4,0,58,0,13,8,0,0,0,ee68992bbb3fed893fe29c2e82bf997b8ecc4166eb4ae877677c4b77cd63ac8c
zombie/iso/WorldConverter.java,333,13720,371,2,0,0,1,0,3,4,10,3,0,74,0,1,1,d22bd50393a3c9addaa4690c9fecba6d6a85006a038accf11e0c7b11994e68fd
zombie/chat/ChatElement.java,499,19753,360,7,1,77,0,3,0,8,6,0,13,0,0,0,2,5d95699a4b2ee69e62d889096b6a844b83ff52be0c86d54892b0c4680722711f
zombie/core/logger/ZipLogs.java,449,19335,359,17,0,0,89,0,0,0,0,1,0,0,2,4,3,c6f188ca6e1046b94c7ddd6bb63c137bb82b98edc13603fcb200dfdf6568917e
zombie/LootRespawn.java,234,10266,351,8,1,0,0,0,0,0,37,5,2,47,0,0,3,965dd70493948d68ff555f4c57fea2c2acaf8f1ff4b08c6b58781de669d71227
zombie/core/textures/TexturePackPage.java,231,9061,351,18,0,114,0,0,0,0,0,0,0,0,0,0,9,27e91089d4068aeb1bcf4ba829bef59d66c9d31b9907526ee72b33a3dca5dfa1
zombie/ai/states/ClimbOverFenceState.java,631,26545,348,1,0,0,7,0,6,2,0,17,46,12,18,13,0,9295b07baf4bae7cc9eeddc0786de4f00def98045ff9a134ab3e468237925f2a
se/krka/kahlua/threading/BlockingKahluaThread.java,230,5661,345,1,0,0,0,0,33,49,0,7,0,0,0,0,0,d6c7d2f30e22da190281db72501311f435ad66167a8b8a3ea8be29f22b90fb59
zombie/globalObjects/CGlobalObjectNetwork.java,163,6427,345,10,0,0,0,0,19,0,54,18,3,0,0,0,0,967899983c452a0f947016992913ea32bbc51fe96d8ed0123d1d8f35cc4e8703
zombie/core/fonts/AngelCodeFont.java,810,29862,335,10,0,111,0,0,0,0,0,0,0,0,0,0,2,a2eae217c9fc4ba99ef22c3fa358136f794a5035756fa28d559da1fd55970935
zombie/iso/weather/fog/ImprovedFog.java,685,24477,335,106,1,86,0,0,0,0,0,0,4,13,0,0,3,e7d929cb8a950f490388e36030681c32fe43c083f45b65e686f996c6267cd75b
zombie/popman/ZombiePopulationRenderer.java,378,16223,335,0,0,74,0,0,0,2,5,2,6,14,0,1,1,a299db1381d4dccda55ec2916ba7b8be4c47fa8a468832ba89c9c52a34217ba5
zombie/iso/areas/isoregion/regions/IsoWorldRegion.java,270,8123,335,0,0,0,2,0,0,0,0,0,0,81,0,0,3,70b850d5835517307bf547d13a62fafcbb11f5dcd8b28748246ce6646c47d573
zombie/iso/CellLoader.java,496,26085,328,10,0,3,0,2,3,0,12,28,8,50,0,12,5,895efd44d73866dd38c2ed32d89bc7d29b1a9bc334a49b0ef7735707d5c455e4
zombie/network/ClientChunkRequest.java,110,3389,324,0,0,0,0,0,0,6,3,0,0,73,0,0,2,9b63ccbd5f225faf8b8f2ad1bf5fc92a2bb73cf4bccee324ed0d9a4e821830a9
zombie/iso/objects/IsoWorldInventoryObject.java,591,22117,323,1,1,63,0,0,6,0,5,8,0,19,3,6,0,582fbf317d5ac3fbdf8ba518a67522444bd58d83ed6b8df70ab65c33543bf57b
zombie/core/skinnedmodel/animation/SoftwareSkinnedModelAnim.java,402,20649,323,12,0,104,0,0,0,0,0,4,0,0,0,21,11,18d94932aa3893131df8c71e4aa5630ed3546684b09d05776e6d7f322beb2234
zombie/globalObjects/SGlobalObjectSystem.java,299,11430,322,1,1,0,3,0,39,8,5,71,2,4,0,0,4,056eb0b213f2044a850a316d8d2678a7565016cde1be8244340b781e233c5411
zombie/worldMap/WorldMapVisited.java,661,25682,317,7,1,90,0,1,0,0,0,10,4,4,0,0,5,8159d28c6c36d0f4f8b067787112c34b656e46f97ccdc2533414b83d3eb6445f
zombie/radio/ZomboidRadio.java,1063,43988,316,13,1,3,0,3,3,1,43,13,18,0,18,0,10,3453fca36ac92429f9c3b108fed30a48291d00250c988be9f3be842204b70532
zombie/AmbientStreamManager.java,745,33950,315,6,3,0,0,0,3,0,4,2,33,24,351,0,14,66c32b05127cc0a52c89c45a45f9c32c9860b88bd8cb5791b2700befe58878c4
zombie/core/textures/TextureFBO.java,325,14192,315,7,0,105,0,0,0,0,0,0,0,0,0,0,0,e898b70c9b9bddcc70a24cccb150e78d1ae87b5b196cf2ee0a78895eb04fbcbc
zombie/iso/objects/IsoTree.java,504,18574,313,6,0,42,0,3,7,1,0,8,17,11,23,6,1,f03f1da3c37f00546b5de751a821e7ff65947bdef5945b89cc70f8f0461ac7e2
zombie/core/physics/CarController.java,1184,52022,311,3,1,26,2,0,0,0,30,2,10,12,15,0,5,fbfdba8b495aa9f30bf0dd7f2f9853816b2a835dd4804c56e24b60a4f2d9759a
zombie/characters/CharacterTimedActions/LuaTimedActionNew.java,135,4665,310,0,1,0,20,0,31,9,0,3,3,0,0,5,0,1ee26889985da66479bfd83e3822d0bc7dd2bca1c959f045c6ddd26de25af863
zombie/characterTextures/ItemSmartTexture.java,177,8768,309,0,0,103,0,0,0,0,0,0,0,0,0,0,0,19a415a2e1eabab6d928aadd2457fbfb11f7c966ea4fe46d29b8db78277219a0
zombie/inventory/RecipeManager.java,1353,56832,307,48,0,0,1,0,20,5,7,1,25,2,0,0,7,f27c7376cb3b1cb3bb30d7f2ea461198bf3e6c3777afb137dd4053ae43e9e873
zombie/randomizedWorld/randomizedBuilding/RandomizedBuildingBase.java,634,24385,306,6,0,0,0,0,8,0,15,12,13,32,0,0,5,f2daa529834e28a11eb391eca5be895cf8f1960c894d1828cac8196b49c21dde
zombie/Lua/MapObjects.java,280,11817,306,13,0,0,0,0,33,2,2,18,0,22,0,0,6,2bc84567fdcd752a45ae120cdb2104979e8bf22fe0e8eb3264679a08bd23ad66
zombie/core/skinnedmodel/model/ModelOutlines.java,206,8711,306,0,0,102,0,0,0,0,0,0,0,0,0,1,0,9712fd27e0f99a89a4d17750587bfb5c73595b2ad57bda09742413ded6035708
zombie/gameStates/DebugGlobalObjectState.java,308,11714,305,1,0,29,0,0,9,4,0,7,13,21,0,4,3,8fc2ce950c238f7cb4f9762c5cc076b55a2d245823afcb924deb6dbb32dabfec
zombie/iso/sprite/shapers/SpritePadding.java,88,3989,304,5,0,100,0,0,0,0,0,0,0,1,0,0,0,68a38adbd5b087cad8d901589211fce691f0c57e967b068c425c8d124dcc94ab
zombie/savefile/ServerPlayerDB.java,275,12646,303,6,0,0,0,0,0,5,72,1,0,0,0,0,0,629ad30919aa245fff925e5ca34d7cd52cf55d3d1d064142e6920c845c6660cc
zombie/savefile/SavefileThumbnail.java,201,7739,302,5,0,83,0,0,0,0,0,0,9,2,0,0,0,8bc139864825ba320aa2694c7f50a7e2cbcf18a64920b390a18069155db55b35
se/krka/kahlua/converter/KahluaTableConverter.java,167,5856,302,1,0,0,0,0,50,0,0,29,0,0,0,0,2,fb6a73194ba37e4aab34cc70131571b617154c4d7ad511b7a22f86b0d5dccd6d
zombie/core/raknet/RakNetPeerInterface.java,189,7294,298,2,0,1,0,0,3,23,52,0,0,0,0,0,0,db44b6c2a16002e0e2e872c4468de031b6005a128d69c68613661e99007c3bb0
zombie/iso/ContainerOverlays.java,177,8414,296,0,0,4,0,0,45,0,2,45,0,1,0,0,2,426b33d7a6a8f50c91fdd0fb71ba28a2e69f6563b8c42f6c176ec69aad5559ad
zombie/iso/BrokenFences.java,316,14185,295,1,0,0,3,0,41,0,3,57,0,6,4,1,1,175754eddeb870a4226fc747057f49dbe007e779463dc9795e86b4d06324e4d9
zombie/core/skinnedmodel/model/ModelInstanceTextureInitializer.java,127,4771,294,1,0,98,0,0,0,0,0,0,0,0,0,0,0,0157ce891705740648147e520abe34cdf5bcdec11666ac32bdbb5bc7c75d42ab
zombie/fileSystem/TexturePackDevice.java,255,9064,292,2,0,90,0,0,0,6,0,0,0,0,0,0,4,0b6ab68057f436cb082d2f3cadfb4618407ac50ea3f56705a8f28eeceec222e8
zombie/ai/states/ThumpState.java,263,11606,290,2,0,0,1,3,0,0,20,5,22,21,4,6,0,d519e5dca1ff947afdec0329bfb05b5960b580e278223d57a5c0abc52edc65e4
zombie/randomizedWorld/randomizedVehicleStory/RandomizedVehicleStoryBase.java,419,16221,288,5,0,0,0,0,0,0,2,0,0,69,0,0,4,d8d11b0a181c949cdbaa8f2d3d84c7fe626027289017d9665dc354ea51501403
zombie/core/skinnedmodel/model/ModelInstance.java,727,31348,286,3,1,52,0,0,0,3,2,0,14,9,0,23,5,26106685cd0b6322e74b8c735e2e2d8a0d334ee6b2de42a5f65e5fc249156cec
zombie/iso/SpawnPoints.java,157,6331,286,0,0,0,0,0,38,1,2,31,8,1,0,0,3,9038626c3da01f0306498d0757b676983a647820a0f58aaf7ad2e94f09f00054
zombie/network/packets/PlayerPacket.java,129,4880,286,2,0,0,5,0,0,0,64,0,2,0,5,0,0,dacc9f0f364b2e688b774b924b5f1f92f75be14f0566e920640163cd817bc785
se/krka/kahlua/vm/KahluaUtil.java,348,11916,276,34,0,5,0,0,42,3,0,12,0,0,0,0,0,f0f4396a7ebc4e5f973ed5203f924aa95cc88a9ddf3ed4a13764c4db09c9ad58
zombie/characterTextures/CharacterSmartTexture.java,287,11560,276,6,0,87,0,0,0,0,0,0,3,0,0,0,0,406f96964d9325c21aebd169d95edce174034bf76511be79337273f55633d889
zombie/core/physics/WorldSimulation.java,287,12865,276,3,1,12,0,0,0,0,10,0,8,37,0,0,10,efeb9cc83fe6b17a537b34e15e399cd2755c73837485766ca799af1c430cb101
zombie/chat/ChatUtility.java,414,16444,275,18,0,13,0,0,0,0,45,6,9,2,0,0,3,2c931bf6baed93f8efc2170bc89a5abcd7f7d54dec7e80937d542d7bf05e5fe6
zombie/characters/HairOutfitDefinitions.java,279,12408,275,1,0,0,0,0,44,0,0,40,0,2,0,0,3,3b01d9d0af38c1aac09306be360468f60467c8934422df06db965257d551f96c
zombie/MapCollisionData.java,564,19138,274,20,0,2,0,0,0,38,6,14,0,32,0,0,2,ea69be9b2f7dedcd85358ff54ad62986a217907764edc6a5d989fea9ac094fa9
zombie/iso/IsoWater.java,309,11194,272,3,1,81,0,0,0,1,0,0,0,5,0,0,4,7af0437a60b9b1ee003a73b8777d3f6632ee078345ac4a173e6704702b1c83c6
zombie/iso/objects/IsoFireManager.java,488,19105,271,38,2,1,0,0,0,3,30,3,12,17,62,3,7,31a9615416f4ea9056adf46e4a300fc99e3fe2bfa071ddbcc1503c02a3a29f43
se/krka/kahlua/j2se/J2SEPlatform.java,80,2817,270,2,0,0,0,0,45,0,0,7,0,0,0,0,0,b9771cc04e2e1a1c9c5c3ec23324b8f972641fd9f62725e0c7efc1f83e40f68e
zombie/network/ReplayManager.java,218,9047,268,1,1,0,0,0,0,0,59,2,6,0,0,0,0,02ff93a9f73c7442e467fe0083a3055a38fa5b80c3ba1165f814ac10dbae008b
zombie/Lua/KahluaNumberConverter.java,163,6359,264,3,0,0,0,0,44,0,0,0,0,0,0,0,0,214ed27208c3c636c5d3b77afeec38468d45bf9ec8d4fa5d14040c69a17e909a
zombie/iso/TileOverlays.java,291,12499,263,0,0,7,0,0,33,0,3,37,0,7,0,8,4,e0aadf2f96a6831ea1ae3c05c485ae2a41f6675648e3cecfefbe185b00a6125f
zombie/core/znet/ServerBrowser.java,245,8156,263,32,0,0,0,0,16,2,40,2,0,0,0,0,1,e0d7c2dd8dd3548a58b10925e9a75938852b903c280e4af72adefae3cde6498b
zombie/vehicles/VehicleType.java,256,9673,262,8,0,0,0,0,43,0,0,40,0,0,0,0,4,4e6683f7e1f2b9ed8e4991a163f860b3199b1aaa531ee5ebb891829d0fac63d2
zombie/iso/objects/RainManager.java,380,14391,261,56,1,1,14,7,3,0,4,2,11,20,2,1,3,6799b5e566dbf3ee1f5df9047cd0aa72875acb58895225d3ed3ca9fdf539aebf
zombie/core/opengl/RenderSettings.java,333,12910,261,4,1,57,0,9,0,0,4,4,4,4,0,0,0,b9253a1babfcea9b174697927f96a2663ead74a3698495fa269ad505a38ee285
zombie/ui/UITextBox2.java,930,34967,259,1,1,38,0,15,11,5,0,0,0,0,0,0,2,553a7798d04f62450b92106558d6add434afd971301da5ac2e3f030ad11b0b6f
zombie/network/RequestDataManager.java,155,6408,258,3,0,0,0,0,0,0,64,0,0,0,0,0,2,18fc9d4d2afa5f024e4f406eb6591272e2105776e2d406dad4620e8b82388030
zombie/globalObjects/GlobalObjectLookup.java,239,8685,257,3,0,0,0,0,0,0,4,0,0,60,0,0,1,40be3c3a3435ff885df11db4dc8107b539b23ccea7697ee42f8b082436f567c8
zombie/iso/areas/isoregion/jobs/JobChunkUpdate.java,223,7583,253,0,0,0,0,0,0,8,9,3,0,48,0,0,1,42acb8c60f42636b5ffa7e07de791f20a6e84b37e1f3af9f4fb3dab8cdc0d2c3
zombie/ui/HUDButton.java,151,5050,253,0,1,77,0,0,0,0,5,0,0,0,0,0,0,2fb698100137d1dcfba237beb2b445ad29d7b1cdf50ba1c06cd35e065a6e9e13
zombie/network/TableNetworkUtils.java,161,5933,252,8,0,0,0,0,42,0,0,52,0,0,0,0,0,46d39ab5aaccb2edb6ba23565c3d8d410b237defb90eb05a5a7b46087b8dc093
zombie/network/packets/EventPacket.java,600,26988,251,1,0,0,0,0,0,0,45,5,11,4,0,7,0,92ec27217562155636688ce3b96bc51afc1d35f8e9612198709a8eff0812c472
zombie/iso/objects/ObjectRenderEffects.java,535,21120,251,16,2,75,1,0,0,0,4,4,0,0,0,0,2,844a09e198e47d470832fcaa25868bec8f565a6e1e8be548dee86bf0c04ebed3
zombie/iso/objects/IsoStove.java,459,17751,251,0,1,0,0,0,0,0,49,19,0,13,72,0,1,0390aa93a2bb95ccdd6791985e09ba556e34b2373d1f91c8606097509b1ae9fd
zombie/chat/ChatManager.java,598,24267,249,5,0,0,0,0,9,3,40,0,4,0,2,0,6,a9b5848fd6401896bcaff7042691c2daa3c3974e2ea19f86d826b3686da3760a
zombie/iso/sprite/IsoDirectionFrame.java,170,5261,249,0,0,83,0,0,0,0,0,0,0,0,0,0,0,d7d8631cddee80dd626902e0cda6d7548539df726b0512a0a9fe795053a3d015
zombie/audio/ObjectAmbientEmitters.java,672,27034,246,5,1,5,0,0,0,0,4,23,8,42,227,0,5,27e66af8c0015f69840318c60e4606a0fc9c426e325058d86b37133b20943c14
zombie/savefile/PlayerDB.java,606,22566,246,6,1,0,1,0,0,8,0,13,19,30,0,0,1,13faa2e27dd5c8f4f2aa1933e8a035789522795574d3258737fd49db24939db6
zombie/characters/EquippedTextureCreator.java,120,4203,245,1,0,81,0,0,0,0,0,0,0,0,1,0,2,bf966ac587cecdf8394e977ec48dfd80060ef3c43aa4a2e6f16813bffba9eaac
zombie/vehicles/VehiclePart.java,954,31279,244,1,0,2,0,12,19,1,7,35,7,2,0,9,2,82fadb01250799f83148c1019a50cf16b8e671d0e2983810e44e5d61956b07eb
zombie/ui/UI_BodyPart.java,125,6412,242,0,0,68,0,0,0,0,2,0,6,0,0,0,0,b169ff3a01c933772a0ff7b42d694df4d730522467a257bc95dc6e462b685812
zombie/iso/IsoPuddles.java,502,18194,241,5,1,71,0,0,0,1,2,0,0,2,0,0,7,3f331c055de31b6cc5872a1240c21cf79b27bfd61b61fc5dd787fd2c35d08ba2
zombie/characters/UnderwearDefinition.java,152,6884,241,2,0,0,0,0,39,0,0,35,1,0,0,0,2,f64ec23452e62dbe8ef38762591c970db957a3ea2c864eb81e606115faac75c9
zombie/vehicles/EditVehicleState.java,499,20252,240,2,0,9,0,0,21,28,0,5,0,0,0,4,3,f1c3852a7ff3afe2932ab5ca98d42eb452d8f9b188cd8b5bbfc8535231381894
se/krka/kahlua/converter/KahluaNumberConverter.java,141,5616,240,2,0,0,0,0,40,0,0,0,0,0,0,0,0,7beb4675b1db88ad8ed9cdc6b27f9b90a91d45f7e40dd91a1f560d1d927cd079
zombie/ai/states/WalkTowardState.java,235,10100,238,1,0,0,26,1,0,0,4,0,16,8,0,7,2,4a84cc15c8bcb6cdcf4faa7041e51991dc80d49494a700d8b45176e71e507e72
zombie/ai/states/AttackState.java,261,11923,237,1,0,0,0,6,0,0,13,0,32,0,0,7,1,6f4701d22e68e696f1a92654dc0c65fe53763f0c830d40af70fca7e974f58bae
zombie/ui/NewHealthPanel.java,178,8996,236,1,1,55,0,3,0,0,3,0,9,0,0,0,0,2befd0b9a9f5ce28fa8fdd13f289c02d0309dba4978f30c4ec3b8941b01d2e38
zombie/iso/ChunkSaveWorker.java,109,3621,236,1,1,0,0,0,0,4,2,4,0,53,0,0,2,9d4ffb4b70c8c9276295e0ea239121f92d29d2e1ed4e5c27af7712d20bfde44d
zombie/iso/objects/IsoFire.java,713,30453,234,4,1,10,0,3,6,0,11,12,2,25,2,79,0,742155febf3e5d2002d4276aa4010583c3f2733edc0c27bbfffa0c2b508d72f4
se/krka/kahlua/stdlib/OsLib.java,338,12473,234,16,0,0,0,0,39,0,0,8,0,0,0,0,0,b78823f4fa6872258810966e0ca07586e59994d5f54fbb594f10a0ee1d09b629
zombie/iso/weather/ThunderStorm.java,615,29102,233,9,1,23,0,0,3,0,17,2,15,0,60,6,1,b3f846f278a4f45e815c926e8557a6b941684567b7ea1ce38b944cc88b0697dc
zombie/iso/sprite/IsoCursor.java,160,6421,231,3,0,72,0,0,0,0,0,0,3,0,0,0,0,19c1b32c048ab89ba52c1b72e79ea87c68fee04d5b8ce3e70c933cb9a5da25a1
zombie/characters/NetworkZombieMind.java,100,4118,229,0,0,0,20,0,0,0,31,0,5,0,4,0,0,78f9e2b72a41d2079dbca7a706fd547c78b61961bf74311f551888afda45e1a1
zombie/core/skinnedmodel/model/HeightTerrain.java,335,14639,227,11,0,45,0,0,0,0,0,0,9,7,0,0,19,9171ff3437ece846641c688949099d84fe9f117e0af8ea47a2fd52c24a4792e2
zombie/network/GameServerWorkshopItems.java,367,14283,226,5,1,0,12,0,0,2,42,0,0,0,0,0,2,586d250ef27309fe166231c74b8bbb23d272a3a1f818fa56b00dc53cca2f3a87
zombie/ai/states/WalkTowardNetworkState.java,127,5788,223,2,0,0,31,1,0,0,2,0,11,8,0,2,0,50303bfaf9e76fe159f1f6e664837fa6d0ada9c2a412a66ee31a83d75d770924
zombie/ui/RadialProgressBar.java,199,10228,221,2,1,62,0,1,3,0,0,2,0,0,0,0,11,ce4d90cf290a49c9db47d1cdbb66b26e83af7262ae409eb7b7ea851c81fa0d89
zombie/network/packets/ValidatePacket.java,180,7060,220,1,0,0,0,0,0,0,55,0,0,0,0,0,0,3eae94cc2fdd58e9fb92d9804c87538629ec15e212e18c075e71144f42c439ec
zombie/core/textures/TextureCombinerCommand.java,181,5802,218,1,0,72,0,0,0,0,0,0,0,0,0,0,2,6105c9a87e8c7e350ec7392ddbe6326987fb3179036fdf0c539be8370eb3953e
zombie/ui/DialogButton.java,154,5918,218,0,0,48,0,2,9,4,0,0,0,0,0,0,0,6a2f82e5adf324d54bf682578d25512ba59cd19db39d7950db6951795ce280ec
zombie/network/packets/DeadCharacterPacket.java,311,11995,216,0,0,0,0,0,0,0,35,3,8,9,0,9,0,0685628d3bf8b65b5d347af7ee7f2ae62c4140b614b321c161717d0689081809
zombie/core/skinnedmodel/model/CharacterMask.java,330,10948,214,6,0,1,0,52,0,0,0,0,0,0,0,0,3,7b60fe596e1372298b80f2732d16b34ec3d66d22962fdb513fef64642cb4dba4
zombie/fileSystem/FileSystemImpl.java,354,11427,213,0,0,30,4,0,0,33,0,0,0,0,0,0,8,6d7332c6184d2307d27323f64de5d9b7f6b9975808e1b4f593e4e0b2cbc585a7
zombie/network/packets/hit/Player.java,197,7651,211,0,0,0,0,0,0,0,41,0,9,0,0,1,2,2af30ed4ecf146ba43d12f7a577a13231f2d0f3f9188b664f9c31f00df7990bd
zombie/iso/sprite/shapers/FloorShaperDeDiamond.java,95,4518,209,2,0,67,0,0,0,0,0,0,0,2,0,0,0,61468917a1df14739553cf40e8ced66efa2a55d126ded5b572c1cfd3b38936c7
zombie/ui/UIDebugConsole.java,445,17463,208,5,1,5,0,10,19,7,0,0,2,0,0,0,6,022417ad60451469e53619c4c97052000814810a0d278498e460e76b4b8f81c1
zombie/globalObjects/CGlobalObjectSystem.java,84,3496,208,0,0,0,0,0,27,4,6,28,2,0,0,0,0,34fc966363468ab8572894d5264e2ee15985461e6a8efa71c39e677d01dc3c22
zombie/iso/areas/IsoBuilding.java,540,19476,207,7,1,7,0,0,0,0,0,6,10,31,0,0,10,d3e3a3fcc2979786c8edf4ac1c9749df3efc1d2a74faec3bfbb4f35e1373535e
zombie/core/textures/PNGDecoder.java,932,32474,206,2,0,2,0,0,0,0,0,0,0,50,0,0,0,00e1e6f9ef8e36bd801fa21118f46a7720c981bed1674e9d0b1bf33ee31c4393
zombie/core/stash/Stash.java,122,4939,206,0,0,0,0,0,34,0,0,32,0,0,0,0,2,8f391f4656656e67f9d0a51e8600d2d5b49c4ebc02ec2ce584e31fab3ef0bd12
zombie/ui/RadarPanel.java,281,11996,205,1,1,43,0,1,0,1,2,0,9,3,0,0,2,7258a5a4c4033cef522262ad81213efa6354183890d9d2193439a00415eb98e2
zombie/iso/BentFences.java,199,8155,205,1,0,0,2,0,27,0,0,34,0,7,0,0,7,65fcecd6065f2b68dfbf7d4326ffaa9f4e756b37b4d4ecb2263163ef59f18c04
zombie/radio/RadioDebugConsole.java,189,9393,205,1,1,66,0,1,0,0,0,0,0,0,0,0,1,b0c250208b1ae2091cc063a182004d3325f53cff53aa2f2b8c48b2015339c72a
zombie/commands/serverCommands/TeleportCommand.java,126,5421,205,0,0,0,0,0,0,3,44,0,4,0,0,0,0,b2acf18577c478b02d3784e9c03e0e499c152e09ab44804f47237f5d5997e8fd
se/krka/kahlua/threading/VerifiedSingleKahluaThread.java,193,4149,204,0,0,0,0,0,15,38,0,6,0,0,0,0,0,1bfa2a2c4785b82d2ec5981b48b9a035ae1a40043e41aec00400423646abb9e2
zombie/iso/BuildingDef.java,421,12905,203,0,0,0,0,0,6,0,3,3,0,37,0,0,7,fcf87c590ca2fac011df04d08ff29b79837b963dac9cf346e3c3d5ae1b11bdf2
zombie/core/textures/MultiTextureFBO2.java,316,11672,203,0,1,40,0,0,0,1,2,0,11,2,0,0,7,b80069ec9f32cb1cf1ef07f9160819209d97731bcd46e1b2fd3c1f0615ad09f1
zombie/network/ServerLOS.java,405,12575,202,4,0,1,0,10,0,27,0,0,11,5,0,0,3,43420f80a617ea24c4c11aa8bbb62cf38321da9b8e0d208db6797843da58a5bb
zombie/iso/sprite/shapers/DiamondShaper.java,51,2056,202,0,0,66,0,0,0,0,0,0,0,1,0,0,0,e43e106c8f9344763cf6aee574e86cef277464a3af4d65eb0225b4db6640cdd6
zombie/network/packets/vehicle/Physics.java,161,6793,201,0,0,0,0,0,0,0,46,0,0,4,0,0,1,42a66c224f54821259b4f295cd53f74801fbe359b958b7de097f1fb5637579c0
org/lwjglx/util/glu/tessellation/Render.java,353,12990,199,16,0,65,1,0,0,0,0,0,0,0,0,0,0,46de7217eb0562713aeccc16c850457fed87a5ce2a7dfe7207c40ddf016999d1
se/krka/kahlua/integration/LuaCaller.java,119,4522,199,0,0,0,0,0,33,0,0,0,0,0,0,0,1,692e04790778db1fed732a22272bd4147f104d5d254bce8d23b94204b7deadac
zombie/iso/sprite/SkyBox.java,307,14097,198,2,1,63,0,0,0,1,0,2,0,0,0,0,4,42dba917e82f69216160d62b94128904c42f2043e7999bc64722ce02411e33ab
zombie/core/skinnedmodel/visual/ItemVisual.java,880,29115,195,3,0,65,0,0,0,0,0,2,0,0,0,0,0,eba1b2cba4ff8725cc24b57d0792ae20a7e449c4fe30069683b66bce902c3033
zombie/commands/serverCommands/AddItemCommand.java,110,4600,194,0,0,0,0,0,0,2,42,0,4,0,0,0,0,3e719246e0a1a9c8eee74abf2611b7d0fe6c4787d246e0266180c4155ab81e81
zombie/iso/sprite/shapers/FloorShaper.java,73,3034,193,0,0,61,0,0,0,0,0,0,0,2,0,0,2,998175b9fe43d4aabec15198ea181e01cf9a1007e264a297934ac8d8d036cb30
zombie/popman/DebugCommands.java,55,2322,192,1,0,0,0,0,0,0,48,0,0,0,0,0,0,586d3c9ba7d673c57caa5d4591605b83faa7278a6cadf1b516d4d1027ea4d969
zombie/worldMap/styles/WorldMapStyleLayer.java,187,7246,191,5,0,61,2,0,0,0,0,0,0,0,0,0,0,cfa8c9a0670690404909a73e6460f1d4c8d1612ad6588ba76f597f6a11a7d57e
zombie/worldMap/symbols/WorldMapSymbols.java,296,12735,189,1,0,49,1,5,0,0,4,5,0,0,0,0,2,6f93d0e147cdb87f70806f295bedc462f3048b27a461414be01d360aa23994ea
zombie/ai/sadisticAIDirector/SleepingEvent.java,501,21673,188,1,1,0,1,3,0,0,5,3,21,11,8,0,1,2e924a1e19e7a4353b80880aa47e34888a511febf8a2365fc9d81a4c5ab3cd9f
zombie/core/textures/Mask.java,283,9714,186,0,0,62,0,0,0,0,0,1,0,0,0,0,0,0372504808e413f0ca6bb224a05f10724ab50951c3b59e6d3485199eef139646
zombie/core/stash/StashSystem.java,500,21993,185,20,0,1,0,0,19,0,6,19,0,9,0,0,8,a77051d64dc43f45eb8d5e861752cbe3c6b25541f1c4f85478f7ac83372cdd62
de/jarnbjo/vorbis/VorbisStream.java,191,7411,185,0,0,0,0,0,0,3,44,0,0,0,0,0,0,543cd0ed9015a123ea0288b595e9ad8387990e2e1db4a05f22f7dc93ad2ad66b
zombie/commands/serverCommands/TeleportToCommand.java,134,5328,185,0,0,0,0,0,0,3,41,0,2,0,0,0,2,9a6d4daf7489af87cfebd4d1ed34d904462c47ae195e799dcc77d30be74c3879
zombie/vehicles/PathFindState2.java,84,3425,185,0,0,0,20,0,0,0,2,0,13,8,0,6,0,3f386adba672389a001f59be44afa6e2b05dff1d4ec0a984e79e30987304c0ed
zombie/ReanimatedPlayers.java,214,8413,184,2,0,0,1,0,0,2,9,6,12,19,0,23,2,1ba4c6b3f13c256bca9cc31b35f7940d312192aac077c3fa5141af285019aecd
zombie/network/packets/StartFire.java,126,5476,184,0,0,0,0,0,0,0,41,0,0,5,0,0,0,c8fe319ddf4b6d0c9f7fd75efc4ee1fc76b6f075c305fd1970bf7299a9f2492e
zombie/ui/ObjectTooltip.java,528,17274,183,9,1,48,0,4,0,0,0,3,4,0,0,0,1,62b8be2bb68ab7b942efce50fc6a1d8ddd37a3d0cd3979a84188a2a6134ce015
zombie/worldMap/UIWorldMapV1.java,385,12559,183,0,0,61,0,0,0,0,0,0,0,0,0,0,0,b40422e15eae1d974ee0a491bb7559f2f3d00f255bb254948c6a27c9e63f580d
zombie/vehicles/CollideWithObstacles.java,1460,67180,180,18,0,13,1,12,0,0,2,9,2,15,0,0,11,b9f634c594d09a200508eca57db39a1196976f8be9907849d8d3b6b386055ccd
zombie/iso/objects/IsoTrap.java,503,18167,176,2,1,22,0,0,3,0,8,9,2,12,90,3,0,00bbe37b3c226b3835c300b410809bdd33c663f3dddc5a644617a4bab0cb6533
zombie/Lua/Event.java,125,4318,175,0,0,0,0,0,28,2,0,4,0,0,0,0,1,a03910c52d7c743cb83b5c7ccdbc8b9643b7642bf6136ac2968dc10a3033055a
zombie/network/packets/hit/MovingObject.java,164,5515,174,0,0,0,0,0,0,0,24,0,10,7,0,0,0,4767fa5782991d87d037278b9237a3ec48e504675b0a0297f9aa4fc5dfccfcb9
zombie/network/CoopMaster.java,563,21233,173,1,1,0,5,0,13,12,9,3,0,0,0,0,1,3a763b4bf1c5421eed4a4b278a19742d5e5296a958c82fc64acd2d18b8f4841f
zombie/ai/GameCharacterAIBrain.java,226,7891,173,2,1,1,1,5,0,3,0,0,25,0,0,1,10,f9adcfd784cace9aafc7c1b13dee8645b47d9d5be4ee498a17702367afa87afa
zombie/iso/IsoRoomLight.java,211,9363,173,2,0,4,0,8,0,0,0,0,5,26,0,0,0,9cd52bb668bed1dfc936126aa96d23a81c397126254705ccae68695d30eeb4bf
zombie/input/GameKeyboard.java,145,5255,173,14,1,3,0,0,22,10,0,0,0,0,0,0,0,60136606d82cf4982ebd3a53dc243d28d57d8d08004919d1f45f9f51121d9331
zombie/network/packets/hit/ZombieHitPlayerPacket.java,101,3166,173,0,0,0,0,0,0,0,37,0,5,0,0,0,0,75e2c2f128cdcc595dd93a764add063fced2e60862122fd77ae49a1717cd2289
zombie/ui/NewWindow.java,247,8436,172,0,1,50,0,5,0,0,0,0,0,0,0,0,0,3da1c84ecb5436d0a53b3bddd45769a25d7e8d395a49e88e2c27767875a11a2f
zombie/globalObjects/CGlobalObjects.java,137,5386,172,10,0,0,0,0,27,0,2,23,0,0,0,0,2,62b6a761afaff0e7ddc290faff145f9f0d8e6889f7c9bfed9db73408a88e2b2b
zombie/iso/Helicopter.java,329,14139,171,7,1,0,0,3,0,0,18,0,15,2,53,0,2,92f52b425ace26c7b8c73aca5b03b05b3f885711e51c7a39f9d96a927e1dccd1
zombie/Lua/LuaHookManager.java,179,5625,171,18,0,0,0,0,27,0,0,4,0,0,0,0,9,77964dd70cab6cb980075c331dbc4c2bc0133544771fa842a85011a1c8fc8e23
zombie/core/bucket/Bucket.java,74,2086,171,0,0,38,14,0,0,0,0,0,0,0,0,0,1,16ffa27a1911e80415a14e4d2a0c48f77be5056658d8b1d1c8f41893c404f411
com/jcraft/jogg/StreamState.java,389,12272,170,0,0,0,0,0,0,0,42,0,0,0,0,0,2,9854a059308e67890736fc941e152cd6020ea5b241df043ea333e28a7d8e979d
zombie/ui/GenericButton.java,120,4092,170,0,0,32,0,2,9,4,0,0,0,0,0,0,0,ed4dfb2e9409f02a4fafc518f5a434165d28187779dcc8cf7b025ef7e4d1d94b
zombie/iso/IsoCamera.java,287,8387,169,43,1,0,0,0,0,0,4,0,29,1,0,0,2,bc18781c467c0ae1ec6fcd781bdf754d1cfddea1d135a3c8017dc2a043f89593
zombie/iso/areas/isoregion/jobs/RegionJobManager.java,90,3600,168,6,0,0,0,0,0,12,19,0,0,14,0,0,0,56ed563b89237f8c70ec7ec8dec8bb3abe8b671455687764a302ea32c78b0a28
zombie/network/packets/hit/VehicleHitPlayerPacket.java,101,3671,167,0,0,0,0,0,0,0,38,0,3,0,0,0,0,a5ea6f124ddf998e3580198cd218eab29197ce4f1b671207033e4c6ae09bf441
zombie/iso/WorldReuserThread.java,131,4807,166,0,0,0,0,0,0,13,0,6,0,31,0,0,3,2c2b37e95c96c70d3ae82d189c324e030cb9497f2b3df87504983e4ab30db039
zombie/iso/WaterShader.java,103,4694,165,0,0,55,0,0,0,0,0,0,0,0,0,0,0,aa1f29025e987248959ed8bb7724e2ce684c39fba169336bda360be92b78f965
zombie/ui/ScrollBar.java,217,9415,163,0,1,51,0,2,0,0,0,0,0,0,0,0,0,bbc0a0c14ec2e30bcd0312347d4d5fe369af3658beb11204ae9cba786b35b00b
zombie/network/ItemTransactionManager.java,127,5445,163,8,1,0,0,0,0,0,40,0,0,0,0,0,1,5da0afd93c61dcf1711da63886cf676db78331f68b984aac67cafae63ad76f65
se/krka/kahlua/stdlib/CoroutineLib.java,145,5214,162,3,0,0,0,0,27,0,0,4,0,0,0,0,0,3f15c3e40348c271e75f8d03989da909fc615192f9bf863c4cf89d7cc7a8836c
se/krka/kahlua/luaj/compiler/LuaCompiler.java,110,4479,162,9,0,0,0,0,27,0,0,7,0,0,0,0,0,522e8b21b031d4e39fd95e9ccc3e2d2575886a144a3068175b145478e62bc38f
zombie/core/skinnedmodel/visual/HumanVisual.java,1090,40702,161,3,0,49,0,1,0,0,0,4,0,2,0,0,2,cc2501ebbb58d6c053d118ec910afdbbfbf6dbd463846459a40b30a9b23ad169
zombie/iso/objects/IsoWaveSignal.java,401,14085,161,2,1,4,0,0,3,0,10,8,12,7,3,0,1,3d352ee90b2c6122e4fd3d03b2f1607da8e7e74f5413c8beab5fd37b9fa7b003
zombie/ui/TextManager.java,331,13505,160,1,0,43,4,0,0,0,3,0,0,0,0,0,3,cd12810d9a49576843301bbe38760cf11e9ed9816d42912df2c8d864ca852f8e
zombie/iso/IsoLightSource.java,328,9945,160,1,1,7,0,4,0,0,0,0,8,20,0,0,1,d9503bd5a4e07c432927db9934e61ca33ab0751b64b1be5f7504d6ce49e8d7b6
zombie/core/znet/SteamWorkshopItem.java,682,23035,158,3,0,4,31,0,3,0,0,2,0,0,0,0,4,2b4dc98d6031e7d60db08ef37132d14a3757f2f75159aa4213dfd8f8271c1e21
zombie/iso/IsoMetaCell.java,212,7572,158,0,0,0,0,0,5,0,0,0,0,31,0,0,4,886389657e1c592ee73f2eac98326dcc8c06dd44e3660940ef6c75a04fe57462
zombie/SoundManager.java,986,37650,157,2,3,0,0,5,0,0,11,3,6,13,504,0,5,6c4c86fbde15f1a35cf55d135629aac8f7566678fa653b2d881f3b3662ef5afc
se/krka/kahlua/vm/Coroutine.java,370,11660,156,1,0,0,0,0,20,11,0,3,0,0,0,0,3,6abc134034151ca0e6d1be710a09077a7b28613dba17f18881f7d63204e25e95
zombie/network/packets/hit/VehicleHitZombiePacket.java,99,3495,156,0,0,0,0,0,0,0,34,0,4,0,0,0,0,28ab92b14b74e97d11c2dd70d911d088753727ac1af55abbe41d7907b08f9ab3
zombie/ai/ZombieGroupManager.java,307,14037,154,0,1,0,5,2,0,0,7,0,8,13,3,0,4,fcf77805869a20a49a38acc44e5709931751b4f242edcbb83194ae029ca018d6
zombie/network/packets/ZombiePacket.java,138,5306,154,0,0,0,0,0,0,0,36,0,2,0,0,5,0,2e75252243bc2374ca223f193876f2fd2fb61b867206d80ec3a6924e1729f213
zombie/gameStates/TISLogoState.java,217,8035,153,0,0,51,0,0,0,0,0,0,0,0,7,3,0,5ab27f34b97601a9aa768c185e03bd578301cbdbe99e4d6bdbeca1583545199e
zombie/chat/NineGridTexture.java,48,2307,153,0,0,51,0,0,0,0,0,0,0,0,0,0,0,5c34b14ca08b43f7f5bfc6ceaa701365105d442b6db14120512ca03a36adba6f
zombie/ai/states/ZombieEatBodyState.java,109,4228,152,1,0,0,0,0,0,0,12,0,20,1,1,2,0,cfd023ff90e41d053fa45ea82578a03f6b5a867aa83fbd6ba13412756e1dcac6
zombie/iso/weather/WeatherPeriod.java,1479,61898,151,7,1,0,0,0,13,0,15,10,0,2,0,0,3,3dbd6d2277773d45490ab11c08e7d90fb70e4cb1fabc3e313cf1bf76d5a91342
zombie/network/packets/SyncSafehousePacket.java,150,6129,151,0,0,0,0,0,0,0,37,0,0,0,0,0,3,99d82f803c129f27a27617d82e05601d7c00db0efdf0e87918118aa0335968c1
zombie/network/packets/hit/PlayerHitPlayerPacket.java,99,3412,151,0,0,0,0,0,0,0,34,0,3,0,0,0,0,56904aa697bbe2641080d2b1493bf2c5a5e9d0fef52ea7ffe1edff8415743bdc
zombie/inventory/types/Clothing.java,1156,43394,150,7,1,4,0,0,3,0,7,9,16,2,0,0,2,2e36e69362f82ff89c5dc1bc9030ac7fabb3de7dc65ce36ef90eaab41729e26f
zombie/network/packets/Stitch.java,147,5848,150,0,0,0,0,0,0,0,30,0,6,0,0,0,0,9388dd30fa4304f9e70b3d09557ce383b26659cf95e05a0e1fedcf2bae2b49bd
zombie/ai/states/ClimbOverWallState.java,302,11769,149,1,0,0,0,0,0,0,0,13,21,11,8,10,0,ed3f10179fdfacae7a460cf8874638a6a2d24af043616319d7db977cfb20da44
zombie/ui/UINineGrid.java,136,4831,149,0,1,49,0,0,0,0,0,0,0,0,0,0,0,b129165c9001a5ca58a25db40bb993374f41607ac0d23e71633f3d6e904ed401
zombie/ui/UIDialoguePanel.java,81,4005,149,0,1,49,0,0,0,0,0,0,0,0,0,0,0,6e1949cf74961d3a0258997e9cd4a24cd4f3773d75667dc606e86104f4c11ebd
zombie/SharedDescriptors.java,232,9320,148,8,0,0,0,0,0,0,28,7,7,0,0,4,1,009ff36481fd7f10244265747c54258862615b6b5495bcd9f297ab7a7f62fad9
zombie/core/skinnedmodel/population/DefaultClothing.java,118,3950,148,0,0,12,0,0,18,0,0,14,0,0,0,0,4,2d882347416ae2a738d6cdb3388b45da3330265a72ec04e0ab95a4ade9d4a3cf
zombie/iso/areas/isoregion/regions/IsoRegionManager.java,82,2953,148,0,0,0,0,0,0,0,0,0,0,37,0,0,0,3c20c6fd5ec9e9c8f78cda77e67d63f6ceaa076a37b5109370f67c71271e86a0
zombie/core/skinnedmodel/model/VertexBufferObject.java,457,19791,146,4,0,48,0,0,0,0,0,0,0,0,0,0,2,291a2a1974e3a4d0b2c226bf5a879caa0e35572952e13f33aba768af2cd47843
zombie/iso/IsoRoofFixer.java,450,18403,146,31,0,0,0,1,0,0,0,13,0,35,0,0,2,50c4592a23a72bbac1c641cba6292b9ea63d58314541b3432cf0f706a06cdb7a
zombie/iso/weather/WorldFlares.java,365,16530,146,16,2,38,0,0,0,0,0,0,5,0,0,0,3,3ed734ab08f95dae418c7fe9988416b98345dfd134154e49ba23abd056bf4791
zombie/inventory/types/Radio.java,239,7243,144,0,1,2,0,0,5,0,9,6,10,5,4,0,0,bb8e0b00267877b28972f7a71234a4a1d304f40b3bb04bb1954ed94e0aadb115
zombie/network/packets/hit/PlayerHitZombiePacket.java,100,3225,144,0,0,0,0,0,0,0,31,0,4,0,0,0,0,c6563eda3b6f5ccb573a81af65f6b78f0c0ba27bf556c07a4268014cf133a872
zombie/characters/CharacterTimedActions/LuaTimedAction.java,110,3806,142,1,1,0,0,0,19,5,0,3,2,0,0,0,1,b05f760a4fd234540d79b95cf349fbce2b5ab456c1e37cf91a7a4ecdceacc199
zombie/ui/UI3DModel.java,173,5711,140,0,0,36,0,1,3,0,0,2,2,0,0,38,0,2a0749a95bdeefd273a88eeeb26a281a430132dcec71f8c20595b17d365e83b2
zombie/vehicles/CircleLineIntersect.java,1244,66009,139,16,0,5,0,0,0,0,0,0,3,25,0,0,9,6eb9fc9244e9c6f9b726999e69236e232325844fc1ffada3bff4b4f97c6d2eab
zombie/core/skinnedmodel/model/ModelInstanceRenderData.java,240,10642,139,4,0,46,0,0,0,0,0,0,0,0,1,13,1,e3f1d821cdb77b19477df69aa1930adaeeea5b683070b15b0c0056e536d3a3c2
zombie/scripting/ScriptManager.java,875,33838,138,5,1,0,13,0,0,1,10,2,0,5,22,16,21,a195e6bcb572ed164b5434f75a683961d376730800792d232ccaa48a8502d841
zombie/worldMap/symbols/WorldMapSymbolsV1.java,247,9005,138,4,0,36,0,4,2,0,0,0,0,0,0,0,2,62d6f2284330fd61f5217482aab520d9bc3d53e7946eab0b7af160e18c1c85ec
zombie/network/packets/AddXp.java,93,3844,138,0,0,0,0,0,0,0,32,0,2,0,0,0,0,28a7b244d15189cab1f71301a2c6bb9374c9c3c589fa825fde35b5bc5ea85146
zombie/iso/IsoObjectPicker.java,677,29739,137,0,0,11,0,0,0,0,0,51,15,6,0,4,5,cf9bc13f548e19da3662556dbd67adf26f8b0653ac88f5921ee71c1941b21af7
zombie/globalObjects/SGlobalObjects.java,179,6597,137,14,1,0,0,0,13,2,8,17,2,2,0,0,1,4f415ecfb296826974755af90d20c60be9ea1c03c99424729c01d19bec5f0ed3
zombie/audio/parameters/ParameterZoneWaterSide.java,80,2995,137,0,0,0,0,0,0,0,0,0,9,23,2,0,0,da165c94c0cab0518524b3dcda16c4c8f5d3eb9bf0d2b69057cec8cf0ff394a9
zombie/network/MPStatisticClient.java,166,5960,135,2,1,3,0,0,0,2,23,0,5,0,0,0,1,27a000de4560ec6a4e936489cb8b777a15b90e16c9811fcd36d0c5ad8830fa86
zombie/network/packets/SafetyPacket.java,109,3443,135,0,0,0,0,0,0,0,28,2,3,2,0,0,0,b3bdb18a250ffa1bf0dc564828c2c900164d6c3f3feb8c74061486313fa7276a
zombie/worldMap/VBOLinesUV.java,308,10737,134,0,0,44,0,0,0,0,0,0,0,0,0,0,2,bab64824ee9f651ffee28072bf7ad877ef58ccff291c483be227a49ecca47332
zombie/network/packets/ActionPacket.java,172,6984,134,0,0,0,0,0,0,0,27,0,5,0,0,5,1,703e4e02b1abd8317c96bdf33ce1e105682f02a17e3e95352edf77d1107f934b
zombie/network/packets/Disinfect.java,103,4465,134,0,0,0,0,0,0,0,26,0,6,0,0,0,0,7450c19658df3e8e6db8fc2449d7356ef2c50475bc9e0d2faff21241c27b672d
zombie/core/sprite/SpriteRendererStates.java,70,2099,133,0,0,43,1,0,0,0,0,0,0,0,0,0,0,50c7f521859584fa7220042721f8deab50572ee72c6d0239a11c791248c5f5d2
zombie/characters/SurvivorDesc.java,633,17500,132,6,0,1,0,0,14,2,0,8,4,3,0,0,7,bf8515760d961dab77504453877bc8ba58d38634a9d6809e2cf091fcd889eac5
zombie/iso/objects/IsoFireplace.java,409,15533,132,1,1,8,0,0,3,0,6,9,0,16,19,23,0,482b9ce58b4912f1261f94ea0ea8644552d0f16947afdfd05c4a408cfdd84366
zombie/network/packets/hit/VehicleHit.java,93,3454,130,0,0,0,0,0,0,0,20,0,10,0,0,1,0,dd67024679ec5f23bbeb9685d2f5c517efc31ee7138b04ae4a5a8657f86a8dce
zombie/core/skinnedmodel/HelperFunctions.java,545,24284,128,32,0,16,0,0,0,21,0,1,0,0,0,0,17,1766a256963ed70a663c961dfd31a3f2474bf5db10c21722d585e42f32b4ebad
zombie/iso/objects/IsoTelevision.java,280,10246,128,1,1,2,0,18,0,0,0,4,2,9,0,0,2,79bb665cd35fe5dd798a729501cbae783238d45368edebe7d34c914309ff6d53
zombie/core/skinnedmodel/model/ModelSlotDebugRenderData.java,230,9697,128,1,0,38,0,0,0,0,0,1,0,3,0,23,2,0fa5e9e5ab86ff17502978e2e740a8286762401211a2c773e3601be78ab0dccd
zombie/vehicles/test_IsQuadranglesAreTransposed.java,108,6526,128,0,0,0,0,0,0,0,0,0,0,0,0,0,128,15fa88d18cfaf491b302e7f66354e69ac800ce3b2f8045f39453cf3de5805348
zombie/network/packets/hit/HitCharacterPacket.java,98,3041,128,2,0,0,0,0,0,0,32,0,0,0,0,0,0,65366c798750067eab972996fdec378e56b52a6e81ccb89d5d217548fa8025fe
zombie/scripting/ScriptParser.java,283,8981,127,7,0,0,0,0,0,41,0,0,0,0,0,0,4,1d46186256ade962cf323851bfc45ea6f01b5de22955e5f036a24179883e478b
zombie/core/skinnedmodel/model/VehicleModelInstance.java,72,3012,127,0,0,34,0,0,0,4,0,0,0,0,0,0,13,a4dc22d38e8bc4f66a372eca69d6d17dd1d03d69b6cb4a3df49c3a1f1d06ae0b
se/krka/kahlua/profiler/Sampler.java,65,2435,127,0,0,0,0,0,17,8,0,0,0,0,0,0,1,147332841b4679a27f0a1db5b3a320c0d08059fb0a22c927f2251bd56db794a2
org/luaj/kahluafork/compiler/LexState.java,1650,50513,126,6,0,0,0,0,5,22,0,6,0,7,0,0,2,ff70d53951ebd5395e20a0d78260fbe38bb3c4b598266d40159fa6961cb9acde
zombie/popman/LoadedAreas.java,167,5766,126,0,0,0,0,0,0,0,10,0,3,17,0,0,3,b944d3cfdab1f8a6d91b83be7573d55587a603d39aaa4b18f55b33994817c7e7
zombie/iso/WorldObjectsSyncRequests.java,97,3777,126,0,0,0,0,0,0,3,24,0,0,5,0,0,1,f191bcc2d3b498b264490b0cde8708af5aa1f9ebd63bf90e730efba90cd02a59
zombie/network/packets/RemoveGlass.java,94,3898,126,0,0,0,0,0,0,0,24,0,6,0,0,0,0,7173b66eaf899b3fa84d65b458582bf304ea6b87e8d392a853cb0994d51b1ec7
zombie/commands/serverCommands/AddXPCommand.java,93,3942,126,0,0,0,0,0,0,1,27,0,3,0,0,0,0,5d2aa7b50c3d7fd9317ed19cc4d99ccf6e23a46c8f7ba12424e0987fe121c5d7
zombie/chat/ChatTab.java,70,2139,125,0,0,0,0,0,0,0,31,0,0,0,0,0,1,6fca8837abafefb9b2fbb55db11e362b9f71eabd58f74d4144495c3d34af801d
zombie/input/JoypadManager.java,953,38418,123,0,0,4,5,0,11,2,0,0,3,0,0,0,4,741b4178aeed9c03a9d1372801b93a2cd4bc572add8532e9120847cd511ae3f3
zombie/core/backup/ZipBackup.java,342,13403,122,15,0,0,23,0,0,2,4,0,0,2,2,0,0,b6dc5b72ce36cfa7b94397b9339bb394f7a50d9c5f3caed67da116ab97ab52dc
zombie/core/physics/Bullet.java,209,7540,122,47,0,1,0,0,0,0,3,0,3,23,0,0,0,9dd8e980092b2ed326472578e42b4d6b7c477eb5bcbf6a921a390dc4c60183b8
zombie/iso/IsoObjectSyncRequests.java,118,4739,122,0,0,0,0,0,0,3,26,10,0,2,0,0,1,e8507a299a068dd352720b12df2a419dd81cc2b51694258698ee1ca5ccad8cb2
zombie/core/skinnedmodel/CharacterTextures.java,117,4234,122,0,0,40,0,0,0,0,0,0,0,0,0,27,2,53306e26f193b7b2769ea50138e11e03e91bc94ba7d2a486ac1094bc53c8243b
zombie/network/packets/RemoveBullet.java,85,3485,122,0,0,0,0,0,0,0,23,0,6,0,0,0,0,de972c91c945d781cc440072ff91d826655c60d256f189aed1bfbc955c99aec5
zombie/vehicles/AttackVehicleState.java,234,10616,121,1,0,0,2,0,0,0,8,0,16,0,24,7,1,cfa0cfcf9ac57aee8bf2952083e28876f6638d718785151bab0e6b5bbbdafb2c
zombie/characters/MPDebugAI.java,149,6343,121,3,0,1,10,0,0,0,5,0,11,0,0,2,3,9ba6bb807bf8a0ae076826b435b0709cf27c645a129c92c673b9e3d5e1aebdae
zombie/characters/BodyDamage/Fitness.java,445,16222,120,0,1,0,0,0,14,0,0,13,5,0,0,0,9,81ee1ec4e4c6d5f235a6ab784e1a34d1b5431393f92365e3d7032993710b4ddc
zombie/DebugFileWatcher.java,157,6633,120,0,1,0,28,0,0,0,0,0,0,0,0,0,6,dc2019ec4de2546c965432aadb2afc43f134cb34528f5069f419a4ef5c434237
zombie/core/textures/TextureIDAssetManager.java,76,3077,120,0,0,31,6,0,0,1,0,0,0,0,0,0,0,32a3cb4b44f8981a7560bb8ce706120f7cbbee6ed3973d05dcb3c3a1831180cc
zombie/core/textures/PNGSize.java,144,4533,119,0,0,1,0,0,0,0,0,0,0,29,0,0,0,842fcc962cf6fcb434021319af73d53711f150627251677f7179c4cb8816d98f
se/krka/kahlua/test/UserdataArray.java,108,3854,119,2,0,0,0,0,19,1,0,4,0,0,0,0,2,bb70aff9e1009b52c8adc406e7ecc99bc580f0a322327835825eae3760aecff5
zombie/network/packets/CleanBurn.java,91,3753,119,0,0,0,0,0,0,0,26,0,3,0,0,0,0,0cdb6bf3e05a73df90d1b1a1d6af29c0ce70f85a2dac18ccbde6258a97f42fff
zombie/worldMap/styles/WorldMapTextureStyleLayer.java,64,2428,119,0,0,39,0,0,0,0,0,0,0,0,0,0,2,af72214f2df3ed0104ea432c9e26747274683f37e24d6e0b64d1c59a735eaf67
zombie/characters/HitReactionNetworkAI.java,271,11398,118,2,0,0,3,2,0,0,2,0,15,2,0,5,7,f6e31c9137b0be6cb68b5d4365a442769664150f3cf20caee81d51b1fb727559
zombie/ai/states/AttackNetworkState.java,136,5417,118,1,0,0,0,0,0,0,2,0,22,0,6,12,0,e68da3c382bc2ec9cca660519657c160b94c0c25804fd61543bafdd7823afb4b
zombie/ai/states/ZombieIdleState.java,106,3908,118,1,0,0,2,0,0,0,0,0,22,0,2,6,0,1788251331189db7116226605ad578356af0c85b9fde52545ce6e440d21aa5d0
zombie/network/packets/DeadPlayerPacket.java,74,2674,118,0,0,0,0,0,0,0,22,0,6,0,0,0,0,c95fbdf80edb21c18dff8f637f6d3d0eab11f2e7357c64163220c851c6200851
zombie/core/Collections/ConcurrentAutoTable.java,281,8871,117,2,0,0,0,0,0,39,0,0,0,0,0,0,0,a68485c9b592c5ce22197ae32f89a14e73c1da96cbf723d49f7be747e2739c0b
zombie/core/physics/PhysicsDebugRenderer.java,185,7286,117,1,0,30,0,0,0,0,0,0,2,4,0,0,1,6edfd468ea07269f4258f4dc1277e1cd20ac1cf8a82e0a51217a09fcba534eea
zombie/commands/serverCommands/SetAccessLevelCommand.java,104,4432,117,1,0,0,0,2,0,1,24,0,2,0,0,0,0,f29c1259e7474914c62df77d01c178736bf121f80a13b409ebdaa819a949052c
zombie/characters/SafetySystemManager.java,202,8371,115,9,1,0,0,0,0,0,12,0,13,0,0,0,0,25a2b6ddc4ff057909701801d1baa5af0f699bb4bb603ee501640f715917baa4
zombie/gameStates/AttachmentEditorState.java,337,12785,114,2,0,9,0,0,9,10,0,3,0,0,0,3,3,0002f4887704239e5ea45c1c7e5c17131623a81300c8e8d9a7b4e6b3eb70fe14
zombie/ai/states/ZombieHitReactionState.java,156,6319,114,1,0,0,0,0,0,0,0,0,22,1,4,25,0,5f1b4ce7cd911e28d6e6c7b8a69c8ae6a48001b398ea588d2a2a62231f37bc76
zombie/iso/objects/BSFurnace.java,290,10559,113,0,1,0,0,0,0,0,9,7,7,10,5,0,0,aaf42f1c7f6ca77af13b33f6f73cd5bed07370184ac0839169889c74d4a099d8
com/jcraft/jorbis/VorbisFile.java,1074,33674,112,2,0,0,0,0,0,4,22,0,0,1,0,0,8,d55a3f0195a31842a201537c752c3186f1c1cf8512919a6e37be16326c54d927
zombie/network/packets/hit/Character.java,152,6206,112,0,0,0,0,0,0,0,23,0,4,0,0,2,0,071f91d7e263ea7ae056c82dd6073d6765af986b2a23673eadcfc38139484f3b
zombie/network/packets/WaveSignal.java,118,3679,112,0,0,0,0,0,0,0,28,0,0,0,0,0,0,c8041c2d587b632cc01920f620d3211e4a409a1207c67dabe490d3ca86325c5d
zombie/network/packets/PlayerID.java,59,1972,112,0,0,0,0,0,0,0,23,0,4,0,0,0,0,5135aeece3e1b4196f14f01751e57b1bd19638528f5b74453c2cdce33e7c5ff4
zombie/core/skinnedmodel/model/jassimp/JAssImpImporter.java,397,16527,111,22,0,34,0,0,0,0,0,0,0,0,0,70,9,f3a705a9fce54ab8231a770cdaa930cdc3182f82eaa6587233f0d69129516666
zombie/network/packets/PlaySoundPacket.java,88,3015,111,0,0,0,0,0,0,0,16,3,7,3,28,0,0,60141a4a6baaf5693cddd78ff3b25b2a7f221d168832f47740d31cc37b1492b2
zombie/network/packets/SyncInjuriesPacket.java,75,2586,111,0,0,0,0,0,0,0,24,0,3,0,0,0,0,0dc54874157b363f0ee7ec3f6ef8adacb5749eebbe9831d95552d4855423ae1d
zombie/ui/RadialMenu.java,292,12976,110,1,1,34,0,1,0,0,0,0,0,0,0,0,2,ba73c99a92648ea22a3d6d899becdbbf6274bc9c52ca63b98f5b16b4d0f59c32
zombie/network/packets/DeadZombiePacket.java,76,2642,110,0,0,0,0,0,0,0,20,0,6,0,0,1,0,b7cea2d4227ad0979e69e00efa5a97bc10c6f7a5e67279b231527433ef7ef834
zombie/core/znet/SteamWorkshop.java,352,11859,109,2,0,0,9,0,9,0,4,0,0,0,0,0,3,c9a28bfc9ee2be2494b7b077e590dbf5299550e46af78ec8af577769999973ff
zombie/core/utils/ImageUtils.java,150,4912,109,11,0,36,0,0,0,0,0,0,0,0,0,0,1,43d7162485f260e434566f52bf909ad248e216fbb566cd6672d51693403ee5ec
zombie/network/packets/hit/Zombie.java,129,5223,109,0,0,0,0,0,0,0,21,0,5,0,0,0,0,30359693afbe6b4d9be5548fc571df505c8c757bda441e9aa47f1fc741afa88e
se/krka/kahlua/require/Require.java,96,3600,109,3,0,0,0,0,18,0,0,3,0,0,0,0,1,a1f748484e4e865397dacaac32be95b46a92a5b4239645be44fd0f929f4e220b
zombie/network/packets/hit/Hit.java,84,2890,109,0,0,0,0,0,0,0,16,0,9,0,0,0,0,646c772fa2317a00b717d97a2295597254f95e92d3537f4ebe5bf1d3da91b152
zombie/network/packets/SyncClothingPacket.java,123,3965,108,0,0,0,0,0,0,0,22,4,4,0,0,0,0,fcda29165d79a96fa6d70a9af2be01de360776a3a21c7cc3daa47bb544506079
se/krka/kahlua/stdlib/RandomLib.java,105,3524,108,2,0,0,0,0,18,0,0,4,0,0,0,0,0,aea201a895f160e04a7bf5f6e6cf49231d1a04803e6b85fa36ef03b4857882d3
zombie/input/Mouse.java,254,7843,107,44,1,18,0,8,0,6,0,0,0,0,0,0,1,9a646fbb16aebf22b4da6c0ee08eda773789aa9a462a7284633240ec69d8cefc
zombie/radio/StorySounds/StoryEmitter.java,178,7487,107,0,0,0,0,0,0,0,0,0,19,2,127,0,4,1267b4aeabb875cbfb0ec8273ded8d38fe87ecec5c5b6ff8e2028ad8de5fb970
zombie/network/packets/hit/HitInfo.java,103,3179,107,0,0,0,0,0,0,0,23,0,3,0,0,0,0,d8d35efca94502b922947af8bebfdc29231adf6b0761ae49d705fc9fcedf718a
zombie/core/skinnedmodel/advancedanimation/AdvancedAnimator.java,505,19781,106,12,2,2,8,0,3,0,2,1,7,0,0,195,3,852ee1ec5101be2f8502f6662c7a89593ace1eb17242538f59e692f480a43cf7
zombie/debug/options/Terrain.java,81,5827,106,0,0,22,0,0,0,0,0,0,0,10,0,2,0,5ad33d9c21698ed9f2ebf4ec7a01ca0c1e9159128f529728b444160d624dab25
zombie/iso/sprite/shapers/FloorShaperAttachedSprites.java,72,3426,106,2,0,34,0,0,0,0,0,0,0,1,0,0,0,2990dc4b6c94b15bedee7c7721b3247635e86a4ed20a4ecbb8be2ea61f316505
zombie/network/packets/hit/PlayerHitVehiclePacket.java,56,1876,106,0,0,0,0,0,0,0,24,0,2,0,0,0,0,adf4e95cd46b741ae662b514383f3b99e7593fd9313c812663a8e9eeb42109ba
zombie/inventory/types/Moveable.java,369,14073,105,0,0,35,0,0,0,0,0,5,0,0,0,0,0,2b8d1620c3fbf826173b3b1c61fe7dd120dc684fadd806ea59edac21ec723933
zombie/AmbientSoundManager.java,248,9111,105,0,2,0,0,0,3,0,11,0,4,4,21,0,3,712443c546e1385eac19492b7440f5b704a90940470a952a64192b0edc20003c
zombie/gameStates/ServerDisconnectState.java,101,3318,105,0,0,11,0,0,4,0,0,0,8,2,0,3,0,cd5b284cd8893275c89b71b402ef3886596f8e419aa3b79dadaca63c96dfd4d1
zombie/iso/sprite/shapers/WallShaperN.java,18,741,105,0,0,35,0,0,0,0,0,0,0,0,0,0,0,7e7703e31735341e7f685c6de0f867fcf0247111c093c05f0a2c888ae4d6300c
zombie/iso/sprite/shapers/WallShaperW.java,18,741,105,0,0,35,0,0,0,0,0,0,0,0,0,0,0,c9152d9d39b3ee95da4520cb7059ca78e26f86295edd22776c003fe44d2ad24e
zombie/iso/areas/IsoRoom.java,354,11138,104,0,0,0,0,0,0,0,2,9,0,21,0,0,12,a3d18f7bd0a878edb065407af13381053fa8b5e1c1cffe2e9d3799c76ecd44b6
zombie/gameStates/AnimationViewerState.java,238,8285,104,2,0,11,0,0,9,4,0,7,0,0,0,23,5,87ab95c80577ca932fc80502941d4cc4c5c5fde3fc0a8c526cb6d68aa16344c1
zombie/ui/ActionProgressBar.java,127,4593,104,0,1,17,0,9,0,0,0,0,3,0,0,8,0,39f0fd2c04d3f15e3cfd24eb027be5550a9ab6137f81aa59d8eced06291148bf
zombie/inventory/types/DrainableComboItem.java,527,16930,103,0,1,2,0,0,4,1,2,1,8,5,0,0,0,e4cd9b7936e94f48193f0cf76658acd98bf2f1d40f33a6dbe8d702dc44b72587
zombie/iso/RoomDef.java,379,11621,103,1,0,0,0,0,0,0,2,0,0,22,0,0,7,30a0716f4837ed61780b1445ecfab12a5499843ee8b4bef25597a9f932ce4100
zombie/characters/NetworkCharacterAI.java,295,9757,103,1,0,0,0,0,0,1,21,0,3,0,0,2,1,63d94c5454e0d19b4ed9a881402b84d99c18679bf8d34b147477f662ea45326d
zombie/network/packets/hit/AttackVars.java,177,6290,103,0,0,0,0,0,0,0,25,0,0,0,0,0,3,b20b60df63cf5aab4b2bc5f0d36b015027bd81d40d84c95b51557ca5de81a8c3
zombie/characters/IsoSurvivor.java,107,3990,103,0,0,0,0,0,13,0,0,0,1,5,0,0,0,98f7275e4dc2ac1acad9e62eb07ecf67db939c797313ac269c253de01edb86ef
zombie/network/packets/hit/Square.java,101,3197,103,0,0,0,0,0,0,0,16,0,3,6,0,0,0,4734b0a8562e7df2d88c5aaa9e45b58f3885e76eee815a9fda7badc3104450d0
zombie/commands/serverCommands/InvisibleCommand.java,83,2975,102,0,0,0,0,12,0,4,8,0,2,0,0,0,0,b4663b65911f05555a20d5ef91eecef4ed6df80bb3ff6a454697fc7428de97f6
zombie/ai/states/PlayerActionsState.java,82,3544,102,1,0,0,0,0,0,0,13,0,10,0,0,4,0,f465c7040171cc97322afc33c0d6d47e3a88867af78dcddf695f200621268b98
zombie/core/opengl/RenderContextQueueItem.java,82,2381,102,1,0,10,0,0,0,24,0,0,0,0,0,0,0,47e0fc22d52d1629863b54d85541505e6580a8a88ebf580c1a54b3774481fa92
zombie/network/packets/hit/WeaponHit.java,72,3110,102,0,0,1,0,0,3,0,14,0,5,0,0,0,0,686ccc7f819d6c66e17d03d41344179aba542e192a32c832d3e5a668527b064b
zombie/iso/IsoLuaMover.java,68,2373,102,0,1,4,9,0,7,0,0,3,2,0,0,4,0,c0ad4cd1ac98520aae2a83f55f808e73512a2e94a8a6ebac9f24b9e6545d1ac2
zombie/core/textures/ImageData.java,688,25760,101,8,0,17,11,0,0,0,0,0,0,0,0,0,6,9ce46c16adb8aa421ab8adf197788c8a627882413517ef949f54d4260bf0220f
zombie/iso/objects/IsoBarbecue.java,424,14896,101,3,1,3,0,0,3,0,6,9,0,12,19,20,0,99d3344fba5f137f56ddec7dd145f9bbf7765f953e4113c4ed49ab6d8799ce20
zombie/PersistentOutfits.java,359,13409,101,1,0,0,0,0,0,4,6,11,11,2,0,2,2,ef2ec1d3285b3d9aa9f9e5dd736e3068455fc0ef7edbb8f75978f3718b2b4000
zombie/ai/states/ZombieGetUpState.java,83,3315,101,1,0,0,7,0,0,0,2,0,13,0,0,10,0,50f8f357c4539150adc409cfb82ee079f5e162256dc67d1d5bcdd9baa5a83410
zombie/inventory/ClothingItemsDotTxt.java,267,10150,100,2,0,0,4,0,0,27,0,0,0,0,0,0,3,5a4ef455d8435634ba3f6ea88649d07fd2fdc1b07fa276a7554753b80da72000
zombie/iso/objects/IsoCompost.java,163,5758,100,0,1,0,0,0,0,0,15,7,2,7,0,0,0,6e2cf32bafacec7b31b71e1f8960c94fc9cc9ab944bb0e5e9cc017eaa51aa102
zombie/commands/serverCommands/BanUserCommand.java,125,5358,100,0,0,0,0,0,0,4,22,0,0,0,2,0,0,33bb13b167d44eb333ce3b6ad89ecaa0b83ddcd9c0daefc6412c2f6404100111
zombie/ai/states/LungeState.java,102,3581,100,1,0,0,2,0,0,0,4,0,15,0,4,2,1,108418980c03c08f99c9c83ad2abffbd752815bbe6d9c6c498295db60d350289
zombie/core/textures/TextureBinder.java,43,1461,100,1,0,33,0,0,0,0,0,0,0,0,0,0,1,f5b649402f4c3096c3e546d57a7df8c3965b34d011f98bb9fa087dfb2b230f51
zombie/randomizedWorld/randomizedBuilding/RBBasic.java,891,42741,98,1,0,1,0,2,0,0,4,18,0,14,0,0,15,38f00e3a53f710be2fcc9db3e305fef03e867bab53c940fa827ccda7bc670471
zombie/iso/IsoPuddlesGeometry.java,278,11950,98,0,0,1,0,0,0,0,0,0,0,22,0,0,7,8e1a178bb6ef0e6c6dfe895680f96f086f23eba4df685b70ba49e138054fe349
zombie/randomizedWorld/randomizedZoneStory/RandomizedZoneStoryBase.java,269,10237,98,7,0,0,0,0,0,0,2,3,0,22,0,0,2,d878b73ffb957f960acd13c94c8a380b6950fe68efd5eda216cdbf4fbc0b2582
zombie/network/packets/hit/PlayerHitPacket.java,72,2196,98,0,0,0,0,0,0,0,22,0,2,0,0,0,0,d24027f0d28fc597d6d034be9adc18bd909ac6beb35507a39c07396495167974
zombie/network/packets/StopSoundPacket.java,69,2416,98,0,0,0,0,0,0,0,17,0,6,0,10,0,0,8fddc58f5b9064ba89c32e89ec24450a7216c0450f2e79ce6da72800bf3f4b65
zombie/network/packets/hit/VehicleHitPacket.java,66,2005,98,0,0,0,0,0,0,0,22,0,2,0,0,0,0,0155b2a3fc874dfd4ad195b3264e2dd923b829ecb22ec1a83e09d046abba1174
zombie/network/packets/hit/PlayerHitSquarePacket.java,60,1763,98,0,0,0,0,0,0,0,22,0,2,0,0,0,0,854a16959c42f87b26fa5f5eed1090494dfaf8e6242d062f16f5e7a9e1571a02
zombie/characters/Faction.java,328,9702,97,11,0,1,0,0,0,0,18,2,4,0,0,0,2,992b1b3381627ca0e5e86a014f53ad576eccbc18b7b8c933dac68344a7d3eefd
zombie/worldMap/symbols/WorldMapTextureSymbol.java,104,3460,97,0,0,31,1,0,0,0,0,4,0,0,0,0,0,6d310b0dd9c037e1ee2cff2a87ba985dda023a1591df870371d6cc4c9e1fa2e5
zombie/iso/objects/IsoJukebox.java,166,6105,95,0,1,0,0,0,0,0,0,2,13,7,24,0,0,c7df9502185dea958bd2c622db801364ec021b6e999c753ca6fde74670cdde51
zombie/randomizedWorld/randomizedDeadSurvivor/RDSZombieLockedBathroom.java,120,5375,95,0,0,0,0,0,0,0,2,0,2,19,0,0,1,44266540f2561642e22483db288dcaa5fe3d5048e38a3ca80a762bae9a911988
zombie/ai/states/BumpedState.java,106,4297,94,1,0,0,1,0,0,0,0,0,18,0,7,14,0,413efe8d403bf550880b1e44e4ce7de6b3c360b0c336e40859c9d760a76c8ce6
zombie/spnetwork/UdpConnection.java,41,1171,94,0,0,0,0,0,0,13,10,0,3,0,0,0,0,1d5b318806b593c3f0ed9b1633a5d2e6f2c581d39f69dd330d9e228e32d64216
zombie/asset/AssetManager.java,206,5659,93,0,0,0,23,0,0,0,0,21,0,0,0,0,1,31531a95a2a52dc4dc213d38d52efdd710261fed55b0c1f34bf6d3e9a5c5cd5c
zombie/ai/astar/Path.java,172,4537,93,4,0,0,23,0,0,0,0,0,0,0,0,0,1,752ab38c068558a80e1160958e982507cc5823d798ccd8ea357ea7ad3fd2a29e
zombie/iso/areas/isoregion/data/DataCell.java,43,1209,93,0,0,0,0,0,0,0,0,0,0,23,0,0,1,e9484ab535444f309e8d801b1f2219c4338a76231b11102559a7a9388f11b68f
zombie/iso/objects/IsoWindowFrame.java,210,8507,92,15,0,0,0,0,0,0,3,28,7,11,0,0,1,8445beadb494585999439df544b6d365b65bcd52ff74bd53948872140cac7f56
se/krka/kahlua/vm/KahluaArray.java,208,5325,92,0,0,0,0,0,15,0,0,10,0,0,0,0,2,0823cb93af5397fb1024bdd4f3131c6739011df1cd5b5391f5e70bebed274be2
zombie/ui/LoadingQueueUI.java,82,3683,92,1,1,30,0,0,0,0,0,0,0,0,0,15,0,1dc874560b9ec2c71e58f0599ec91ddb57999c7e0e4889abeb5733e7d0bb0fe6
zombie/MovingObjectUpdateScheduler.java,174,6250,91,0,1,0,0,1,0,0,3,0,12,3,0,0,1,ff2718d8fe42b8f59d3530ca031be2c62704934c1f07782d5b1c2f57db12ce09
zombie/iso/objects/IsoBall.java,100,3145,91,0,1,10,0,0,0,0,2,0,7,4,3,1,0,8aaa73337d9801928143b367d51c656dcf3f2644ab4f6c0a2f9632375a920ebe
zombie/text/templating/ReplaceProviderLua.java,98,3529,91,5,0,0,0,0,11,8,0,10,0,0,0,0,1,d6ab7575c06f810a3d634e115b984517d87421aad5478ac8a9463644a5e9fa58
zombie/ai/states/BurntToDeath.java,63,1987,91,1,0,0,0,0,0,0,9,0,11,0,3,6,0,f2bc7b23193a935b579baba48b04f389b6e1e70caa4da1f560b6cae60e414494
zombie/iso/MultiStageBuilding.java,374,13972,90,2,0,0,0,0,9,0,0,11,5,1,18,0,7,fce1d170aa7f1cb2be74e24c14d9d2243aebfefb2875bd1a1a55dfa1248bf33d
zombie/IndieGL.java,347,12499,90,60,0,27,0,0,0,3,0,0,0,0,0,0,0,208d0e3c00f7f13ff1e6b518bb25381b69ea61598cecbe7eca0fdec57d54b412
com/evildevil/engines/bubble/texture/DDSLoader.java,188,8368,90,5,0,30,0,0,0,0,0,0,0,0,0,0,0,7d8dab72243379a7be8e798c81463ded7d3214192ffb19ea36ba03a7d68113c6
zombie/worldMap/editor/WorldMapEditorState.java,158,4730,90,2,0,7,0,0,9,4,0,7,0,0,0,4,3,ce3095082b9c4eb6e000b1d1a910e8f6524faacf12964c1e0eb67f8801670147
zombie/commands/serverCommands/RemoveZombiesCommand.java,117,4789,90,0,0,0,0,0,0,1,8,0,3,10,0,2,0,8dbdc80ad194af79139f610a686bfbe69d29708eb34af40a89d7b2fb1ce2d88b
zombie/network/RCONServer.java,382,13446,89,6,2,0,0,0,0,20,6,0,0,0,0,0,1,3c80a060b42af3b282c4fb579107f3e043850032c2ccf05b9a20e480ca33fecf
zombie/ai/states/FakeDeadAttackState.java,65,2368,89,1,0,0,0,1,0,0,0,0,17,0,2,5,0,1fc4fe5796b4a4aa880653c629d8d8354999657d1186816fea05c3dfdba6aeda
zombie/ai/states/OpenWindowState.java,262,10532,88,1,0,0,0,0,0,1,0,1,17,0,5,16,0,a63ea25c72c502c0f78678687c2651102b0220146b181ce73a4b072f4e93b6ad
zombie/MovingObjectUpdateSchedulerUpdateBucket.java,98,3558,88,0,1,0,0,0,0,0,0,0,15,2,0,0,3,5ad9605ef3c63a636c5b312e0319b072c0fcf3b9d08776e588b2c9c59d836361
zombie/ai/states/ZombieGetDownState.java,76,3099,88,1,0,0,7,0,0,0,0,0,12,0,0,10,0,3d63df18a17d1c4f238f1f2f081197694ae7532fea82599a587995123974d2f5
zombie/ui/FPSGraph.java,161,6026,87,1,1,18,0,4,0,4,0,0,0,0,0,0,3,2dc9defeb474dac3b83ae8872ad5c7fe4672b29dd1c5492998c45e0f15400803
zombie/chat/defaultChats/GeneralChat.java,125,4386,87,1,0,0,0,0,2,0,15,0,3,0,0,0,0,dc1f4b80be28d76c111051921e126b90c9e9e226059ee3728f316f9643f1d233
zombie/gameStates/ChooseGameInfo.java,679,25998,86,8,0,23,3,0,0,0,0,0,0,0,0,6,5,67e6e0dd8f8c8a419be4e8e098da5de1bf9f0088294102bb0529d8bdd458502f
zombie/CollisionManager.java,354,16185,86,7,0,0,0,0,0,0,0,0,13,3,1,0,9,29c74009dd44db9094a629bec7e87d63b7fab2af2feff3d1c02505f1759dfda6
zombie/iso/objects/IsoMolotovCocktail.java,122,3662,86,0,1,10,0,0,0,0,2,0,6,4,0,1,0,a21b49d5c8f85efb279c692e0e79d4dbf4048ed77341e981a3ae69c51373a07a
zombie/network/packets/PlayerDataRequestPacket.java,33,1077,86,0,0,0,0,1,0,0,18,0,2,0,0,0,0,b67e499c775424c1bfccf9607f4180c492c81e0327057f10580b5b975ccc1fc8
com/jcraft/jorbis/DspState.java,277,9748,85,1,0,0,0,0,0,19,0,0,0,0,0,0,28,e8189b4ec14009feac4cd8520fb6bd3c0ca43ef816e0eba4c22ab34c84ab9603
zombie/core/raknet/VoiceTest.java,192,7183,85,12,0,0,0,0,0,7,16,0,0,0,0,0,0,3f2bf9383d065ed8743c97f4632e7e56dd09cfb2197dc795d46e0f984e0069d7
zombie/network/ConnectionDetails.java,165,6537,85,15,0,0,0,0,0,0,21,2,0,0,0,0,1,afbe6f7dcad94237b3564bc06f0bd7e55e74b8b3480b56ac4d18086b412b0d97
zombie/worldMap/MapDefinitions.java,54,1744,85,3,0,0,0,0,14,0,0,10,0,0,0,0,1,4a430e7ba0c4aac300f050c0e1c718ad359dad746e12b7ad7c85cdd58448530d
zombie/ui/SpeedControls.java,196,6707,84,6,1,14,0,6,0,0,4,0,0,0,7,0,0,4572c9f11e26afad223ceb882a5cc97082314e5297500e67fe1b7f9529ef04a8
zombie/iso/objects/IsoFallingClothing.java,105,3370,83,0,1,13,0,0,3,0,0,0,0,6,0,1,0,d248c3ccbb5036dae405ef7614461332596f579ce54f39bf94c5aadef213cf49
zombie/network/ServerWorldDatabase.java,1250,58054,82,5,0,0,3,0,9,0,3,7,0,0,0,0,4,71c33f0bd4a0800a0cb5b48dc85e0848ebe247f43b90872ffa699f82d6bcb2c7
zombie/radio/media/RecordedMedia.java,407,15534,82,5,0,0,0,0,3,0,5,8,5,0,0,0,19,1c92597acf769cf18b606a5b99896b39eb372d12c3a4886b6ff8f4edafbfc7eb
zombie/network/CoopSlave.java,173,5742,82,6,1,0,0,0,0,5,16,0,0,0,0,0,1,16292ec2ca755b5f593650a0123a3d8cfb9dc3d62f94a5c24408a51cb127a202
zombie/commands/serverCommands/AddVehicleCommand.java,118,4908,82,0,0,0,0,0,0,1,7,0,3,9,0,0,0,837c3dfda8733aec2c0d738afee928098728d21b1d3a3fe4ab563dbd1785374a
com/jcraft/jorbis/Info.java,389,12674,81,1,0,0,0,0,0,0,18,0,0,0,0,0,9,ac9c3c8a0aa64c60e24580f7666f12049d4295030fb22b2fb1caa9f9a0027ead
zombie/characters/ILuaGameCharacter.java,358,7943,81,0,0,1,11,3,0,0,0,6,2,3,9,10,0,92045f65acd1068027044e6ba7761b1eefc8e8e383e914dd3ff6b626db2d0cf9
zombie/characters/ZombieVocalsManager.java,206,7876,81,1,1,1,0,0,0,0,2,0,13,0,12,0,3,dc150cf5071f95444e5cffb1c6a48c2ebe5fc936ffb1e966bf6b2f82e7746910
zombie/chat/defaultChats/RangeBasedChat.java,195,6473,81,4,0,0,0,0,0,0,6,0,11,0,0,0,2,e700199604fe5c3a0b754c4bbc3f7e284e0d45f79d928a53ce2c231cc017e70c
zombie/network/packets/hit/Bite.java,82,2927,81,0,0,0,0,0,0,0,14,0,5,0,0,0,0,9fb1c1b4cbef9e3188eb6a302fa32cc4ac329f290eb4574a624f1d362b0d077b
com/sixlegs/png/RegisteredChunks.java,551,22718,80,26,0,2,0,1,0,0,0,0,0,15,0,0,10,2239a98299d486aad8cd8ae096b62e82d08cf05f2d3befaa0ceb55fa43c527f6
zombie/iso/sprite/IsoSpriteInstance.java,228,6697,80,3,1,6,0,0,0,12,0,3,0,6,0,3,0,41123ce096813f68040290b4063fff3883019a4b488b1db11e30c36d40d7e564
zombie/characters/professions/ProfessionFactory.java,225,6142,80,6,0,10,12,0,0,0,0,0,0,0,0,0,2,88d8f204ea0bd16213eb0f83513dc1b63ed633982684aba41f2b21c845d87dd6
zombie/chat/defaultChats/RadioChat.java,179,6399,80,1,0,0,0,0,5,0,10,0,2,0,1,0,0,0795d8e7fc1e7f45cc9e0b4298a79997d4aaacab2d1e8f8ce86310e626b056fa
zombie/iso/objects/IsoRaindrop.java,146,5958,80,0,1,2,0,5,0,0,0,4,4,8,0,22,0,f7418901931ba1344a9e2de858087b6318fed183ac794abb6846cc5f0f30e649
zombie/network/packets/hit/NetObject.java,114,3378,80,0,0,0,0,0,0,0,15,4,0,5,0,0,0,999ec5d2ed702f1176aca7c0f8d7775c3645d0ce4fe4b3cc2e3abb9f0954653c
zombie/PredicatedFileWatcher.java,86,3143,80,1,0,0,14,0,0,0,6,0,0,0,0,0,0,ae9f137d22aee64799a00e7e2eb50e25dbd5113d75b14b4091f2118df101ae1e
zombie/core/skinnedmodel/model/ModelInstanceDebugRenderData.java,78,3694,80,1,0,26,0,0,0,0,0,0,0,0,0,4,2,a0ed5c35dff2c34562335cbd92470124f990cb9cdab09b511bc62ac6f7cde829
com/jcraft/jorbis/DecodeExample.java,221,8207,79,3,0,0,0,0,0,7,14,0,0,0,0,0,2,6dc5849be31149cbf489498b88336fa44ab65b0b21175d18dd9a7dcdf8986bc3
zombie/iso/objects/ClothingDryerLogic.java,210,7827,79,0,1,0,0,0,3,5,7,8,0,4,26,0,0,9a495d9920a4c165a98f5788b142ff4638e6f0b08d4d5ff4fd788861ce0a0f8c
zombie/ai/states/ZombieOnGroundState.java,123,4745,79,5,0,0,0,0,0,0,3,0,13,0,0,22,2,3913e5d5cd0873c9746ab8769a8c7b752b0291d8a8ddfee3e616f7bc6685fcb5
zombie/commands/serverCommands/ReloadOptionsCommand.java,57,2517,79,0,0,0,0,0,0,1,19,0,0,0,0,0,0,a1fbfce0bf059ba721d42f9ac61a64507e396675c970af61885a93a32e90fa96
zombie/scripting/objects/ModelScript.java,244,9363,78,5,0,15,0,0,0,7,2,1,0,0,0,11,4,aace3e57339edee34495a10c222e732be3d0ff2bbb4cabc652bf6267d8d5b89b
zombie/commands/serverCommands/KickUserCommand.java,77,2786,78,0,0,0,0,0,0,2,18,0,0,0,2,0,0,180ea56d8f360739e43c330ee3ea446f6949aee68981041e285c81df17071835
zombie/core/skinnedmodel/model/SoftwareModelMesh.java,38,1986,78,0,0,25,0,0,0,0,0,0,0,0,0,0,3,97b199cd16b04ed2c60d8f08b0c45bc6ffb9ea61a8031903ce84c503288dddf9
zombie/core/stash/StashAnnotation.java,27,945,78,0,0,0,0,0,13,0,0,11,0,0,0,0,0,12d719b926d8a14314aa05f2897cf321016a1b85d5852c4c673c1a8643d7cbd4
zombie/iso/objects/ClothingWasherLogic.java,239,8620,77,0,1,2,0,0,3,5,6,8,0,3,26,0,0,603efbbcac2985ca1f1abb4a189133e22052faae55394f0ce6cd558f0ae89ee5
zombie/ui/UIServerToolbox.java,183,7831,77,1,1,5,0,11,0,1,3,0,0,0,0,0,1,0313b124dc593665c1aacbe2f8437fe7f7c9e61cb838bb66f9c3ebb559ed1bcd
zombie/iso/test_DiamondMatrixIterator.java,221,12103,75,0,0,0,0,0,0,0,0,0,0,0,0,0,75,2f767eee3fa8d55107124b720cbb34c181901dc74b0c50f0b8257cfe79c8117a
zombie/randomizedWorld/randomizedVehicleStory/RVSUtilityVehicle.java,187,7454,75,0,0,0,0,0,0,0,0,0,0,18,0,0,3,8b827b3c3018debd5869b6e095c06812d6b8072f8cfbdb4d769995d4fe62e5b5
zombie/characters/skills/CustomPerks.java,178,6535,75,1,0,0,1,0,6,11,0,3,0,0,0,0,2,86e7845f10e38d3d65fda9ea86b46e2a5ea178a41253b69a4e44a33b97b30c79
zombie/core/sprite/SpriteRenderState.java,87,2712,75,0,0,15,0,2,0,0,0,0,4,0,0,0,2,30170b7dde62a0752fd97439979c90fa5d051f3d33b01cd96631fe91cadd1fe4
zombie/characters/CharacterSoundEmitter.java,334,12025,74,1,0,0,0,7,0,0,4,4,6,0,159,0,0,c96fc6feb658659daf7bb1c84b8bca0acd97b61d4fd2c9e743c3f95d09915fee
com/jcraft/jorbis/Mapping0.java,313,12102,74,20,0,0,0,0,0,20,0,0,0,0,0,0,14,beb3925eceed6f8fa553695958fc748956eaf73e8252dd9a0e49bde491ce0554
zombie/iso/objects/IsoCombinationWasherDryer.java,133,4152,74,0,1,0,0,0,8,0,0,13,0,6,0,0,0,d157d79cc9eee49bea65592c1eb2364cd48720917e78ce812f182011d7108f3f
se/krka/kahlua/integration/expose/ReturnValues.java,68,2075,74,4,0,0,0,0,12,0,0,0,0,0,0,0,2,a9ee2481722ca80cf2fd4d0c1e25fe11b693b72c64776b7a55e72778df434504
zombie/ai/states/ZombieGetUpFromCrawlState.java,52,1926,74,1,0,0,6,0,0,0,0,0,10,0,0,7,0,f8e0b7462ab8ebf585b98cade354bfefab131d7ed9388f0b4580ab562aab5d17
zombie/commands/serverCommands/DebugPlayerCommand.java,49,1696,74,0,0,0,0,0,0,0,16,0,2,0,0,0,0,98f1346120597226a13fa46bf0e511097bc1447918e304d4804dff575359cebf
zombie/ai/states/FakeDeadZombieState.java,45,1328,74,1,0,0,0,1,0,0,5,0,10,0,0,0,0,4c780e49c3c0bcc84b57c6bccbd6437d7d2dd5ee20972f70da8b18cd2fdf23f1
zombie/vehicles/SurroundVehicle.java,354,14215,73,1,1,2,5,1,0,0,0,0,7,0,0,0,6,450c47b1ae8accb05dabaac38dec3de6b734450548c21f39382251a18186bfce
zombie/ai/states/ClimbSheetRopeState.java,217,7759,73,1,0,0,0,0,0,0,0,3,9,7,0,2,0,967def8596308ccb8789126d31881872d17b17520783a6894076a0912088f404
zombie/core/skinnedmodel/ModelCameraRenderData.java,76,2700,73,0,0,16,0,0,0,0,0,0,5,0,0,1,0,bd0044add7577135f76eba5c7b24214afff93b1f3d6695437572d2ae5b7e236f
zombie/iso/sprite/CorpseFlies.java,63,2395,73,6,1,21,0,0,0,0,2,0,0,0,0,0,0,a8b1be701acfb1d2d9aafc040ec76cb31885f78aac463efb0bb811804abfc76d
zombie/core/skinnedmodel/Texture/TextureManager.java,26,847,73,1,0,24,0,0,0,0,0,0,0,0,0,0,1,4bb420ae0311624a614176382a1babdf04c159afeab3cfac4ffc7aa2aebe38f0
zombie/characters/CharacterTimedActions/BaseAction.java,268,8879,72,0,1,0,0,0,0,2,3,0,10,0,10,30,2,286bdf53d138b2407e8f87120860cb2907a8fbad0479d5d7dabab5c8fef8f2e2
zombie/iso/objects/IsoRainSplash.java,127,4461,72,0,1,2,0,3,0,0,0,4,4,8,0,12,0,cd05051cb1c58c719ac67a9e8e8897c1dac111ee438a426e76c7923099919052
zombie/ai/states/LungeNetworkState.java,75,2544,72,2,0,0,0,0,0,0,0,0,14,0,0,2,2,df7cc2f5246800450fdc9427029e562ba71154c8dcb33bc50cedf3a89aaa2ef2
zombie/worldMap/markers/WorldMapGridSquareMarker.java,72,3405,72,0,0,24,0,0,0,0,0,0,0,0,0,0,0,82111305373eb57f804aef252e2d8e70b1cbcd497d2f3f3ce59ece6d5b4e714b
se/krka/kahlua/vm/LuaClosure.java,64,2498,72,0,0,0,0,0,12,0,0,4,0,0,0,0,0,1271428eba83a8ee019399260e1d1eb9434a89e6822ef964eec3a6c2b412634c
zombie/worldMap/styles/WorldMapPolygonStyleLayer.java,39,1537,72,0,0,23,0,0,0,0,0,0,0,0,0,0,3,65dca7d2870811c053de1a02e39bd8111bb038df4a99b718c25db3f615c68745
zombie/core/znet/ZNetStatistics.java,36,1524,72,0,0,0,0,0,0,0,18,0,0,0,0,0,0,cf87adbef92ddf3870c132b696449ac3d009a1636bea08000be3016f40ec74c2
zombie/core/Collections/NonBlockingHashtable.java,1017,33927,71,4,0,0,0,0,0,22,0,0,0,0,0,0,5,04caa78856d4fcebbbc91612774d2fe71e2f53e0f55f64b9fa3a9a392d11bd75
zombie/core/Collections/NonBlockingHashMap.java,1013,33679,71,4,0,0,0,0,0,22,0,0,0,0,0,0,5,26dc1b99603b111628c4a14743938dc52e7f20f1c87774209ed1d001189a437e
zombie/core/Collections/NonBlockingIdentityHashMap.java,1010,34316,71,3,0,0,0,0,0,22,0,0,0,0,0,0,5,0116bb99d85e4ce12f0d9bfbcd12893ed6129773f00ffa67d787aea7e43d2950
zombie/characters/BodyDamage/Nutrition.java,422,14703,71,0,1,0,0,0,3,0,9,2,3,0,0,0,0,3dac88c46eb3f0a6439799378ed65fcdf318055a93589d157bd4f688e0d7e59e
zombie/core/znet/SteamUtils.java,272,10583,71,31,0,2,1,7,3,2,2,0,0,0,0,0,1,69de7e352799498c802618b500477902445292eefe78af781e19a608613788cc
zombie/commands/serverCommands/ChangeOptionCommand.java,65,2685,71,0,0,0,0,0,0,1,17,0,0,0,0,0,0,18c432950d22590a5ad16770d5dab8c7f2e5675daa67b5ea48a8709f9cc204d7
zombie/ai/states/ClimbDownSheetRopeState.java,146,5085,69,1,0,0,0,0,0,0,0,0,9,6,0,2,0,b6c486a07dc9558c35cb2dada73cda8b8ac059194c864224411c9914e8afac3d
zombie/iso/weather/fx/WeatherParticle.java,114,4370,69,0,2,21,0,0,0,0,0,0,0,0,0,0,2,8252899b9d0fdf20b374e83f3c1fd5c73eba759f2119f4a052d9bfa396733fbb
zombie/worldMap/symbols/MapSymbolDefinitions.java,81,2555,69,3,0,17,4,0,0,0,0,0,0,0,0,0,2,7200c24e1b438e0484d7da57e30fad5c3e3a8864de7cdf7ce1b700f628aab7f5
zombie/ai/states/PlayerHitReactionState.java,80,2749,69,1,0,0,0,0,0,0,6,0,9,0,4,5,0,4a5d655ab8b173974d2e624cd36197401cca78f43742c835bfb2307c146cb3ac
zombie/ai/states/CloseWindowState.java,202,7686,68,1,0,0,0,0,0,1,0,0,13,0,2,13,0,826cdffe6ea01d30f925d1d8600634077af208faf47c0033070c4847f51125bf
zombie/randomizedWorld/randomizedBuilding/RBKateAndBaldspot.java,167,8362,68,0,0,7,0,0,0,0,0,2,7,3,0,0,0,c788192404beb537f7e4591a8cdee707a5d64c36ed77cfed7e7c51741dc92652
zombie/iso/objects/IsoBloodDrop.java,153,5089,68,1,1,3,0,0,0,0,0,3,0,14,0,0,1,3281d8fa8902ae3f558e7a0f4b5eed97bfef1aba0884c0d833b8c7f7b18fd7d0
zombie/chat/defaultChats/ServerChat.java,125,4307,68,1,0,0,0,0,3,0,10,0,2,0,0,0,0,4a3d3a422814a1b429b11a2982e894d002d3ea281d9ad6a2d8f01936b51ab504
zombie/gameStates/LoadingQueueState.java,96,3325,68,5,0,8,0,0,0,0,11,0,0,0,3,5,0,1c3e420b10379961dcc06aaf01666aec72df2474960a7e1b175838b10c14cd94
zombie/commands/serverCommands/CreateHordeCommand.java,83,3218,68,0,0,0,0,0,0,1,7,0,4,4,0,0,1,def33a28cf3f5aad1635ffc899267d059ac8b5cca755071a9f0e99a19d527ea2
zombie/core/Collections/NonBlockingHashMapLong.java,983,32525,67,4,0,0,0,0,0,22,0,0,0,0,0,0,1,576957be6bbd10937521f2eef9558fa6b3163ffb06371eee32b573621dbc70c7
zombie/core/Translator.java,957,37526,67,54,0,0,2,0,5,0,0,2,0,0,6,0,29,780376999138514982f1fa66f27c844b72fb4fa7df02739360b17f47b755eb19
zombie/world/DictionaryData.java,519,20995,67,0,0,0,12,0,0,0,2,20,0,0,0,0,11,6a191ddb0d838c7c0c89f1e033fe1f6e319ef19aa863399e022dec89948f9d59
zombie/erosion/categories/WallCracks.java,235,9852,67,0,1,0,0,0,0,0,0,12,0,14,0,0,9,d07cac0581132327873d24f0b7279ba5a00d14a2d4a556308c4da5e9e79f45d2
se/krka/kahlua/vm/LuaCallFrame.java,225,6911,67,0,0,0,0,0,10,1,0,1,0,0,0,0,4,10cc608420188cdd21216249ff797766d318469d4d15766b05fff2468d359cfd
zombie/iso/objects/IsoZombieGiblets.java,124,3894,67,1,1,3,0,0,0,0,0,0,4,9,0,0,0,5c0ccc7dabf8cdb3ce3560a6a096d3808371c3c06d6c51664131d578a161295f
zombie/commands/serverCommands/AddUserToWhiteListCommand.java,56,2120,67,0,0,0,0,0,0,1,16,0,0,0,0,0,0,611cf6ebb78de6f73d4d0a8141a0cdb1239e6ca10ff4300c4e74baaf8ec63698
zombie/ui/VehicleGauge.java,56,2075,67,0,0,21,0,1,0,0,0,0,0,0,0,0,0,494fdf639493c84bf46eb874f328fcde6765693892cc496f5ffdb126f4d73f8d
zombie/commands/serverCommands/AddAllToWhiteListCommand.java,53,2042,67,0,0,0,0,0,0,1,16,0,0,0,0,0,0,b1d0104ca8329c5d0af1372a73ad50289bef04ed9f82937f79fac50500c2d117
com/jcraft/jorbis/Floor1.java,743,21944,66,3,0,4,0,0,0,13,0,0,0,0,0,0,15,ed703b8712873ac0cd925cf210a5bee43949fde9decd78450c3479a967863328
zombie/characters/action/ActionContext.java,420,17168,66,2,1,0,0,0,0,0,4,0,9,0,0,23,3,1934fb63185fb7b7d61d814dcecce0d05cdad443fa0b7d52ea660992b87c35ab
com/sixlegs/png/PngImage.java,310,10467,66,2,0,0,0,0,0,0,0,0,0,16,0,7,2,4ffb54af95c1e864f5fc164e66ef8cba9eb3bbe3d58b69f69e0a33cdbfa8268e
zombie/erosion/categories/WallVines.java,275,12033,66,0,1,0,0,0,0,0,0,14,0,14,0,7,8,c764b59ab21a61adcdc26f5e1aaf8cdeba8e74619a1ff098f1fa5b6644e74a7e
zombie/ai/StateMachine.java,205,6847,66,1,1,0,0,0,3,2,6,0,3,0,0,25,1,9fb399f540a22b40724534e7af36b044674faaaa96386a9e8680fc1b3e9687fb
zombie/characters/ZombieIDMapTest.java,159,5770,66,1,0,0,0,0,2,0,0,0,8,3,6,0,2,d9fbb5848a110c61d8fa4d4509b5780ddef04a77d012deea6e1ba51e71517f7a
zombie/chat/defaultChats/WhisperChat.java,121,3951,66,2,0,0,0,0,2,0,6,0,6,0,0,0,0,ea10c9c8a0e281fece812db3d4f41a52299041606f1ade6d69146c3792c2d690
zombie/LoadGridsquarePerformanceWorkaround.java,84,3133,66,3,0,0,0,0,0,0,7,4,2,7,0,0,0,c50c1a8f90068ba3defdcab41c6d4c6c92cfba9d52b2821bcb542359ad1da79e
zombie/network/packets/hit/Vehicle.java,62,1795,66,0,0,0,0,0,0,0,14,0,2,0,0,0,0,4c0d0919875ca7becb66769a260bbf5aef7e2450d8023b988aa8cf80747495cc
zombie/fileSystem/FileSystem.java,60,1975,66,0,0,18,3,0,0,0,0,0,0,0,0,0,0,32d891c4d5dd9fe8ce50e268568f6e4e71e8b9da565998a9fb2306fb37b95f49
zombie/globalObjects/SGlobalObject.java,50,1584,66,1,0,0,0,0,11,0,0,15,0,0,0,0,0,5d5810eeb740dd4214a446ddc5cf105fd4c21abadb5ce198d8b5eaa36c895e9d
se/krka/kahlua/Version.java,10,499,66,0,0,0,0,0,11,0,0,0,0,0,0,0,0,101b45878d5f3fc928eebc4d3fec1491a0f5232896914bc41035a4def24341d4
zombie/inventory/types/HandWeapon.java,2383,68698,65,0,0,1,0,0,0,0,0,13,12,0,120,4,2,09cb0ea525577976421975fdc07262b17e63e09995892f7deab50f7faf8898df
fmod/fmod/FMODManager.java,537,22222,65,90,0,0,7,0,0,2,0,0,4,0,341,0,11,6448ded86f1fbe1e717ec91123e5756e903a172b223b016a0b611fa0bb14a94c
zombie/GameSounds.java,527,20371,65,19,3,0,5,0,0,0,4,0,4,0,352,0,3,61a1b17887b19b0495697aee1b4140235515834e0adde3e8d35ed8c9b7cfd2c2
zombie/randomizedWorld/randomizedVehicleStory/RVSPoliceBlockadeShooting.java,166,7534,65,0,0,0,0,0,0,0,0,5,0,16,0,0,1,a99bc78ce9f0d60e4192bc192d279b11ece07ea48d3f22b0095b7445393c4a4c
zombie/network/packets/PlayerVariables.java,114,3865,64,1,0,0,0,0,0,0,11,0,4,0,0,0,0,7bc2822553c0df609c5cbb2dc137e482b7fefd87580d98b3099240da534f8853
org/lwjglx/util/glu/PartialDisk.java,264,10884,62,0,0,20,0,0,0,0,0,0,0,0,0,0,2,341f4a572efbdc444e653ca0f660db57682e58ac241401e9f2679d7797f4b1e2
zombie/network/packets/hit/Fall.java,69,2458,62,0,0,0,0,0,0,0,13,0,2,0,0,0,0,4342505fa943e273340affb16281315f7692c452a5b241d0066e8b16f33dd8af
zombie/core/raknet/VoiceDebug.java,168,6709,61,7,0,17,0,1,0,0,0,0,0,0,30,0,6,15ed5f647d84386d8bb7233a44b9a3d4a3fcad2aacbf9ebc09553e844548779f
zombie/core/opengl/Shader.java,74,2028,61,1,0,16,0,0,0,0,3,0,0,0,0,0,1,0b46d0ad8605f5a7d6bf0e0865ab9131fc8aca7dd033ac0520d1acaa3dbe7f01
zombie/ai/states/PlayerKnockedDown.java,59,1944,61,1,0,0,0,0,0,0,4,0,9,0,0,6,0,70b6a6d4d9eb9b5300a1582637ffdde0520dbea38e7a1c6e7a0460081232d344
zombie/ai/states/FishingState.java,54,1684,61,1,0,0,0,0,0,0,4,0,9,0,0,4,0,809857fd51a46d66fb2e694b3667263815bff2d17a8cc298a166f5f115b749da
zombie/ai/states/FitnessState.java,46,1472,61,1,0,0,0,0,0,0,4,0,9,0,0,4,0,a6c77cb123ecae13f3f9ebb20db8818f482bd5421d557762762d895042d8ff78
zombie/audio/parameters/ParameterMusicZombiesVisible.java,43,1394,61,0,0,0,0,4,0,0,0,0,9,0,2,0,0,72b4e0146611e44072edb1492121f66825f3a633803d22e28cf1e355ae383b67
zombie/world/WorldDictionary.java,356,12541,60,31,0,0,0,0,0,0,14,2,0,0,0,0,4,5d9d6e161e512ced108d7cd6fac12ed354c48a519596e224f605e0bb521d3bdf
se/krka/kahlua/integration/expose/LuaJavaInvoker.java,300,11060,60,0,0,0,0,0,10,0,0,0,0,0,0,0,0,96a2da2ccac21da6baa5b86631a039bef07330e0c1259d80534102e59c17081b
zombie/iso/PuddlesShader.java,92,4042,60,0,0,20,0,0,0,0,0,0,0,0,0,0,0,f8f7472318176691245f7e0cf318047f9fba6a7c731ce6c485993082b32a7604
zombie/iso/weather/fog/FogShader.java,90,4420,60,0,0,20,0,0,0,0,0,0,0,0,0,0,0,619104f2d18568574550c010a04b7aefb48731b0f894a6e29990a9f057aaddf2
zombie/core/skinnedmodel/population/ClothingItemAssetManager.java,81,3574,60,0,0,4,12,0,0,0,0,0,0,0,0,0,0,433846f24f6c341c940ab22ecd410074f370712bae33dbe2912889f62a686d49
zombie/commands/serverCommands/ConnectionsCommand.java,65,2158,60,0,0,0,0,0,0,0,15,0,0,0,0,0,0,9bef63719ea4efbec3813a3a7b0080fe334f0262c6a1e79d326aeb2e26a63d1d
zombie/core/fonts/Font.java,65,2138,60,0,0,20,0,0,0,0,0,0,0,0,0,0,0,b5955966c9ffe712dda2a25cc3489136a92062e778ef7965b21699ae25f0fcc3
zombie/ai/states/ZombieReanimateState.java,50,1666,60,1,0,0,0,0,0,0,0,0,12,0,0,15,0,3024502dc1f00cb70e2046083dd10d2049ddc2db6e7f7cf78914889ad84e199c
se/krka/kahlua/require/Loadfile.java,37,1255,60,0,0,0,0,0,10,0,0,2,0,0,0,0,0,c377fcbaf436ac856989eec6cfff4587488762ffc992102b5148e7374f955d86
zombie/debug/options/IsoSprite.java,25,1995,60,0,0,20,0,0,0,0,0,0,0,0,0,0,0,e932a569182ecaf8352230d97c1594b89d9750b0f30ad5e27201c6a68fd08bbe
zombie/iso/ParticlesFire.java,341,12602,59,3,0,18,0,0,0,1,0,0,0,0,0,0,2,d8d843e1a95ecf302a8dce1b0ae1208832597f8d506e438a7dbda3a030b89de1
zombie/characters/IsoLivingCharacter.java,183,8088,59,0,0,0,0,0,0,0,1,0,9,2,8,0,2,3f57531174b645abe214cf92d8fb9c8b2cefc64cee5cd273315deadce463f4a9
zombie/audio/parameters/ParameterRoomType.java,114,4119,59,5,0,2,0,0,0,0,0,0,9,2,2,0,0,4d4ba2c7af807e1386cd64fab2c097456f2f67e666def24337a07c4af592ad64
zombie/core/skinnedmodel/population/ClothingItem.java,107,3437,59,2,0,12,4,1,0,0,0,0,0,0,0,0,3,a3a1612663b5c60df05fa0b272386886d2860541f632ad1ead61ec9b41af086d
com/jcraft/jorbis/Floor0.java,307,10812,58,4,0,0,0,0,0,15,0,0,0,0,0,0,13,6dfb8f3a7017ee314d77fc138e37e67a4a79f54f517d3f0e7690402ecdf575df
zombie/GameProfiler.java,294,11133,58,10,0,5,0,0,0,14,0,0,0,0,0,2,1,f1cabb91ff048c0485323a9f8fd7e5ac445b98077545529957886800f8d03d49
com/jcraft/jorbis/Comment.java,220,6656,58,3,0,0,0,0,0,0,14,0,0,0,0,0,2,9025c35ca4afaad6b339b396ab8d4a8200f1a350cea3c0e371d5da32e72d209e
zombie/core/Languages.java,107,4689,58,0,0,0,14,0,0,0,0,0,0,0,0,0,2,3fd203667a654734aa1553bde4e2f1cc9e7db4c9b29cc183f6626f33cecca2ab
zombie/characters/BaseZombieSoundManager.java,98,3304,58,0,1,0,0,0,0,0,0,0,11,0,15,0,1,61ab306436fe64d45e02bec499c8868166ab372247e9131011755e3f57594034
zombie/network/packets/hit/PlayerBodyPart.java,64,2058,58,0,0,0,0,0,0,0,12,0,2,0,0,0,0,ee6ddf4e444ce0aa863dce947adb6ac158d5a4f64fab228233aeca47fcdd120f
zombie/MapGroups.java,486,17127,57,2,0,0,11,0,0,0,0,0,0,2,0,0,5,5285ade54ab844c51637b422e306fac9fe6f6d18fd969af7e3e2d6b147826520
zombie/core/skinnedmodel/advancedanimation/Anim2DBlendPicker.java,360,13464,57,6,0,18,0,0,0,0,0,0,0,0,0,97,3,45961feec62ef4fcd1b79152e6cadc76cc01c7c376acc48313c81240c41baed7
zombie/util/PublicServerUtil.java,257,9990,57,18,1,0,0,0,0,1,13,0,0,0,0,0,0,7b20ef93bed5e786caeea15b9b6317ec6680436e9240fffe66b7e39b2dd42e63
zombie/iso/IsoWaterGeometry.java,153,6654,57,0,0,1,0,0,0,0,0,3,0,12,0,0,6,78bad1f6bf69692eb4ecadd1d95f819140af4ffe1b9201d76e55e10c0fdadcbc
zombie/ai/states/PlayerSitOnGroundState.java,145,5776,57,1,0,0,0,0,0,0,0,0,9,3,0,31,0,ca1452c13625ae3d402bfd00565c61cc79ea2f2cf6ab07b8c5836f0605eca056
zombie/network/ChunkChecksum.java,107,3834,57,5,0,0,0,0,0,3,0,0,0,12,0,0,0,1b6447f8c8423e29a9bbfaea52c3e486a24ea8ab7248e9f678f91095ee0b631d
com/jcraft/jorbis/Block.java,93,2834,57,1,0,0,0,0,0,2,12,0,0,0,0,0,3,2b4b5dbf19796550d5be2311ebdbe31b75dc159d26d0808458698dc928470c62
zombie/characters/BodyDamage/BodyPart.java,1783,58818,56,0,0,1,0,0,3,0,0,0,7,0,0,0,0,4fec0add8ff96d0ef069df474e62e4f4b589a8224cad317e4e4d45c362b295b2
zombie/network/ServerOptions.java,633,39367,56,11,0,0,1,2,0,0,10,0,0,0,2,0,4,1221255d3a635d1531a2ea4a203ba3e730c16de16cb07ce8dcf3fc5c92f9a912
zombie/characters/Stats.java,500,11862,56,1,0,0,0,14,0,0,0,4,0,0,0,0,0,84d65fcbe31e5259e1adffd2f2804c2d4b164ff3c899b6bf18742873b9d3969a
de/jarnbjo/vorbis/AudioPacket.java,300,11230,56,0,0,0,0,0,0,0,13,0,0,0,0,0,4,b4ff713631237fb879e48d41992091c5c214e858946d16cc72ed78586fc82e1c
com/jcraft/jorbis/Residue0.java,286,10176,56,4,0,0,0,0,0,14,0,0,0,0,0,0,14,d9195b6317273bc85ae4d5da2b72e82dfde4901ba7e844d8e65cc475f3c66b46
zombie/iso/weather/fx/RainParticle.java,190,6799,56,0,1,18,0,0,0,0,0,0,0,0,0,0,0,d95589eeb1e96bf22df18ae20e2814d018fecb582f01eaeb3585c83bb6fb9409
zombie/network/DiscordBot.java,190,7488,56,0,0,0,0,0,0,1,13,0,0,0,0,0,1,a4b57e08a7b7b4f0799fc4e04167b9bcd9048e11c8dab4f038646d3f40e63298
zombie/text/templating/TemplateTextBuilder.java,103,3472,56,0,0,0,0,0,9,0,0,8,0,0,0,0,2,6cc7694a503b7bc0e9f7902b250b305b9ffd987273ba9aeda3f6149a25fd0549
zombie/network/packets/PlayWorldSoundPacket.java,69,1814,56,0,0,0,0,0,0,0,14,0,0,0,5,0,0,35c94e26baba39652f5a4bd30933ff83aaf6b7f35bc0b8e9beaaeb6beaa2fde3
zombie/network/packets/VehicleAuthorizationPacket.java,50,1987,56,0,0,0,0,0,0,0,14,0,0,0,0,0,0,1e305be2687676dde74c95315849a286505da13391c2f2ed5b26a01931e40486
zombie/globalObjects/GlobalObjectSystem.java,103,3539,55,0,0,0,0,0,6,0,0,8,0,4,0,0,3,4c4adbd631cace69a6cc3fb11227a4d2ccc09c510250fda8e3f5d4d780caa1d0
zombie/meta/Meta.java,66,2267,55,0,1,0,0,0,0,2,6,0,0,5,0,0,3,1894b05caece0ec3d0f8d4575f161c66e55c6e91e1a3ce45528b5dde8da4df93
zombie/commands/serverCommands/BanSteamIDCommand.java,57,2084,55,0,0,0,0,0,0,1,13,0,0,0,0,0,0,8cf715369af0aac8f66fbca07a401ad2db67ea83fe1235e081034720a17a2df9
zombie/core/skinnedmodel/animation/AnimationPlayer.java,1261,54790,54,13,2,2,0,0,0,2,0,1,2,0,0,328,28,01e5dee9a1eba9006299c80bde32d4684d7554481a73073a8c72857d67b73a36
zombie/core/opengl/ShaderProgram.java,535,19490,54,7,0,15,0,0,0,0,0,0,0,0,0,0,9,ed4c980f869e8babd093784dcc942bbae76fb3b4d6df44625e5a9b72dee381f3
zombie/core/skinnedmodel/population/PopTemplateManager.java,247,12222,54,0,0,5,0,1,0,0,0,0,5,0,0,4,10,a9b2c4c0269ce8fa73f58f0638ab5fbc25e3bfbb69cb8356ba7a9227ecc74ab8
zombie/inventory/ItemUser.java,184,7221,54,5,0,2,0,0,0,0,6,3,2,3,0,0,2,fefa2673d6ab381b4f947253e490b52af88b90bcbf61b72690a6f126f4a75781
zombie/ZomboidGlobals.java,134,7100,54,32,0,0,0,0,9,0,0,6,0,0,3,0,0,7273d217463ab216df49208c33d109a662f674d8500ed5a286d587b0fa96b6d9
astar/AStar.java,111,4337,54,2,0,0,13,0,0,0,0,0,0,0,0,0,2,4ba04eebc2625344ef3fc9fa9ab542c0f5708eb92ed3b479f1ca41a16635b7a9
zombie/commands/serverCommands/NoClipCommand.java,78,2788,54,0,0,0,0,0,0,4,8,0,2,0,0,0,0,6478c185f0f8eca275703e0f78b9b53c24cba7ecc2e801a2f8b986b363178053
zombie/core/logger/ExceptionLogger.java,107,4148,53,11,0,12,0,0,0,3,2,0,0,0,0,0,0,e2e727e9e29f5c60a0478f815160c9d90b018e18956ab9fe04731e6a3153a261
zombie/ai/states/PlayerHitReactionPVPState.java,73,2277,53,1,0,0,0,0,0,0,2,0,9,0,4,4,0,0ea273933ea937cce4517ec28b969d1d98770b46128e25d0974c91c62f791779
zombie/iso/objects/IsoZombieHead.java,73,2118,53,1,1,3,0,0,0,0,0,0,6,3,0,0,0,860258bc5497638b4dd59d79d41e6ef8e655770035ff9f68aa070c3526af5f5e
zombie/popman/NetworkZombieList.java,36,1283,53,1,0,0,0,0,0,1,10,0,2,0,0,0,0,51011ce9388435b4556f06e3cac8ab61a5c07613ffd0501ac04a293adff55dd6
zombie/characters/Moodles/Moodle.java,690,21547,52,2,1,0,0,0,0,0,0,0,10,0,0,0,0,d68943725256ee21cd0e896a70b08578e6845afe1d440cc4818eeb4617160ddb
zombie/core/input/Input.java,390,13848,52,2,0,0,0,0,8,0,0,0,0,0,0,0,4,7ac55404d76c3b2b98e5a1024a0e50026a1774d06343ea6bad97208534d85d1a
zombie/iso/areas/isoregion/ChunkUpdate.java,33,1186,52,1,0,0,0,0,0,0,0,0,0,13,0,0,0,684c7e9c7beea6db7a6d6ff71efa78f44645a3bb7f07ffa6a114257580b4f1c0
zombie/iso/IsoLot.java,156,5671,51,6,0,0,6,0,0,2,0,2,0,4,0,0,5,a72faae713beb558051cd7c8319741701c7f1b29279f2278f9b3102e4922a22f
zombie/core/skinnedmodel/animation/debug/AnimationPlayerRecorder.java,155,6049,51,5,0,0,2,0,0,0,0,0,8,0,0,58,3,23b7af19e53291065741c7cb69eb8f6256c514e62f5d85f82fc59b8ad1d3fb46
zombie/randomizedWorld/randomizedVehicleStory/RVSCrashHorde.java,112,4894,51,0,0,1,0,0,0,0,0,0,3,8,0,0,1,ab3b7e80158fca93082e5b7c873d611e37e3b0f4f25aedc059677e7a44ca9053
zombie/randomizedWorld/randomizedVehicleStory/RVSFlippedCrash.java,109,4780,51,0,0,1,0,0,0,0,0,0,3,8,0,0,1,1124f197536b9e57c88382ce88ac8bd6e154e0689167e1b9f97403cc0b6beec1
zombie/audio/parameters/ParameterFootstepMaterial.java,97,3249,51,1,0,0,0,0,0,0,0,4,7,4,6,0,0,e901fcf6bc062934317f693d9c3ea5ef0fa114f7b0b8e734965f2f9b69e00336
zombie/commands/serverCommands/GodModeCommand.java,71,2656,51,0,0,0,0,0,0,3,8,0,2,0,0,0,0,c2dd446ca8897ed65363b288c63aa0d0ea54eeba62849adbdd767e060098ae09
zombie/modding/ModUtilsJava.java,41,1436,51,2,0,0,0,0,0,0,9,0,3,0,0,0,0,462f3680e7240db2e8e423cc02594b661c66b6ef8ee5c266daec6258613c93d4
zombie/worldMap/WorldMapRemotePlayer.java,139,3846,50,0,0,0,0,8,0,0,2,0,2,0,0,0,0,964db6357f2c530f86b34322aea559ea6ac32cd4b89786d0ab001fdc04af28aa
zombie/radio/devices/DevicePresets.java,133,4127,50,0,0,0,0,0,8,0,0,6,0,0,0,0,2,cb995b024526188426802b0acdb7a64bd1581d6fd2ab970a37b6106cf47dc727
zombie/ai/states/SmashWindowState.java,123,5386,50,1,0,0,0,0,0,0,0,0,10,0,4,8,0,f89eb3421d69e7ae99243baf5da61f92406b6c3ef9f847fd365260377fdc253e
zombie/audio/parameters/ParameterMusicWakeState.java,68,2120,50,1,0,0,0,0,0,0,0,0,10,0,2,0,0,5f83cd9a9925fa74a80d8c2f93161b75b697c1393eff39a192346dbb7b1b651f
zombie/ai/states/StaggerBackState.java,60,1895,50,1,0,0,0,0,0,0,0,0,10,0,0,6,0,36077640ccebdede130110f423feedb2b4818f09af3346a888a8b501098f3ed0
zombie/iso/Alarm.java,110,4483,49,2,1,0,0,0,0,0,5,0,3,3,59,0,0,4fac5f0fc0bc636d450140176944dbbf57f8a4eed2a018310af155fb4c7e6c93
zombie/audio/parameters/ParameterZone.java,63,2439,49,0,0,0,0,0,0,0,0,0,8,2,2,0,1,595afe9a3dd393de65068f006f048e2183a11e42678d8d20b6e0f0f33ae9bde8
zombie/core/skinnedmodel/population/OutfitManager.java,442,17544,48,9,0,0,11,0,0,0,0,7,0,0,0,0,4,892083d1bdbd8a88b5354ec6f5a65d469a36383d09ac0d4bee1e76ddd23b1eea
zombie/inventory/types/Key.java,99,2816,48,1,0,0,0,0,0,16,0,4,0,0,0,0,0,ea7211240c291ebf9aaed7cd0fd8a2c33f048070fa55c1ca14c0f7489fb7c02a
zombie/network/packets/hit/Weapon.java,92,3216,48,0,0,0,0,0,0,0,12,2,0,0,0,0,0,314cf03a3cb11d9669e645b17e22ce494328d884455530a15cfd81d65d6c5394
zombie/network/packets/hit/PlayerItem.java,74,2390,48,0,0,0,0,0,0,0,12,2,0,0,0,0,0,f516e98d0a157ba42b1a424d32674fb1084f662e7f4bbb7691a329db7f458122
zombie/ai/states/PlayerGetUpState.java,60,1905,48,1,0,0,0,0,0,0,2,0,8,0,0,1,0,cd11f48b0ef387d6c96f268febbf5cd1d3638c1ab5116bf0ebdff6e424b3be3e
fmod/fmod/FMODFootstep.java,59,2285,48,0,0,0,0,0,0,0,0,2,8,2,6,0,0,ecce97feeb0f5e9237607af177546108315686c3e415410c1ed797074fbf8159
zombie/network/packets/SyncNonPvpZonePacket.java,53,1675,48,0,0,0,0,0,0,0,10,2,0,2,0,0,0,3eb3998c14e64c45821d5bf930d5f6fcdf5998c4dc486c9c47d1ef24e86410a7
zombie/audio/parameters/ParameterRoomSize.java,43,1444,48,0,0,0,0,0,0,0,0,0,8,2,2,0,0,897b8a01190320a616677eca67adbfbbbe0aa691c01cd632eeef9fd5f687066d
zombie/characters/BodyDamage/Thermoregulator_tryouts.java,1515,60604,47,6,1,2,0,0,0,0,0,2,7,0,0,0,4,2bf51ed279eb07f386ab34545fbe9fb9e6844c198ecbf7ca4ee9bea97e7b4b17
zombie/characters/BodyDamage/Thermoregulator.java,1215,46322,47,6,1,2,0,0,0,0,0,2,7,0,0,0,4,7a14a1f898d1b2aecf3e70d9d7fa7eed15973dab0c9bfa1fe9d9ef7b2bf64ec1
zombie/iso/PlayerCamera.java,332,15834,47,1,1,0,0,0,0,0,2,0,7,0,0,0,2,24bdf21d88fc8b9c135527cf280fa09779347a7f9b1e3798151e1187179eb009
zombie/randomizedWorld/randomizedVehicleStory/VehicleStorySpawner.java,178,7571,47,1,0,8,0,0,0,0,0,0,0,4,0,0,7,168b2281bd9a436f9d460fda54b245e7043d6fd7564b838931c5e97c7148dca2
zombie/characters/HaloTextHelper.java,140,4772,47,17,1,0,0,0,0,0,0,0,9,0,0,0,0,dd9bff7eebdc44d399cb250cdbee62478ef4efe705620215a8f59283c9795063
zombie/commands/serverCommands/CreateHorde2Command.java,119,4472,47,0,0,0,0,0,2,1,4,0,0,4,0,0,0,6ca1273aa1836753c6dfd46ba8084c222b4a0d88114493fe8eb89f91581e6e3c
zombie/iso/weather/fx/ParticleRectangle.java,119,4183,47,0,1,15,0,0,0,0,0,0,0,0,0,0,0,7a598ebe9665af30c3ed0f25da79c3cc9288b03f2a4ba4929e326f381ebf0465
zombie/commands/serverCommands/UnbanUserCommand.java,52,1819,47,0,0,0,0,0,0,1,11,0,0,0,0,0,0,23bdc9d43b74786420c535c4ced7aa240d4be856dd0e2eb9669491d6adc0b38e
zombie/commands/CommandBase.java,380,13905,46,8,0,0,0,2,0,1,8,0,0,0,0,0,3,5f90d907f9c5cd59c0e2763a4e8b9d8fec7e2a358386753ac17b5439abe76b5b
zombie/debug/DebugLog.java,360,15166,46,32,0,0,0,0,0,1,10,3,0,0,2,2,3,89e0bdb3fe37909dcf84d117f233f723023d0e93b90aee6225c0d3d2072903e8
zombie/vehicles/VehicleWindow.java,125,4059,46,0,0,0,0,0,0,0,7,2,2,2,7,0,0,196d57825ffe8003b4bc4c34c6c9eedcd3a5ab8a523d2d407a0573796f872473
zombie/core/skinnedmodel/model/VertexDefinitions.java,90,3203,46,0,0,12,0,0,0,0,0,0,0,0,0,0,10,5e0cba18e3f325081af062351fcfb860c6077cea2f628920b535ff85e5a8ab59
zombie/commands/serverCommands/ReplayCommands.java,87,3565,46,0,0,0,0,0,0,4,6,0,2,0,0,0,0,0296e58ea53135af975b67e81f5b69656286e7bf74529099ed502efaaddbabbe
zombie/iso/IsoHeatSource.java,70,1804,46,0,0,0,0,0,0,0,0,0,2,9,0,0,0,e3885bc44011af9f8288b539a2c5ac26972569aecaf39858d5b96880f5d43364
zombie/DummySoundManager.java,326,7020,45,1,1,0,0,0,0,0,0,0,2,8,38,0,1,2036226668a2248d8b3691fc53f818e41feb6798d0e8c6d96af423f1316f143e
se/krka/kahlua/vm/Prototype.java,302,10333,45,9,0,0,0,0,7,0,0,2,0,0,0,0,3,c8092cba3c76f129e7d8a4369025ca0afd48f2d23d6ae7a7504490668d916e8f
zombie/core/textures/GLFramebufferObject30.java,141,3059,45,0,0,15,0,0,0,0,0,0,0,0,0,0,0,b7a7c6d1ec374ddcc76bf68b5cde2b3b73af464fcefc2b1bcdc1ba10c672b78f
zombie/core/textures/GLFramebufferObjectARB.java,141,3236,45,0,0,15,0,0,0,0,0,0,0,0,0,0,0,199a931b012e425606d87d718c5c1e2d6fa33c5b3d181af400f45ae11921b32b
zombie/core/textures/GLFramebufferObjectEXT.java,141,3266,45,0,0,15,0,0,0,0,0,0,0,0,0,0,0,585c0c1792d375eae0f3d606ca87f6f6bbef8954fea06e50faa431f079766dc7
zombie/randomizedWorld/randomizedBuilding/RBSafehouse.java,126,6012,45,0,0,0,0,0,0,0,3,2,0,8,0,0,1,3fe6476151db95ec21d444915ddaaa4d0e729bb74701d1dafba7ae3f42a83bf1
zombie/ui/ModalDialog.java,109,4163,45,0,0,0,0,5,0,0,0,1,5,0,0,0,0,d9aa212fab103702a6066c1199c85a43881cd9b7ed5a6acaa0c27a5e288733b8
zombie/characters/NetworkZombieVariables.java,108,4093,45,5,0,0,0,0,0,0,5,0,5,0,0,8,0,648bb09357c847d03b3c6e4d9ef19f8bda83d820a3460528bb7d3025a6ba4afa
zombie/randomizedWorld/randomizedVehicleStory/RVSChangingTire.java,105,4814,45,0,0,0,2,1,0,0,0,0,0,8,0,0,1,852a04cf6afe16341ec8d1ce1524cbe515d1e544358bb6df39af23b9ebcdf972
zombie/ai/states/CollideWithWallState.java,66,2305,45,1,0,0,0,0,0,0,0,0,9,0,8,7,0,9628f81e551f6b8040ee20fca49a8c4ec00bf999844a1fd1118bbcf0ea392d9e
zombie/ai/State.java,61,1753,45,0,0,0,0,0,0,0,0,0,9,0,0,4,0,db44463af5387e469fd49c1662e5d2d28815e70c545dd49d6e9215072b011a8d
zombie/core/textures/IGLFramebufferObject.java,58,1472,45,0,0,15,0,0,0,0,0,0,0,0,0,0,0,852f794187808bfaed2249e93ddf290d2b84d66f4d77f13208ac888e204d9dd2
zombie/commands/serverCommands/PlayersCommand.java,54,1673,45,0,0,0,0,0,0,0,11,0,0,0,0,0,1,184bfbed955a9ba38809ed817d8a9267ad5d1c54e95fecc9fb2257410a88f31d
zombie/FileGuidTable.java,48,1514,45,0,0,0,11,0,0,0,0,0,0,0,0,0,1,48b269170da965f81c33cb4ba74e4a62d40a040ccf03ae562924579ffa128172
zombie/audio/parameters/ParameterHardOfHearing.java,46,1370,45,0,0,0,0,0,0,0,0,0,9,0,2,0,0,c6bf9ff05426cffb41cdef3f52fa5b0af3b727547e9301751ef7671cabbf03aa
zombie/audio/parameters/ParameterMusicZombiesTargeting.java,43,1402,45,0,0,0,0,0,0,0,0,0,9,0,2,0,0,92c0b3612d2873137568f38a3452fb8cf45834a25213b4ac63a31b7a90d216ca
zombie/ai/states/PlayerFallDownState.java,42,1295,45,1,0,0,0,0,0,0,5,0,5,0,0,4,0,2c41ba0cabcdbf2ce0f76120556bee154bd1de1c2efc087ffd39f1f3828629ee
zombie/characters/traits/TraitFactory.java,188,5991,44,9,0,14,0,0,0,0,0,0,0,0,0,0,2,efb4864f7be477f830f7c6cb4d5fee9a49da3fe36dc452dc146194f94490c34e
zombie/BaseSoundManager.java,156,5424,44,0,1,0,0,0,0,0,0,0,2,8,37,0,0,c22b2cc7a5f4924cb28dd9607215007bc2f2e9b52a07970f84f76decbd54829d
se/krka/kahlua/integration/expose/ClassDebugInformation.java,140,5715,44,5,0,0,0,0,7,0,0,0,0,0,0,0,2,8fd02d9a71487007d275e725638a271d3c8ab912c93c4969b64b0f3b31b9555d
zombie/iso/objects/IsoStackedWasherDryer.java,134,4598,44,0,1,0,0,0,3,0,0,13,0,6,0,0,0,be7e6343a156aa9cd1664f1affc297e87387037e6a0c68879f864532c85f51d6
zombie/core/znet/SteamFriends.java,86,2717,44,19,0,3,0,0,3,0,4,0,0,0,0,0,1,10d2b09394d2fec181684c366531fe6dc95e5dfa51e7063908798584b73624fd
zombie/iso/objects/IsoClothingDryer.java,85,2413,44,0,1,0,0,0,3,0,0,11,0,6,0,0,0,eeb310d79b8d3c3b99fe72a03ca74c9d57b8600117ac9e791dbca5dbe0fb4d59
zombie/iso/objects/IsoClothingWasher.java,85,2419,44,0,1,0,0,0,3,0,0,11,0,6,0,0,0,de6124bc2779c08067155834453e8cf6a58111cd72559e0db7edfc9c292e0c4d
zombie/network/ZomboidNetData.java,50,1308,44,0,0,0,0,0,0,0,11,0,0,0,0,0,0,03f9286a00aa5a9f7983f4de1dc206b6ba9b0d251d0f5f3f5ffc4200d6133880
zombie/network/packets/RemoveCorpseFromMap.java,48,1408,44,0,0,0,0,0,0,0,11,0,0,0,0,0,0,83634d0ef7f577f61361b8dde87dae99ff33d18779f49184f9ef4583b17e3c4b
zombie/asset/AssetPath.java,29,655,44,0,0,0,11,0,0,0,0,0,0,0,0,0,0,3f63c7e6dc6c62494f544dcc21c55ba9e71d3ea95d6fffa1efe9d7497995e006
zombie/erosion/ErosionData.java,8268,134581,43,2,0,0,0,0,0,0,4,5,0,6,0,0,3,fc5c5c0936ecf8a4c85cbe6aedc45f5e7c853bb74c5ef98e376c5a31f5f72864
zombie/network/ServerSettingsManager.java,100,3588,43,0,0,0,10,0,0,0,0,0,0,0,0,0,3,629c15e571871d8f51bc0354f29b3e16ac196545b8600394def2b06de8234555
zombie/randomizedWorld/randomizedVehicleStory/RVSAmbulanceCrash.java,80,3447,43,0,0,0,0,0,0,0,0,0,2,8,0,0,1,f98201390ae854af4792cfe21ba6d14cc3c9a6ec692921e42690a82eda81b264
zombie/commands/serverCommands/VoiceBanCommand.java,64,2320,43,0,0,0,0,0,0,3,6,0,2,0,0,0,0,f7ec350ee559212069fcf8509a67649491c05052287ee55a5d32cc91028ec9f7
zombie/world/moddata/ModData.java,53,1488,43,10,0,0,0,0,7,0,0,18,0,0,0,0,1,b27be2ca2517643a5d68ab577fb926491330397b01f880625413dee873b8e5d2
zombie/ai/states/PlayerOnGroundState.java,38,1166,43,1,0,0,0,0,0,0,2,0,7,0,0,3,0,905b7a279cf2fa134f915266d5c699cb0e7a2b7f5ae22f6f763247f76f58c090
zombie/ai/states/ZombieSittingState.java,32,963,43,1,0,0,0,0,0,0,2,0,7,0,0,0,0,88758f94100d2e85c85ac2cb47b1a99b101b0a9b7d105dd6395e1cf2025a779d
org/luaj/kahluafork/compiler/FuncState.java,1269,37786,42,29,0,0,0,0,5,2,0,0,0,0,0,0,6,7235f0d08b55939be20431a7ac5b554592db349a2167212dccbf996a02934632
org/lwjglx/util/glu/tessellation/GLUtessellatorImpl.java,495,16026,42,2,0,6,0,0,0,0,6,0,0,0,0,0,0,3f87871a5e52b3390d8c9d7fa7dcbfff15769c24c19a9bf32ed09324e266d137
zombie/util/io/BitHeader.java,480,13805,42,13,0,0,0,0,0,14,0,0,0,0,0,0,0,a147adb8f87697cc887a78ab184af215f5a534279f5a570300375d8891738f1f
zombie/erosion/categories/ErosionCategory.java,285,10302,42,2,1,0,0,0,0,0,0,15,0,10,0,0,0,33bec1fb33c4351bd51999278a242575c96f19d9fc673a28e2ae070aae5969bb
zombie/characters/DummyCharacterSoundEmitter.java,152,3539,42,0,0,0,0,0,0,0,9,3,1,0,42,0,1,78ee1e15c9d88fd7f64e853fb6b00b5f45eb0217584afe54c259223df50aa968
zombie/sandbox/CustomSandboxOptions.java,132,5140,42,1,0,0,1,0,0,12,0,0,0,0,0,0,2,09d52975a8a58741c80a0be1818c1b83afca3e19901772b1f2862d590355eba8
zombie/characters/Safety.java,113,3175,42,0,0,0,0,0,0,0,8,2,2,0,0,0,0,3a497d68ea48651cf7e93d4d409a6bc70710771354968b15706af1de0e2efb0c
zombie/text/templating/TemplateText.java,106,3063,42,11,0,0,0,0,7,0,0,3,0,0,0,0,0,a8475d0afb53fd8aab359d46a00075e8351e4c05ec27a4da4c7f6b92bbde7c96
se/krka/kahlua/integration/expose/MethodArguments.java,99,2744,42,4,0,0,0,0,5,3,0,0,0,0,0,0,3,773aa6e216581a9809cae3bd79bcf761f62d0e5713d5278dfce1ae14bb663ea6
zombie/erosion/ErosionWorld.java,66,2930,42,0,1,0,0,0,0,0,0,4,0,10,0,0,0,ffedbed5642917eca8e282567cb15bec71ee7e890fb493b3f290eded2304dd70
zombie/randomizedWorld/randomizedBuilding/RBBurntCorpse.java,61,2150,42,0,0,1,0,0,0,0,0,0,3,6,0,0,0,b100bac843a5ffa0da437aa4675b0def2f648eb18f5f122be2f39547186783ba
zombie/ai/states/CrawlingZombieTurnState.java,59,2308,42,2,0,0,0,0,0,0,0,0,8,0,0,4,2,aef304ab684816900917ec67f93312344dabc5322a39c27e87b84ce7e85f5729
fmod/fmod/SoundListener.java,55,1675,42,0,0,0,0,0,0,0,4,0,5,0,12,0,1,4a7c9e3db81b502ef4f47609e545602425aef9f796c4a559036a78c627b527a0
zombie/iso/FireShader.java,48,1864,42,0,0,14,0,0,0,0,0,0,0,0,0,0,0,f1925b79d0d61047091f803571656d2b5fa1067101f72b37997b26854b20b09b
zombie/iso/SmokeShader.java,48,1873,42,0,0,14,0,0,0,0,0,0,0,0,0,0,0,fc57a5f8ab0c1514439d6a77bb8112bb2ae64b99a6feb3822df3bf448b4a40c6
zombie/core/Styles/Style.java,44,1263,42,0,0,14,0,0,0,0,0,0,0,0,0,0,0,f916135be2f03be4448991e5187791e76f2e27349b22e5ab80826c41e8705c60
se/krka/kahlua/converter/KahluaEnumConverter.java,35,1130,42,1,0,0,0,0,7,0,0,0,0,0,0,0,0,0a04297266cf4cd09ee4ba0312451e95179045f681469616346bd9a123ec8bc5
zombie/scripting/objects/Fixing.java,253,9690,41,1,0,0,0,0,0,1,0,1,7,0,0,0,3,68c1bfdae8bcc0838d35ce0aa062f8cec967105c917ba656b33a7a54efcf3d26
zombie/scripting/objects/Recipe.java,689,20167,40,0,0,0,9,0,0,0,0,1,0,0,9,9,4,7265a72a369a12b77d1d7bb019a5ca30b2c82930dd1aaab3bc17c773049a9af6
zombie/erosion/categories/NatureGeneric.java,325,12444,40,0,1,0,0,0,0,0,0,9,0,8,0,0,6,64a726d7f6c1e64f253ccd98aeaf40f89117543724b5730df984229249d4fc6c
zombie/worldMap/symbols/WorldMapBaseSymbol.java,129,4424,40,1,0,4,0,7,0,0,0,2,0,0,0,0,0,38bdfa7ce30f34ba1633bf0ec289e5f061b4c188d56c1df6b3f4d9618f14be5c
com/sixlegs/png/StateMachine.java,121,4630,40,2,0,0,0,0,0,0,0,0,0,10,0,2,0,50687910c96d1d9ab1e9f4f0166102d34cbac79c6ba15c0a03d39503a70257bd
zombie/radio/devices/WaveSignalDevice.java,67,2842,40,0,0,0,0,0,3,0,1,0,2,2,3,0,0,72747c1ffe5a1e7e4b042bf2691dd473c589119a554dc6d73bf8f8a244819a49
zombie/commands/serverCommands/LightningCommand.java,57,1847,40,0,0,0,0,0,0,2,6,0,2,0,0,0,0,94a9d7e719f156e35ddb8923e3877f6a245ad2232cf39fb556991d3d29351b19
zombie/commands/serverCommands/ThunderCommand.java,57,1838,40,0,0,0,0,0,0,2,6,0,2,0,0,0,0,d8cbae5510c74171344b4a778126c1ff2b3a50b944cfe5f4341ab55912577c7f
zombie/ai/states/PlayerEmoteState.java,53,1538,40,1,0,0,0,0,0,0,0,0,8,0,0,4,0,7bcdb5c4d81d0bb5b1171b12ee38efd2b0b322930742c73fd45a5f7b70856705
zombie/network/packets/hit/Perk.java,49,1485,40,0,0,0,0,0,0,0,10,0,0,0,0,0,0,d0171dcbfeb5e7e5deac7a9865230fa32e4bc93dee8d1560f71851f18d652866
zombie/commands/serverCommands/ReloadLuaCommand.java,43,1208,40,0,0,0,0,0,4,0,4,0,0,0,0,0,0,4599fbee16ce581dc6486802c92477b4e89970c94537a39f551b36cbcd6c3449
zombie/audio/parameters/ParameterInside.java,39,1283,40,0,0,0,0,0,0,0,0,0,8,0,2,0,0,104386cf930d135c453df8cfefc0cb9eaa96a14de1bf63467e129c0554899a54
zombie/network/packets/hit/Instance.java,35,881,40,0,0,0,0,0,0,0,10,0,0,0,0,0,0,eb913de7dc44ad57c86612853f9bc3b6893368a4eceb1c22c4967a104c8d0788
zombie/audio/parameters/ParameterClosestWallDistance.java,32,1139,40,0,0,0,0,0,0,0,0,0,8,0,2,0,0,5d398a462cb27c12ad7ba174eef7ef773b9655453d6ee4db90d8b89e3ad961b3
zombie/audio/parameters/ParameterMoodlePanic.java,32,1126,40,0,0,0,0,0,0,0,0,0,8,0,2,0,0,1a06dd208a335806824ed972d766b49d3335001151cddd4689730627bcb356ac
zombie/core/skinnedmodel/population/Outfit.java,200,8089,39,1,0,12,0,0,0,0,0,0,0,0,0,0,3,a9aee2f8460a73f3d4bc5067bb61e1aaae22ea6e6d6610f0143d32dc42d1ba5d
zombie/randomizedWorld/randomizedBuilding/RBShopLooted.java,141,5189,39,0,0,0,0,0,0,0,5,0,2,2,0,0,1,cd228aad73125a2fa62dcfe51633ceb1a9e1d378492d4a6d9376b51f61705fa0
zombie/interfaces/ITexture.java,124,2979,39,0,0,13,0,0,0,0,0,0,0,0,0,0,0,13d6ff7e92870e17636abc2a96246bd47b1cfa0b6e7e060b37b44e43fe5fec46
zombie/scripting/objects/MannequinScript.java,111,3376,39,0,0,8,0,0,0,5,0,1,0,0,0,16,0,26e1f2c18ad1fb25a51c54203a75a590768c09bcdf68f4da84f0542f0ec896ae
zombie/randomizedWorld/randomizedDeadSurvivor/RDSBandPractice.java,98,3717,39,0,0,0,0,0,0,0,5,0,2,2,0,0,1,6c2bdd7734d435dbd3fbb7aea6db88abf36a8b63c81e40dc22330520500baad1
zombie/randomizedWorld/randomizedBuilding/RBBurntFireman.java,72,2542,39,0,0,0,0,0,0,0,0,0,3,6,0,0,0,e92f3f7f3033b331a1a6be2be059c905b6c75b5886959463868c3affb0d4e687
zombie/sandbox/CustomSandboxOption.java,45,1643,39,3,0,0,0,0,0,13,0,0,0,0,0,0,0,58f87c727271e88a095b76846d2fa2cf5ec1a44fcbf29d0428abc01166872310
zombie/ai/states/ZombieTurnAlerted.java,39,1314,39,1,0,0,1,0,0,0,0,0,7,0,1,3,0,d0853e7a62436305892721585c9ab1f782e145755eb289722b34ec4706fb19db
zombie/iso/IsoGridOcclusionData.java,186,7934,38,4,0,0,0,0,0,2,0,0,0,7,0,0,4,51545008aa8bf2324488dff67050367d11adca17652a18d2e2d4fca108beadf6
zombie/randomizedWorld/randomizedVehicleStory/RVSConstructionSite.java,123,5233,38,0,0,0,0,0,0,0,0,6,0,9,0,0,2,6966e34cf49e7a84c7ee406dbbe67f2f43d28658609a62ccc39e62289c7f5d33
zombie/erosion/categories/NatureTrees.java,265,12189,37,0,1,0,0,0,0,1,0,11,0,7,0,0,4,5ca4409fa9adf6ff6911a1a7cded8667f2c30bf7ea4b1c2632f508226ca6f869
zombie/iso/LightingThread.java,102,3200,37,1,1,0,0,0,0,5,2,0,0,3,0,0,0,7133f08aad8449967360df17cd8f79b445ac89d6f2cc5da7ef12c33d06af676f
zombie/randomizedWorld/randomizedVehicleStory/RVSTrailerCrash.java,96,4319,37,0,0,0,0,0,0,0,0,0,0,9,0,0,1,5b8b6d17c3d3dcdbcceb381201266e7102c0de980847111537ca33d1f1222c6d
zombie/commands/serverCommands/ReleaseSafehouseCommand.java,48,1690,37,0,0,0,0,0,0,1,6,0,2,0,0,0,0,2161463e330fa00b26b2432cc371029dfefc02a2d56f25a9166895f313967b90
zombie/commands/serverCommands/AlarmCommand.java,38,1286,37,0,0,0,0,0,0,1,6,0,2,0,1,0,0,75c9888340d6aeb4c5656c594f90103836576cc2bc43051984977826eaad1c07
zombie/core/textures/TextureAssetManager.java,23,703,37,0,0,7,4,0,0,0,0,0,0,0,0,0,0,06dded1a6c1ecf11c5f1b4959fe4c7072251a842a7d23a777ff1cbf9406de8ac
zombie/radio/RadioData.java,534,21399,36,7,0,0,7,0,0,0,0,0,0,0,0,0,8,0d6ad2852fbd7465635af0eebb3fe7fd61a528b7ae8732f12ba13faef54237b6
zombie/core/opengl/GLState.java,314,11130,36,10,0,12,0,0,0,0,0,0,0,0,0,0,0,a5d2063b4cac32c0d463008c2b9555a2555c9978acd7fd43c4e89e790a71cf0f
zombie/asset/Asset.java,233,6887,36,1,0,0,9,0,0,0,0,0,0,0,0,0,0,f3a0a7d9ecb980dfd777444509b7848b55bf0f450aeffd49d3f0f865bcf9d0fa
zombie/radio/StorySounds/SLSoundManager.java,171,6149,36,6,1,10,0,0,0,0,0,0,0,0,35,0,4,9adba1a380286581fa29a5f1edffb01bce08f56c191bfbb350eded8b7bd2ae4e
zombie/ui/TutorialManager.java,105,3013,36,3,1,0,0,0,0,0,2,3,2,4,1,0,0,9b3554569275b286502a3c4574d6d25ae524c4ff863f7535e719a92eb20e5acf
zombie/worldMap/WorldMapDataAssetManager.java,57,2325,36,0,0,0,9,0,0,0,0,1,0,0,0,0,0,59a401bd3109ed6590858d286bb22cb0b6f3f6a0ad48c57815f05dd2013f47e2
zombie/radio/RadioAPI.java,54,1357,36,7,0,0,0,0,6,0,0,3,0,0,0,0,0,2f363665f323d5ff65cc576fbc7b8a26236ee3d4a2b7ec801447f4be207aa03e
zombie/globalObjects/GlobalObject.java,49,1110,36,0,0,0,0,0,6,0,0,8,0,0,0,0,0,7c6f08dba87282090a788ca557d4408280a341d5ca573c11e73bf13724e4b034
astar/tests/AStarTest.java,30,1364,36,0,0,0,9,0,0,0,0,0,0,0,0,0,0,30a2d0f3c34449abb590b93a171ad64a128c3f7f9e1279ac2c62e2883aef52e2
zombie/ai/astar/AStarPathFinderResult.java,7,304,36,0,0,0,9,0,0,0,0,0,0,0,0,0,0,18105a8314377cad33c3f1bde28b4162d89ddf10cbdab1e512a271836a8e2e3e
zombie/erosion/categories/NaturePlants.java,267,12050,35,0,1,0,0,0,0,0,0,11,0,7,0,0,5,ce9c3378a9bdbe39507c9e784f2c89bc18fafa22921fe4781c6d8abb569a9278
zombie/erosion/obj/ErosionObjSprites.java,156,5704,35,2,0,2,0,0,0,0,7,0,0,0,0,4,1,29eca18789b39e7f5c6e56dbb0d2efa94004629e899ca06c174ff748a86ac06b
zombie/characters/action/ActionTransition.java,145,6061,35,3,0,0,0,0,0,0,2,3,5,0,0,8,2,27081316cd3b63d725e9999b37059bfcc4e781793ea4e97a499782da7e64a5c6
zombie/worldMap/WorldMapData.java,122,3867,35,2,0,0,8,0,0,0,0,1,0,0,0,0,3,d252ab867b80c35221f21e16b06c3399f479c09765fb49207fb6283a8d80ba1d
zombie/TimeDebugger.java,92,3085,35,0,0,0,0,0,0,0,8,0,0,0,0,0,3,e15678f7248a9c4389e66dd1cb653dfeca2ffdde586d2c853096c5840e66b9af
zombie/audio/parameters/ParameterOcclusion.java,57,1767,35,0,0,0,0,0,0,0,0,0,3,5,20,0,0,315d740b0311a8ea80623bfb163dde0cc0921c52cde0e6b4c4835d8dc28e3040
zombie/commands/serverCommands/ChopperCommand.java,51,1650,35,0,0,0,0,0,0,1,4,0,0,4,0,0,0,192acace5d606624d2574d7707ec4b69b35a01dac9024107b30ed50b1dbb2ad5
zombie/audio/parameters/ParameterCameraZoom.java,37,1237,35,0,0,0,0,0,0,0,0,0,7,0,2,0,0,81da31289fa0df854d6d0a50c71f71488483607de2869a50fa00b9df02f96543
zombie/worldMap/styles/WorldMapLineStyleLayer.java,36,1367,35,0,0,11,0,0,0,0,0,0,0,0,0,0,2,4a4303a6ca20d5bd40eb0d69fa2234eec84db1381f2b34860970b591a1686d6a
zombie/ai/states/ZombieFaceTargetState.java,30,833,35,1,0,0,0,0,0,0,0,0,7,0,0,0,0,57de24d994d996cab5432835f00145b03bd8b6e44ad8376ff6d4ddf91dfa27e1
fmod/javafmod.java,2864,144220,34,418,0,0,2,0,0,8,0,2,0,0,3854,0,2,9f2af2a3875afaf24692e3aac03e295ee2549ff5ec90acef56876dcc7196a37b
zombie/iso/Particles.java,215,7748,34,7,0,9,0,0,0,2,0,0,0,0,0,0,1,0472aa3672e26b9c675d971c45e0e3be41ae10c7273065fdc740ac2b3c93cf6d
zombie/erosion/categories/StreetCracks.java,172,7061,34,0,1,0,0,0,0,0,0,7,0,7,0,0,4,72e378ef258659d6db75fd53d9e70363e51a0d646a9395b88574213d021c6196
zombie/modding/ActiveModsFile.java,130,4735,34,0,0,0,0,0,0,11,0,1,0,0,0,0,1,491d309829a22a6e7f13604b4d84e027d3a93510ffe3f3ca858aaa6506102893
zombie/debug/options/Character.java,58,3844,34,0,0,6,0,4,0,0,0,0,0,0,4,6,0,d86b2506805d401ff5ec3cff52c904e952a0b72da594d1a31984262882c018cd
zombie/characterTextures/BloodClothingType.java,574,24286,33,16,0,1,0,0,0,2,0,0,0,0,0,0,24,13188608d0e1fca91597e420f88f2c7590118caa3388bcf58e08ce17e4f507ca
org/lwjglx/opengl/Display.java,559,21832,33,87,2,2,0,5,0,0,0,0,0,0,0,0,3,4a4773275e2c405358e60b2dd7008d4e515be593ac792c7305bc7acf2a7a382c
zombie/erosion/categories/NatureBush.java,250,10991,33,0,1,0,0,0,0,0,0,9,0,7,0,0,3,0974363aed68405c70741bd72f16d93653e9961b2f1ce63e83157aae3e48aae4
zombie/core/utils/BufferUtils.java,235,9735,33,15,0,0,0,0,0,11,0,0,0,0,0,0,0,aa5b9ecc5a66ba1d82704f7460a60ced3e1884c2412065da796482527d39a4f0
zombie/core/skinnedmodel/animation/debug/GenericNameValueRecordingFrame.java,163,5515,33,6,0,0,8,0,0,0,0,0,0,0,0,3,1,9edc2bbf5d3c595caff72f72f4cd25c4d77349ec5c87ec5ad0fcd0f757434414
zombie/randomizedWorld/randomizedBuilding/TableStories/RBTableStoryBase.java,138,5401,33,4,0,0,0,0,0,0,0,14,0,7,0,0,5,bb9dde1de3662b98717c4e0f2a220fca6c93c4e3b03d8bc7a84bc95d786683e7
zombie/randomizedWorld/randomizedVehicleStory/RVSBanditRoad.java,94,4172,33,0,0,0,0,0,0,0,0,0,0,8,0,0,1,92d76d83fd7dc7256103103400d6de7dc1b96d922b4d8bc7839a35047496c30f
zombie/randomizedWorld/randomizedVehicleStory/RVSPoliceBlockade.java,90,3466,33,0,0,0,0,0,0,0,0,0,0,8,0,0,1,90624a12b52169ace80b05662f178c283248df70c4a1b25a5d7894d99a863015
zombie/randomizedWorld/randomizedVehicleStory/RVSCarCrash.java,78,3269,33,0,0,0,0,0,0,0,0,0,0,8,0,0,1,1e25dfef11fd69b5cda42298dbb85666d820473463e68a7e1d556cfc82be833d
zombie/randomizedWorld/randomizedVehicleStory/RVSBurntCar.java,70,2551,33,0,0,0,0,0,0,0,0,0,0,8,0,0,1,b159f65263fdb2659c53747635c4fa0176df63a0408ae49db61a3ed72f5d6a84
org/lwjglx/util/glu/Quadric.java,68,1647,33,0,0,11,0,0,0,0,0,0,0,0,0,0,0,da42f640e18192fae0a25af8969cc4b4aaecf9ce6986cb871c6c43b66aa58749
zombie/randomizedWorld/randomizedVehicleStory/RVSCarCrashCorpse.java,66,2915,33,0,0,0,0,0,0,0,0,0,0,8,0,0,1,8bfe69b284f46f2980c1e59d04f706b027118e093f7602b1e0f097bada6a7d45
zombie/core/particle/MuzzleFlash.java,53,2241,33,4,0,11,0,0,0,0,0,0,0,0,0,0,0,9096a6ecfdf5b1c53d559933426b7c1dd66960e3570af6853f4bf335f1ff9a6c
zombie/iso/sprite/shapers/FloorShaperDiamond.java,14,471,33,0,0,11,0,0,0,0,0,0,0,0,0,0,0,32088f7cebf339fa0cd1587965a8d01f83c81c74519fe681a1e3ae419663d158
zombie/iso/sprite/shapers/WallShaperWhole.java,14,465,33,0,0,11,0,0,0,0,0,0,0,0,0,0,0,75fa2638358010df021efbc12f0f960acb08a49e343ad8bd9d0cd2f5f4021e62
zombie/iso/sprite/shapers/WallPaddingShaper.java,13,516,33,0,0,11,0,0,0,0,0,0,0,0,0,0,0,58a629fc6534284ae3bd33f08d6a385114e39065a248100dca4b5d6dba79df16
zombie/inventory/FixingManager.java,221,9389,32,6,0,0,0,0,0,0,0,0,6,0,4,0,2,f471e70c4c895290d8d363e72facf0114b8b9c71ed52c40c87b9f350651d7323
zombie/erosion/categories/Flowerbed.java,138,5847,32,0,1,0,0,0,0,0,0,10,0,7,0,0,2,72d163e2f60f9580610d20949087dba94dab87f5ae616d612992838d6cf3e81c
zombie/worldMap/symbols/WorldMapTextSymbol.java,96,3260,32,0,0,4,0,2,0,0,3,4,0,0,0,0,0,31eb1ddd0a7e7df1355e696967214591e967a829639ec36b97362174c19736f7
zombie/iso/sprite/shapers/SpritePaddingSettings.java,94,3683,32,11,0,0,8,0,0,0,0,0,0,0,0,0,0,a92ce86856097fde1eff8b690b65da9a84329250738e0e65c51d5b17d15b4b40
zombie/randomizedWorld/randomizedDeadSurvivor/RDSHenDo.java,73,2599,32,0,0,0,0,0,0,0,5,0,2,0,0,0,2,0f16bbdd7d664816ecb880e68d497e53c549befd26fcaa7a174d162431ef656c
zombie/randomizedWorld/randomizedDeadSurvivor/RDSStagDo.java,73,2606,32,0,0,0,0,0,0,0,5,0,2,0,0,0,2,1be990c26bef44935e10eb015b9e0e963312967ceb31fa57094ce7ca88412802
zombie/randomizedWorld/randomizedDeadSurvivor/RDSFootballNight.java,72,2586,32,0,0,0,0,0,0,0,5,0,2,0,0,0,2,9fac504556ea719869a469f364c63eca86583ea6780b4ec34bc6d3df88bbdc71
zombie/network/DBSchema.java,58,2115,32,0,0,0,0,0,5,0,0,4,0,0,0,0,2,242b88d3ce3fd53a4a1cdd73889e51c0bfcab065b87f1eb140beb627978caffd
zombie/network/packets/INetworkPacket.java,27,666,32,0,0,0,0,0,0,0,8,0,0,0,0,0,0,60fcf384658928616385cc68506b0ef0be8d3d136c857fbe5856aca7138a371b
zombie/ai/astar/IPathfinder.java,10,256,32,0,0,0,8,0,0,0,0,0,0,0,0,0,0,a06859f97896efe619dfcbff8e5b98e01a0570460717b46c9488579f93053e44
de/jarnbjo/ogg/UncachedUrlStream.java,141,4695,31,0,0,0,0,0,0,10,0,0,0,0,0,0,1,54911272390e3e5d27cef92b9c2b74ee6deeeebdf7ab9a2cf8a2af48c34fc4df
zombie/core/skinnedmodel/model/FileTask_AbstractLoadModel.java,117,4423,31,0,0,0,7,0,0,1,0,2,0,0,0,1,0,326dce4f667bcd3691196bc704bb4262d2414527e7cc1211351f179f20e1e679
zombie/randomizedWorld/randomizedDeadSurvivor/RDSPokerNight.java,77,2707,31,0,0,0,0,0,0,0,5,0,2,0,0,0,1,04dd083309010e7fa26fcb8b3dc365a48f5949c9e4b7e2a2e23a7b1d16a6470a
zombie/randomizedWorld/randomizedDeadSurvivor/RDSHouseParty.java,72,2461,31,0,0,0,0,0,0,0,5,0,2,0,0,0,1,9929f83274bc9699ead8c96e0216cd6017679316445a5da3a6d4f4e79be95c36
org/lwjglx/opengl/Sync.java,111,3513,30,8,0,0,0,0,0,10,0,0,0,0,0,0,0,77087d309aa6a5e7b340c38da4f9b321deac55b92644e9df22209bbd5f467f7a
zombie/ChunkMapFilenames.java,61,2029,30,1,0,0,0,0,0,6,0,0,0,3,0,0,0,8841ff5c5ecbbd0db6c381c566c35fe9770721dd49f650d2888ec554f8cfcb06
zombie/input/ControllerStateCache.java,46,1487,30,0,0,0,0,0,0,10,0,0,0,0,0,0,0,5cbcde3fb7c219db1208ef0e735d9f2692d866d0a2f1eab426a3f30993cec1f4
se/krka/kahlua/vm/KahluaTable.java,41,891,30,0,0,0,0,0,5,0,0,8,0,0,0,0,0,8c9ecd15a02e33fa31e7eeb6e90d329e93d6d17ea058b15bc9345faa14fc6add
zombie/input/KeyboardStateCache.java,41,1370,30,0,0,0,0,0,0,10,0,0,0,0,0,0,0,3a9b5693a14465521a460168c4ee1d9add0e3581b8dafe9b99bc575e3efd17c8
zombie/input/MouseStateCache.java,41,1335,30,0,0,0,0,0,0,10,0,0,0,0,0,0,0,6953ed898e9f924601f3042976f76eb9fb3c27755bd4a88a888283a44cdb873f
zombie/core/skinnedmodel/Texture/Texture2D.java,27,546,30,0,0,10,0,0,0,0,0,0,0,0,0,0,0,fb795624827023f4cf527975b0816adab78476a74043a619e9079eb5eebe809d
zombie/network/ServerSettings.java,208,7307,29,0,0,0,1,0,4,0,0,3,0,0,0,0,1,ce50cd83d263663d1e65e861575dcae65948d41e2d8d3bb285b0017e06368c68
zombie/iso/objects/IsoWheelieBin.java,101,3487,29,0,1,0,0,0,0,0,0,0,3,3,0,0,0,8b006a807d820e39f73d9856bb36c0b8aa9dceceb096d638a4258ccb5e4b8500
zombie/iso/weather/fx/SnowParticle.java,78,2901,29,0,1,9,0,0,0,0,0,0,0,0,0,0,0,b71cb6c739fe792ebc7d73962ab7c0e499439c841a271c0666bfa62c75512e8b
zombie/characters/ZombieGroup.java,66,1923,29,0,1,0,0,0,0,0,0,0,5,0,0,0,2,7d0a4887162b15e66fc2b718d037d1ee5c848975774ad40e6406cc3a5c9be5ec
zombie/iso/weather/fx/CloudParticle.java,45,1817,29,0,1,9,0,0,0,0,0,0,0,0,0,0,0,c185e740d85776bc8858a4fb9717d3d0001d4bdfa71f98e8d6b862fd16ae9075
zombie/iso/sprite/shapers/WallShaper.java,32,1208,29,0,0,8,0,0,0,0,0,0,0,1,0,0,1,a51fe99c284f8690c835130fb104b12e013fb57b0d0488acbddbc9fe4c513727
fmod/javafmodJNI.java,972,44106,28,28,0,0,4,0,0,4,0,2,0,0,542,0,0,f0a8faea593b27d3f9bc20ec30b2135eed9a3799d40ec95f016fc07d7ca940ae
zombie/core/skinnedmodel/animation/AnimationTrack.java,759,29474,28,8,1,0,0,0,0,0,3,0,0,0,0,135,14,b64705d95e27255dcd9e4db6795f152fc35f99538d02bedd0e964be60e5280da
zombie/util/map/IntKeyOpenHashMap.java,624,19839,28,0,0,0,0,0,0,0,0,0,0,5,0,0,8,4fea1b98ce7d84f3f226456324c60f34ad4d8cfce7fe81fcbe7352d7c0e3ed8c
org/lwjglx/input/Keyboard.java,291,11047,28,17,0,7,0,0,0,2,0,0,0,0,0,0,1,eca0f400a5913a8d0c9cfa287e366e6bb9419bb1c7f5f0c2404b940948d35e0d
zombie/radio/RadioTranslationData.java,206,8044,28,1,0,0,6,0,0,0,0,0,0,0,0,0,4,981863fd57eb4613c40b97270f43b8770c89303cfc821484ee8b039cb6d8faf1
zombie/modding/ActiveMods.java,194,6267,28,10,0,8,0,0,0,0,0,0,0,0,0,0,4,b027bc488c593259b7ec62d117a1c7d8b094269c56fca4af968533041ba454c3
zombie/randomizedWorld/randomizedBuilding/RBStripclub.java,160,8341,28,0,0,1,0,0,0,0,0,2,0,6,0,0,1,2a678accd01aaedf5cb7d0f969b8d5567533bb2887f7f4dee52b720ee911b828
zombie/randomizedWorld/randomizedBuilding/RBSchool.java,147,8142,28,0,0,0,0,0,0,0,0,2,0,7,0,0,0,02618e3fa89f917850f4733279b74801d3ca591a654f78d7427e2d51aafcf5e2
zombie/randomizedWorld/randomizedBuilding/RBOffice.java,139,7530,28,0,0,0,0,0,0,0,0,2,0,7,0,0,0,fc48787c4e36fe2177d031cc3969303477e00d1916945797559d9c8d910eccc8
zombie/randomizedWorld/randomizedBuilding/RBClinic.java,134,7359,28,0,0,0,0,0,0,0,0,2,0,7,0,0,0,9d3066a0c942af03fa648f1fbc767a8c51f6b0584ac4144e508ff508dd97d6e4
zombie/randomizedWorld/randomizedBuilding/RBBar.java,117,5389,28,0,0,0,0,0,0,0,0,2,0,7,0,0,0,a174081423a2be3358694de7a91bd36ea83c49e7c8652290d3b2dd3abb5a35d8
zombie/core/logger/LoggerManager.java,96,3385,28,8,0,0,2,0,0,3,0,0,2,0,0,0,1,0d06567c42a663f36f72aa48c5972f44a929c4873884dd5ef081f5a1bce7a9bc
zombie/core/skinnedmodel/model/ModelMesh.java,96,3302,28,0,0,2,5,0,0,0,0,0,0,0,0,9,2,fb9195b79e8578da77ac367266acd6c63618f6c0198e2ac5d0c51b83df9049f0
zombie/randomizedWorld/randomizedBuilding/RBHairSalon.java,92,4648,28,0,0,0,0,0,0,0,0,2,0,7,0,0,0,1aeb7583ded07f0d6f9a1923d4f6a45dba632054b33248c6502f4f2e689acccf
zombie/randomizedWorld/randomizedBuilding/RBCafe.java,88,3518,28,0,0,0,0,0,0,0,0,2,0,7,0,0,0,f431a460f7ef01bf71a7a9b0a887e33bfd46b0ea43ea9c6ba6cb0a95aa600a01
zombie/randomizedWorld/randomizedBuilding/RBSpiffo.java,76,3054,28,0,0,0,0,0,0,0,0,2,0,7,0,0,0,31e9b047355105601f72a7361d63fbf53c1ce340a055b4a013363382ae76917e
zombie/ZombieSpawnRecorder.java,70,2721,28,0,0,0,0,0,0,0,0,0,4,2,0,0,0,a73a090fd7a6815770ff46ce8f5e9a6b0b1c7fc7a3180f415bb96e28574d4d6b
zombie/randomizedWorld/randomizedBuilding/RBPileOCrepe.java,64,2488,28,0,0,0,0,0,0,0,0,2,0,7,0,0,0,97d3b5b0a7f5534acb977483db2afd42dcc818ec792c369a1983484121622a14
zombie/randomizedWorld/randomizedBuilding/RBPizzaWhirled.java,59,2274,28,0,0,0,0,0,0,0,0,2,0,7,0,0,0,4b58fde84f100a82bcfc20aef52f5d267ccce9c187dadb7336165373843cc2a1
zombie/core/skinnedmodel/model/AnimationAssetManager.java,57,2475,28,0,0,0,7,0,0,0,0,0,0,0,0,29,0,fdf1573fd25c29f88f7fc4efda2c979078316ef4320f17ad3d4ce797aa00eb7e
zombie/core/skinnedmodel/model/VertexPositionNormalTangentTexture.java,44,1495,28,0,0,8,0,0,0,0,0,0,0,0,0,0,4,fb26759381747e7846592d9be18234230fc66c0bf605ab849e90946b6027303d
zombie/core/znet/ZNetSessionState.java,39,1128,28,0,0,0,0,0,0,0,7,0,0,0,0,0,0,a9a741a1da995574003880a70ff8113a44ef0c2371b002a9928b948c968cfe56
zombie/commands/serverCommands/CheckModsNeedUpdate.java,30,971,28,0,0,0,0,0,2,0,4,0,0,0,0,0,0,a580bd85036c6cf6babea9d357b4416908bc8776945781ad024c4110dfab0375
zombie/core/Collections/NonBlockingSetInt.java,529,18499,27,4,0,0,0,0,0,9,0,0,0,0,0,0,0,a86331c66af534dcd55b127ff59d3e4818379e40e41fc7ce972d8a9d82c5458a
zombie/util/list/IntArrayList.java,315,8347,27,0,0,0,0,0,0,0,0,0,0,5,0,0,7,c21353b658979a5a42a0be526e0540d980c41d25cee9a8de21b48bacc8c7275c
zombie/iso/IsoPushableObject.java,197,6956,27,0,1,0,0,0,0,0,0,6,1,5,0,0,0,7d3977a72481dfdd00fed9a71d48afb9ce795b07c96f8ce1c9166a3764449296
de/jarnbjo/ogg/CachedUrlStream.java,185,7143,27,0,0,0,0,0,0,8,0,0,0,0,0,0,3,c3f8bc585c08e1820c3f133818a99c6ad555dcf37fdb0fa3b94330f90223dc51
zombie/iso/IsoUtils.java,123,5388,27,21,0,0,0,0,0,0,0,0,5,0,0,0,2,c93678bd2199714af7c49a957656dc9d9238ffed587bac5dd8e0013d37055315
zombie/commands/serverCommands/ServerMessageCommand.java,41,1250,27,0,0,0,0,0,0,1,6,0,0,0,0,0,0,901a5890fd7ac89ed2773d15499336a25c5b66f2d60144b8c6bec54004cb09bd
zombie/popman/ZombieCountOptimiser.java,30,1109,27,3,0,0,0,0,0,1,2,0,3,0,0,1,1,deb0c8b101ad67ab74af84be432da5d3345ec55f4cf9b61632935fe5d712a394
zombie/iso/objects/interfaces/BarricadeAble.java,26,684,27,0,0,0,0,0,0,0,0,0,3,3,0,0,0,3d297b8d100774323c9b5ccb145b5eab0fd0ef4214919268919fce867b9bc57c
zombie/scripting/objects/EvolvedRecipe.java,590,25843,26,1,0,0,0,0,0,0,0,2,4,0,5,0,6,614ca2d864ddab784baefc8c320c7316febc5be9ca75d296e5c02228639c7594
zombie/inventory/types/InventoryContainer.java,253,8214,26,0,0,5,0,0,0,0,0,6,2,0,0,0,1,225a31f41a39eb3cb7f239a3229a3040b62ab44e14150e1f6bf63f78e30ebd33
zombie/core/skinnedmodel/advancedanimation/AnimLayer.java,797,35485,25,3,1,2,0,0,0,0,0,0,3,0,0,690,2,b504ef5eb9089c5ae43ebb92072e9e9a49c4ed5212c95cfc4228f9c0bb083376
zombie/core/skinnedmodel/advancedanimation/debug/AnimatorDebugMonitor.java,683,25716,25,5,1,0,0,0,0,0,0,0,3,0,0,127,8,0c3560d546597ff46d3f7feda0a22e72f8d3eb83238c35b93614e498ba8fdba9
zombie/util/set/IntOpenHashSet.java,418,12733,25,0,0,0,0,0,0,0,0,0,0,5,0,0,5,1b41352d558720e010ed6220ec6af6a9a83fb6d75f3d09db54926c87a2d3d0a8
zombie/erosion/obj/ErosionObj.java,151,5475,25,0,0,0,0,0,0,0,0,16,0,6,0,7,1,5c10b515697ea4cb718831ca9f637b6d9b6a7440dc56ca6cddeafd08a171ab9c
zombie/inventory/ItemSoundManager.java,128,4755,25,5,1,0,0,0,0,0,0,0,0,4,39,0,7,384b27f5d732d8db95a4c7daf773d27ce97c28c54d7e51dfcd927dcf39b42755
zombie/core/skinnedmodel/population/ClothingItemReference.java,123,4817,25,1,0,8,0,0,0,0,0,0,0,0,0,0,1,35367f232123fba71022598ac3cf74da8fef51baf44d00209d7dfb5b7c8dcb8b
zombie/core/skinnedmodel/model/MeshAssetManager.java,87,3579,25,2,0,0,6,0,0,0,0,1,0,0,0,2,1,797bc2af49137da4fd3eb9736c187b1f89aa2932dc5c2c96049d574059de8465
zombie/randomizedWorld/randomizedZoneStory/RZSForestCampEaten.java,87,3780,25,0,0,0,0,0,0,0,0,0,5,0,0,0,0,707294d6bfd5d98502281d09cc2ca15aeee1adb802cbe288e797c25f711f9e71
zombie/randomizedWorld/randomizedZoneStory/RZSSexyTime.java,79,3486,25,0,0,2,0,0,0,0,0,0,3,0,0,0,4,6e76ec43cc877b3a59cb961c1ed119c98715f2adebdbe87d3533ef10186c9486
zombie/ai/KnownBlockedEdges.java,55,1602,25,2,0,0,0,0,0,3,4,0,0,0,0,0,0,c96359c76e824c520138b43121252b6d1dea42ae3ce19cd1b4e066e2e2218e82
zombie/core/utils/DirectBufferAllocator.java,45,1389,25,3,0,0,0,0,0,8,0,0,0,0,0,0,1,90248f2dde3dc776cf6d8638eca26450b1b942826ad57f62b9e682d42c188f16
zombie/ai/states/ZombieFallDownState.java,42,1226,25,1,0,0,0,0,0,0,0,0,5,0,3,4,0,94bb150885d03ff2bccfb653f5a03b46b0bfac797c51217a837a3d7e373a8257
zombie/ai/states/PlayerAimState.java,37,1111,25,1,0,0,0,0,0,0,0,0,5,0,4,5,0,c65f382f0825d039440cd7401f2678dafa2f76fa1c753bc9c8346b5ed8f39ad0
zombie/ai/states/PlayerStrafeState.java,37,1120,25,1,0,0,0,0,0,0,0,0,5,0,4,5,0,ff53e7bd1894e4aeba46af4bd658c23273bc537578e4fc7d842f683872ee7c2d
zombie/ai/states/ZombieFallingState.java,37,1161,25,1,0,0,0,0,0,0,0,0,5,0,0,9,0,1af89dd96849c35358fd5fe607358b5b806a247581078dd9fcce5273f9f658fe
zombie/ai/states/PlayerExtState.java,35,976,25,1,0,0,0,0,0,0,0,0,5,0,0,4,0,dea6d5461be6e4bd7d6a9d1d5c6ececb2f2b2ba6c57bb53f39c148a6197baa95
zombie/iso/objects/interfaces/Thumpable.java,18,508,25,0,0,0,0,0,0,0,0,0,5,0,0,0,0,0984733ae7206e758904f6f8c7354f113cd17577c934f638fbd5f3c555efbd8a
de/jarnbjo/vorbis/Floor1.java,245,9511,24,0,0,3,0,0,0,0,0,0,0,0,0,0,15,7ced63c55c62c9e9f4985046e0ed842d00d7e0e9a8f56a0bfe2edad8e77745ce
zombie/core/opengl/VBOLines.java,213,7264,24,0,0,8,0,0,0,0,0,0,0,0,0,0,0,4259b2a34515af1f255affb0f4d412af54945813f166ed46da5275793f5c0d26
com/sixlegs/png/PngInputStream.java,206,5790,24,0,0,0,0,0,0,0,0,0,0,6,0,0,0,0426541d54a5c36d7b89eb6a4d6e3c2050276ec740422b947263d87471686005
org/lwjglx/util/glu/Sphere.java,178,7080,24,0,0,8,0,0,0,0,0,0,0,0,0,0,0,e1f42fc19a38f7b3917d52919611881f25e25236d5ed601c08497ad26af0ea70
de/jarnbjo/ogg/LogicalOggStreamImpl.java,165,6077,24,0,0,0,0,0,0,6,1,0,0,0,0,0,2,4ff57e030286cd08e12bb54e9b54634175dc4943939e0a88d7d1fb205c418e0b
com/evildevil/engines/bubble/texture/DDSurfaceDesc2.java,102,3568,24,0,0,8,0,0,0,0,0,0,0,0,0,0,0,d92c057a07a962f2b4bac0ae587a01678239556ec3ac1f12b586abb805df8146
zombie/core/skinnedmodel/model/AiSceneAssetManager.java,80,2893,24,1,0,0,6,0,0,0,0,0,0,0,0,0,0,6243377f67d4e4daf50d6bc99322b57481fa47d532bb07ba72d7ec02561da147
zombie/commands/serverCommands/HelpCommand.java,71,2317,24,0,0,0,0,0,0,0,6,0,0,0,0,0,0,b06a0882120f617996f87a4f42feb98b58ca017baed574e3c66ed1e66352a466
zombie/core/Clipboard.java,66,2112,24,8,0,0,0,0,0,8,0,0,0,0,0,0,0,9269c66e834ef359d4c372db0d11e6d8c40b74cee7bc4ec4f47c99fde510b47c
zombie/randomizedWorld/randomizedBuilding/RBLooted.java,63,2561,24,0,0,0,0,0,0,0,0,2,0,6,0,0,0,1306f7443a5e82b431942c9cb64fe4dcbb51438f2363198ce5ae47577a7fe9a4
zombie/randomizedWorld/randomizedBuilding/RBOther.java,57,2064,24,0,0,0,0,0,0,0,0,2,0,6,0,0,0,ddae608f66bb8e3d4b46dd0fb3c5a3c52c7aa7a8346bec38ecc39a5669f43cca
zombie/gameStates/TermsOfServiceState.java,53,1413,24,0,0,2,0,0,3,0,0,0,0,0,0,3,0,94dcf4a33e399662cf43a510e6d6bd71c8f55bb21dbdbe05ae736e776c24547b
zombie/randomizedWorld/randomizedBuilding/RBBurnt.java,52,1596,24,0,0,0,0,0,0,0,0,0,0,6,0,0,0,8cf0899ffe7bf0c46f977dc872ea5d53d4336608af4b9c3d18a5e49340091494
se/krka/kahlua/integration/LuaFail.java,45,1263,24,0,0,0,0,0,4,0,0,0,0,0,0,0,0,7047f6bb9d996aba440d3fb978613b5e3fe47918ad9e7f7383d83ce99f475c69
zombie/spnetwork/ZomboidNetData.java,44,1079,24,0,0,0,0,0,0,0,6,0,0,0,0,0,0,cb28fc3479014741fb395e0d9c1485c87169d1709bb36e41b71855b4f9e06e1d
com/jcraft/jorbis/PsyInfo.java,42,1340,24,0,0,0,0,0,0,1,0,0,0,0,0,0,21,f888f593df30e30fc40300ef8e2ad21b80c480582c52a394146a110ef91b1e86
zombie/core/skinnedmodel/advancedanimation/AnimNodeAssetManager.java,37,1192,24,0,0,0,6,0,0,0,0,0,0,0,0,13,0,fa023f8d9abe38baa5659bbefcc4eab745274bc92a720d694359bfe8664b3e62
zombie/commands/serverCommands/SaveCommand.java,32,908,24,0,0,0,0,0,0,0,6,0,0,0,0,0,0,c80f5715b0e862aeab99be8a62140be02e591ea813b3c3a08283be5994db3b9c
se/krka/kahlua/integration/expose/IterableExposer.java,22,726,24,0,0,0,0,0,4,0,0,0,0,0,0,0,0,e760cb35cc4f89400390aa4f341a8b88488ee32cc38bd9f06f01ded2fabdd41e
zombie/network/ConnectionManager.java,22,816,24,1,0,0,0,0,0,0,6,0,0,0,0,0,0,b631642dd9412d2b5acd10243b5e6a291f889fd59e2630a09bc66e42c4ec8526
zombie/iso/areas/isoregion/jobs/JobServerSendFullData.java,21,540,24,0,0,0,0,0,0,0,6,0,0,0,0,0,0,4b8b462868777ce335eee4fd39359ac584c6fa1ff5ce5d7595db790a6506005f
zombie/text/templating/ITemplateBuilder.java,21,524,24,0,0,0,0,0,4,0,0,3,0,0,0,0,0,0a044a029ba6ad2f5835a6e3788e09b463caa7dc7fb87415dab583a3453b0589
se/krka/kahlua/vm/Platform.java,12,309,24,0,0,0,0,0,4,0,0,3,0,0,0,0,0,8e7cc08692d6e833ca84c677c3604094c52e37d0ceb86edf8c77db1b036cbf27
zombie/core/skinnedmodel/model/ModelLoader.java,457,23569,23,1,0,6,0,0,0,0,0,0,0,0,0,31,5,a66bc91bb956caf5152e31e1d57c36fcaf19bf9564d0cd5e0e6d588a0f0cdb86
zombie/network/RCONClient.java,252,9127,23,4,0,0,0,0,0,1,5,0,0,0,0,0,0,f84ceb8ca127ab1a917f51a53237bc71b297162c79e73f7d5427feba43bd9ea0
zombie/characters/action/ActionGroup.java,196,6944,23,2,0,0,4,0,0,0,1,5,0,0,0,0,3,6eab42ce68813832ae4e4e1ba7771f192235fb9f4f530970a7abeaed02108922
se/krka/kahlua/integration/processor/LuaDebugDataProcessor.java,173,6505,23,0,0,0,0,0,3,0,0,0,0,0,0,0,5,9225d81586de6ab6292b0043dadbe8bae5d4517d09dff779604c565fbf429de4
se/krka/kahlua/integration/doc/ApiDocumentationExporter.java,102,3770,23,0,0,0,0,0,3,0,0,0,0,0,0,0,5,5457878bc963463799c9688055ba683fd977e3ffb0cd9465e31f9ef809fabf8f
zombie/iso/IsoPhysicsObject.java,92,2723,23,0,1,0,0,0,0,0,2,0,1,2,0,1,0,5390a8fdda26f5acf6f29b05a83d8d068ae43c9d3b015eeec0b5c4c3f56931ed
zombie/popman/PlayerSpawns.java,75,2548,23,1,1,0,0,0,0,0,0,0,0,5,0,0,1,b567a9f355fc7ccfb17dad4a39520ac970525d882ef5c02b288c58b05049cf7f
zombie/characters/NetworkPlayerVariables.java,66,2585,23,3,0,0,0,0,0,0,3,0,2,0,0,0,1,a9bdea56e76a7f73e4efca368c02e87e268a9cb814c552e4254c6d6934f4c3cc
zombie/audio/DummySoundEmitter.java,175,3431,22,0,0,0,0,0,0,0,0,5,2,3,28,0,0,80fd0e7fc7aef4555c1b77f5085200fd260d81dc70e097d6ed277818ff9a663b
com/sixlegs/png/PngConstants.java,109,5261,22,6,0,2,0,0,0,0,0,0,0,4,0,0,0,9afc2ac4645217abca60a239847abdd81ee60d239beee733ab681c9ded75f874
zombie/audio/BaseSoundEmitter.java,83,2580,22,0,0,0,0,0,0,0,0,5,2,3,26,0,0,cc25ecec5e521b1ae8a3cb08184685f14af62ec60dcf5247ff86412f157919fe
zombie/iso/SearchMode.java,323,11063,21,5,3,0,0,0,0,0,0,0,3,0,0,0,0,2eda9d760df797fc92486b48903beb3a9ab0297e387817f9f4fc563b01c02a98
zombie/savefile/PlayerDBHelper.java,248,10340,21,5,0,0,5,0,0,0,0,3,0,0,0,0,1,6cb7255f49eaf8d9c4dacbdf1dd0dda615455f65049cff99a2dfbe6238958edb
se/krka/kahlua/converter/KahluaConverterManager.java,213,7913,21,1,0,0,0,0,2,0,0,0,0,0,0,0,9,c740bcb805c59bd09a98047cb0cc9141fbba30e316f85b1845d7953569d5225a
zombie/core/skinnedmodel/model/FileTask_LoadMesh.java,125,5430,21,1,0,0,5,0,0,0,0,0,0,0,0,6,1,ca63e0f566a9f9eb3ab8a58b6859d52af3b62da1b1e7a2e20f156585fbdd72b0
zombie/iso/areas/isoregion/IsoRegionsLogger.java,110,3325,21,1,1,0,0,0,0,6,0,0,0,0,0,0,1,14c6515881e595aca2ba6b0dbea17d464d89e43fb74252c979d9ee8d93602bc1
zombie/ai/MapKnowledge.java,109,4195,21,0,0,0,0,0,0,0,0,2,0,5,0,0,1,0f7a8389f23b47509e82d36178e56a6717f15ac37c1e34c3f0bed8a58f87e57c
zombie/core/LanguageFile.java,77,3152,21,0,0,0,0,0,0,7,0,0,0,0,0,0,0,b042f9b79b8932a3911a16112b5336324c65128cdf482bed9c309c7a8ccbc745
zombie/core/skinnedmodel/model/VertexPositionNormalTangentTextureSkin.java,53,1861,21,0,0,7,0,0,0,0,0,0,0,0,0,0,0,f827b0c486242ae88fce157997df261a46be18b56b532725f31c0af9e1191dfa
zombie/iso/TallFenceShader.java,53,2247,21,0,0,7,0,0,0,0,0,0,0,0,0,0,0,554b66557882589390d3609a3295b9912ea85492d34d82ec6371f17ad32d3ca6
zombie/asset/FileTask_LoadPackImage.java,47,1573,21,0,0,7,0,0,0,0,0,0,0,0,0,0,0,b449f7f5ee14ebefbd3477111d2e46a4b85ecaf9e3d87bb77b8c42359a5e3549
zombie/sandbox/CustomEnumSandboxOption.java,37,1359,21,1,0,0,0,0,0,7,0,0,0,0,0,0,0,4860b557f5aaedb0fee84390a93967759d13546e397fa43784731d6d7b43c06e
zombie/sandbox/CustomDoubleSandboxOption.java,29,1214,21,1,0,0,0,0,0,7,0,0,0,0,0,0,0,3f5cded9fb1bde15721a244b0a504de568d66af7314dc9e5cbc39df99fe88237
zombie/sandbox/CustomIntegerSandboxOption.java,29,1180,21,1,0,0,0,0,0,7,0,0,0,0,0,0,0,d3ae87f0a8d5052e5f9b7f061255c9509abf567f5dfd77291758b159e7653c16
zombie/iso/IsoMetaChunk.java,284,9041,20,0,0,0,0,0,0,0,0,0,0,5,0,0,0,a5fdafdaa7f76bfcf4a98c09d3f6f370c032ac0f48f6eca50b17907cedcbb09d
zombie/vehicles/VehicleInterpolation.java,216,11187,20,0,1,0,0,0,0,0,0,0,0,4,0,0,2,b50af6d7bfce8b274f4f46def87192e6b7306ab3e9375156df9de40f8de1ba81
zombie/inventory/InventoryItemFactory.java,164,6612,20,7,0,0,0,0,0,0,5,0,0,0,0,0,0,b9ce6c91297b9334d5eeaa70f61a786647663a6334a3fdeadcb7db44b3ba96a8
astar/tests/SearchNodeCity.java,124,3746,20,0,0,0,3,0,0,0,0,0,0,0,0,0,8,089025e769854915d23a57e4c7127543772fbfe7df276a2c653148173f7158f0
zombie/randomizedWorld/randomizedDeadSurvivor/RDSStudentNight.java,72,3289,20,0,0,2,0,0,0,0,0,0,0,2,0,0,6,fae9c048323772526514e438908fbd28e63ffb0ca6c7c41483171521a2b24f61
zombie/text/templating/ReplaceProvider.java,60,1935,20,0,0,0,0,0,3,0,0,2,0,0,0,0,2,c1a36e9918483121103379d9c2f718e2573bb861efa36ebac97f1728302684ac
zombie/radio/StorySounds/StorySound.java,57,1789,20,0,0,0,0,0,0,0,0,0,4,0,21,0,0,d491abe1475b81142f640901e723257c34f7689d914bf03b7c7eba0a4a1310c1
zombie/iso/objects/IsoBrokenGlass.java,53,1517,20,0,0,4,0,0,0,0,0,6,0,2,0,0,0,8e03cbce487b6cb8919a2086fff9b56eb60fee27cf5131248c2c1644ddf5851f
zombie/randomizedWorld/randomizedVehicleStory/VehicleStorySpawnData.java,42,1364,20,0,0,0,0,0,0,0,0,0,0,5,0,0,0,e7bcd5563c28f36d2ea439bebf7f9687754343044329cfbee97c95b781250b0b
zombie/iso/weather/fx/FogParticle.java,41,1804,20,0,1,6,0,0,0,0,0,0,0,0,0,0,0,96ef985dea24fdf0f3c1c0e77413a772e48d29bf0af80f4f9959f18898679d32
zombie/ai/states/ForecastBeatenPlayerState.java,36,1183,20,1,0,0,0,0,0,0,0,0,4,0,0,5,0,986ab9dc2b76d8e5ee49e68e8e4d357793c4717542e437f97c4125fd71865457
zombie/ai/states/PlayerFallingState.java,29,812,20,1,0,0,0,0,0,0,0,0,4,0,0,2,0,c0f48e5f410dace034267a53f3bc2f56e7f02ce10b393f5c411da55b05b0bc61
zombie/iso/objects/interfaces/IClothingWasherDryerLogic.java,29,806,20,0,1,0,0,0,3,0,0,2,0,0,0,0,0,51c2fd6cc05ecfa9a45a05156239834d39d78f1706273cb1e0a0d69bbac0a6fb
zombie/iso/objects/IsoRadio.java,26,618,20,0,0,0,0,0,0,0,0,0,0,5,0,0,0,b48e5fa555fcc3bce1b9033b3ae5de6662159be85c0e11a6fd4b32003cfef8b9
zombie/ai/states/PathFindState.java,13,394,20,1,0,0,5,0,0,0,0,0,0,0,0,0,0,5d95ff2e4f4eeb623bfb52bbaa74fe74244b0e9285772fb671cb2373b12fe361
zombie/ai/astar/Mover.java,11,687,20,0,0,0,5,0,0,0,0,0,0,0,0,0,0,ec45c8eeed98be852eae96949747ffbcc9086f6534d50932cb9778397b967b9e
zombie/characters/ClothingWetness.java,404,17894,19,0,0,2,0,0,0,0,0,0,2,0,0,0,3,e1d2fe7f086e1ac23728647868792208700b0ca4023bb7c3a627e2173c515383
zombie/core/utils/FibonacciHeap.java,271,9286,19,2,0,0,0,0,0,0,0,0,0,4,0,0,3,282940fb9126923c870fbf57b169b3588972b54ed4ce961144a478ae6a8d5bb3
se/krka/kahlua/integration/expose/MultiLuaJavaInvoker.java,118,4490,19,0,0,0,0,0,3,0,0,0,0,0,0,0,1,27f1f22e902866c8e453193be3d8e5815779fde684f150015d4731e29228e634
zombie/ui/TextBox.java,111,3338,19,0,1,4,0,1,0,0,0,0,0,0,0,0,1,5c6a7719215f3b2f9a4328a83305fe3aabafc0768a19c50a861b0950577301bf
zombie/vehicles/PolyPolyIntersect.java,70,2854,19,5,0,0,4,0,0,0,0,0,0,0,0,0,3,5471ea7f3c06a51986c22bbed89fdcb18302cf0cca380d6588e57d890c55d747
zombie/commands/serverCommands/AddUserCommand.java,49,1681,19,0,0,0,0,0,0,1,4,0,0,0,0,0,0,d3288eb2f75fadbc516af5b583a2de7141bd4c5b6c2fe8d2c707df84cd7e8f06
zombie/commands/serverCommands/StartStormCommand.java,48,1572,19,0,0,0,0,0,0,1,4,0,0,0,0,0,0,5184e47c8cd6247dd0a9f0aae13f9c7c7b9b5f443558cb0f7a638c9fd39ecf28
zombie/commands/serverCommands/StartRainCommand.java,47,1492,19,0,0,0,0,0,0,1,4,0,0,0,0,0,0,99c009c28a2a695e09ac67ddbab7701130dbc0a640c21ff2db8b44dd4b949c9a
zombie/commands/serverCommands/UnbanSteamIDCommand.java,45,1556,19,0,0,0,0,0,0,1,4,0,0,0,0,0,0,da7a7e7b6b2da742a97a0079c9e4dcfa56065b0f667b8aaed32b31f63778de61
zombie/commands/serverCommands/RemoveUserFromWhiteList.java,37,1229,19,0,0,0,0,0,0,1,4,0,0,0,0,0,0,15b41fcf0a4928b56303cfd91e21186a97e8ad5590ad710af35a4efb31e5ccb5
zombie/commands/serverCommands/QuitCommand.java,35,1091,19,0,0,0,0,0,0,1,4,0,0,0,0,0,0,430323c7ea7b63e6439bc76228f3b36b86eec536cd643c27b8ab79d14ca41015
zombie/commands/serverCommands/StopWeatherCommand.java,33,1101,19,0,0,0,0,0,0,1,4,0,0,0,0,0,0,32951b7f1f881bc63303af95b313df9bb3fc772206f800cc75881c10738bf8f1
zombie/commands/serverCommands/GunShotCommand.java,32,996,19,0,0,0,0,0,0,1,4,0,0,0,0,0,0,a5ea549f96e847584e422fc4fcb182ed2a3890a256623643cdd6f3a39761af08
zombie/commands/serverCommands/StopRainCommand.java,32,1017,19,0,0,0,0,0,0,1,4,0,0,0,0,0,0,a3eba0534d1eb22be3ff6e152587fd727844d0502fc433b3732cb4a235f808d4
zombie/commands/serverCommands/GrantAdminCommand.java,29,902,19,0,0,0,0,0,0,1,4,0,0,0,0,0,0,d5c4bc1db97995c95adface656aadf77a871505cda30cb891be6448703f18972
zombie/commands/serverCommands/RemoveAdminCommand.java,29,900,19,0,0,0,0,0,0,1,4,0,0,0,0,0,0,faf291aec15088b66bc42bd740256be8c0b3c96fd371b5809ea74192d558a347
zombie/util/Lambda.java,259,12139,18,32,0,0,0,0,0,6,0,0,0,0,0,0,0,30f68b72459ee703d86dbab1deef7d30fa36cca6a4c4fdfbda61ba63d54a343e
org/lwjglx/util/glu/Cylinder.java,140,5807,18,0,0,6,0,0,0,0,0,0,0,0,0,0,0,ed7e2e62eda3bf275c40b99098e682d5973bbece0a7bbd005fa09b9d80f07955
se/krka/kahlua/integration/doc/DokuWikiPrinter.java,127,4749,18,0,0,0,0,0,3,0,0,0,0,0,0,0,0,469829c3d3d499da3a97a63cc05a969c8d1bdea7cb5e9d09f57175811a67b792
zombie/core/skinnedmodel/advancedanimation/AnimState.java,108,3924,18,2,0,0,4,0,0,0,0,1,0,0,0,52,2,f087873657738222e656b02572c641a1bf0a4175d6344950cf3ce3efd9f55302
zombie/vehicles/VehicleEngineRPM.java,86,3241,18,0,0,0,0,0,0,6,0,1,0,0,0,0,0,124ffcc6666331dba4f68560b140a72abd1401fa9b6d03700d6305d09a51ed73
zombie/world/logger/WorldDictionaryLogger.java,79,2663,18,6,0,0,0,0,0,0,4,1,0,0,0,0,2,d403934bb21bd795d75f3a6ef07432bdcfe4cf340eabd7729c419258d46ae388
se/krka/kahlua/integration/expose/caller/MethodCaller.java,78,2780,18,0,0,0,0,0,3,0,0,0,0,0,0,0,0,02d896d4eeeb912c2b8185591c541b5d2dce3d675fe31512ce2ed7b9805edaab
zombie/commands/serverCommands/LogCommand.java,77,2614,18,2,0,0,0,0,0,0,4,0,0,0,0,0,2,ad61be0c1f2626fd5dacf280339b4482c33f776ce508c12a2df93979ee01978c
zombie/randomizedWorld/randomizedDeadSurvivor/RDSBedroomZed.java,66,2894,18,0,0,2,0,0,0,0,0,0,0,2,0,0,4,b9f3f7af024c9702aacce3e95d628329249057cc396d80f774f4de3def195eeb
zombie/iso/sprite/SkyBoxShader.java,61,3505,18,0,0,6,0,0,0,0,0,0,0,0,0,0,0,27c3ccfd96882b2e789d275bea22efa82e3b64e857518f17c8577250cecac594
se/krka/kahlua/integration/expose/caller/ConstructorCaller.java,52,1794,18,0,0,0,0,0,3,0,0,0,0,0,0,0,0,75a17294a7c55ec17e1ab76e552388e6175f81e0bad017285f06993d1eb13c7a
zombie/randomizedWorld/randomizedDeadSurvivor/RDSHockeyPsycho.java,48,1910,18,0,0,1,0,0,0,0,0,0,3,0,0,0,0,4febb8ac6f73dfd3eb9b0b3bf7517889cdd34f99cb7ae46748fdf40d6d233a25
zombie/randomizedWorld/randomizedDeadSurvivor/RDSPrisonEscapeWithPolice.java,43,1808,18,0,0,0,0,0,0,0,0,0,2,2,0,0,0,5829ae95f5a11c4d686ad872cbb6a18b75a0e08a5bb9b36ae2c561b3d476ab20
zombie/randomizedWorld/randomizedDeadSurvivor/RDSPoliceAtHouse.java,39,1667,18,0,0,0,0,0,0,0,0,0,2,2,0,0,0,ccffd46e737fd1520fd80272fe6bcd6b28671f9ee1dd7d05eac3fe646655471c
zombie/ZombieTemplateManager.java,27,709,18,1,0,6,0,0,0,0,0,0,0,0,0,0,0,650fa60675535cf610701435b98bc0c4b8ce1bf4d798e48c73ea80d58f90dde3
com/evildevil/engines/bubble/texture/DDSCaps2.java,26,796,18,0,0,6,0,0,0,0,0,0,0,0,0,0,0,9ad99cc63f27590898b60fb7821a91b1211fe66be484c8f64b726390d4936b78
se/krka/kahlua/vm/KahluaException.java,16,492,18,0,0,0,0,0,3,0,0,0,0,0,0,0,0,3ce6032dcffa61d94065c2aa7953953ea743fc37b90081047a9cce965a93d448
zombie/core/znet/CallbackManager.java,15,456,18,0,0,0,0,0,3,0,0,0,0,0,0,0,0,8f2889b72d86a21dd08ccc5f424f58f23767ae2a59ab600c0670b4f887f9467e
zombie/iso/weather/dbg/ClimMngrDebug.java,856,38482,17,0,0,0,0,0,0,0,2,5,0,0,0,0,9,23e764474c19ed0810ad189ca7fd0e68b22314569398ab679cd7a7f6cce47fe7
zombie/scripting/objects/ScriptModule.java,557,25173,17,0,0,0,0,0,0,0,0,16,0,0,49,45,17,917a3ec8b6e209bd07a27d3d445dbf136c4e801e69f2e0342d12d8fb0b8bbc87
zombie/randomizedWorld/randomizedBuilding/RBTableStory.java,208,8470,17,1,0,0,0,0,0,0,0,3,0,3,0,0,5,db32e60233002020d9991900d9dd65a77e03cfd6b2aeca576bfa4f77011f10df
zombie/characters/action/ActionState.java,154,5485,17,2,0,0,3,0,0,0,0,2,0,0,0,0,5,db017f82c0b09224df2516cee45178427eef2579a1c0eff52b9767c2559c420f
zombie/iso/areas/NonPvpZone.java,154,3843,17,5,0,0,0,0,0,0,4,2,0,0,0,0,1,3bec9b60157c22fbb54c1ab020dd1b87dbce80f6f16b062b214c6c1676dbbc87
zombie/worldMap/WorldMapVBOs.java,132,4831,17,1,0,5,0,0,0,0,0,0,0,0,0,0,2,8f471e0ff23a2ea35febb34f8ed5057f816245b723c322a0bb3790200adeb83c
zombie/characters/SurvivorFactory.java,124,3998,17,15,0,0,0,0,0,0,0,0,1,2,0,0,4,479edb721c71879870b9d8bd41dcefc457d46cecbc530f9290563d5df0e4b69f
zombie/characters/Moodles/Moodles.java,104,4213,17,0,1,0,0,0,0,0,0,0,3,0,0,0,0,560bbdf35e3fd00171ddd634d486fcc42baca0aec53eaaf0c8090f2c7cbe2bb8
zombie/randomizedWorld/randomizedZoneStory/RZSBBQParty.java,78,3127,17,1,0,0,0,0,0,0,0,0,0,4,0,0,1,760c76d7abb65819a814435d977a2dce97b45021df4807bf29d511970cdd8f03
zombie/characters/ILuaGameCharacterDamage.java,57,1386,17,0,0,1,0,0,0,0,1,0,2,0,2,0,0,a695e979ce58c0f2fb91d69a04e6f382a48d5e4c92b8568772b213e6cd7b5452
zombie/radio/effects/LineEffectMemory.java,31,1018,17,0,0,0,0,0,0,0,0,0,3,0,0,0,2,a554eacbefed1fde05af34b1019562babd108095cb282edfb384f862a98b3a5a
zombie/iso/IsoPuddlesCompute.java,172,8429,16,17,0,0,0,0,0,0,0,1,0,1,0,0,12,8925c4e55237ac61c5a44b922598322a4b7ee0cc02b139ba4d5693f966192019
zombie/vehicles/VehicleIDMap.java,123,4199,16,0,0,0,0,0,0,0,4,0,0,0,0,0,0,9feebf0937321b517a70ecbb90d124a550c0ec21f8258c145bfa0921106297e4
zombie/iso/areas/IsoRoomExit.java,110,3780,16,3,0,0,0,0,0,0,0,2,0,4,0,0,0,0767e1c01d8e06e74fdd9d0e57eaa133b711e3faec796456b50cd4672cdf8cf6
zombie/commands/serverCommands/StatisticsCommand.java,86,2957,16,0,0,0,0,0,0,0,4,0,0,0,0,0,0,67ef3d98bcad718158b8857e04032178dd12c9f2b3b91493e900135ce3673a11
zombie/core/skinnedmodel/model/AnimationAsset.java,56,1853,16,0,0,0,4,0,0,0,0,0,0,0,0,20,0,bf90c88b02aa66cabf7778ad68a3314c30011a2918d48ff9c7b8b316a32fc1a3
zombie/commands/serverCommands/ShowOptionsCommand.java,46,1547,16,0,0,0,0,0,0,0,4,0,0,0,0,0,0,28c86129a50c3d8260215e0e7d1bbc5e91b45eb0cb3fd9bb51939b8ee3283c45
zombie/commands/serverCommands/ClearCommand.java,39,1112,16,0,0,0,0,0,0,0,4,0,0,0,0,0,0,47b06273d31d37b811f3215126a747c9ca0ff909f54f57f910b52fe97bcdc33a
zombie/scripting/objects/AnimationsMesh.java,35,1239,16,0,0,0,0,0,0,5,0,1,0,0,0,5,1,3b11438d9b13e072f7ad1d1ca45bdcb140a4ae2e3f4a6da040c4569d757073c6
zombie/scripting/objects/SoundTimelineScript.java,35,1125,16,0,0,0,0,0,0,5,0,1,0,0,1,0,1,eba323320a8a75bafc041ece33cb0c06c07a50ae9c9144d3897797dbd9c6f34f
zombie/core/skinnedmodel/model/AiSceneAsset.java,34,1175,16,0,0,0,4,0,0,0,0,0,0,0,0,0,0,0ba42a37d434f3ec869769fb9b38965330c8f99fbab383a8d62166431249ab83
zombie/iso/areas/isoregion/regions/IWorldRegion.java,25,536,16,0,0,0,0,0,0,0,0,0,0,4,0,0,0,ddc88aa606e60fa3d4da3eb45ff33c28ca13e02358b5ddc062225ab088d04dc1
zombie/core/skinnedmodel/model/ModelAssetManager.java,23,701,16,0,0,0,4,0,0,0,0,0,0,0,0,0,0,dbcdaecee7e4eeb9f0ab7c694cbd5710ef067ed3315f937c846af744036279f6
zombie/core/skinnedmodel/advancedanimation/AnimNodeAsset.java,21,633,16,0,0,0,4,0,0,0,0,0,0,0,0,6,0,4260c840a132f081ca5513f283ac8162dd2801935780f48a57113e4558e077c5
com/jcraft/jogg/Packet.java,12,323,16,0,0,0,0,0,0,0,4,0,0,0,0,0,0,544633f56ced87440e1e685cd839728ad894ee430580b4f1afa6a6cccf573bd7
zombie/ai/astar/AStarPathFinder.java,11,278,16,1,0,0,4,0,0,0,0,0,0,0,0,0,0,86c35b6a704cb293f843e1a593b50b2b702f86df13d610a707e6e67204b3df08
zombie/inventory/CompressIdenticalItems.java,309,12034,15,10,0,0,0,0,0,0,0,5,2,0,0,0,5,b4589d17972b389ec20ad4266ecde9bb850c5323ded94be5fd63a152fa539532
zombie/radio/scripting/RadioChannel.java,295,10309,15,0,1,0,0,1,0,0,2,0,0,0,0,0,1,a53f27ac32a02c64697eb475542f057e4cbd5180faf0451deb479a4fe0fc8ca8
zombie/core/skinnedmodel/model/jassimp/ProcessedAiScene.java,198,8371,15,1,0,5,0,0,0,0,0,0,0,0,0,15,0,4f7ed62a3afab26b4b726a18ea3bc8ffeb3d9964eba2b5fe55de01ec9f80441e
zombie/iso/SpriteDetails/IsoFlagType.java,137,2916,15,3,0,2,0,2,0,0,0,0,0,0,0,0,1,ef5e7919ff318118db880acb0e9da44de262fd6d7d2d1949de88e1bf44047ca7
zombie/iso/IsoWaterFlow.java,118,5166,15,5,0,0,0,0,0,0,0,0,0,3,0,0,3,0676ac434cb649ed645ce24545258e1cbd7c8cbfa7a9a614a723cacb68b036bd
zombie/core/raknet/TestClient.java,110,3414,15,4,0,0,0,0,0,1,3,0,0,0,0,0,0,7180ed5ab42fd5d388092f27d18d70a392b99aaa46803530d5c90028c6c005cb
zombie/iso/ParticlesArray.java,103,3297,15,0,0,0,0,0,0,5,0,0,0,0,0,0,0,9050e694e6eabfb16de006bf9f8bf9c1ef4f17dacbf782d8fd5b713f3778d35b
zombie/randomizedWorld/randomizedZoneStory/RZSBuryingCamp.java,82,3910,15,0,0,0,0,0,0,0,0,0,3,0,0,0,0,ad1309df95bdd66693f6a6c9daeadf7c200bcf27466a0d2a89f244fc569bd928
zombie/audio/parameters/ParameterShoeType.java,76,2468,15,1,0,0,0,0,0,0,0,0,3,0,2,0,0,4138d48ef20edbaa38a965df37632b0ed022da31163dc086144609be9d5434fc
zombie/scripting/objects/GameSoundScript.java,76,3343,15,0,0,0,0,0,0,5,0,1,0,0,40,0,0,281b23fe6e2fb8654f324018622fe0489bf71ef8fcf9fdd03aae2fa1e91c5cdc
zombie/core/raknet/TestServer.java,69,2097,15,5,0,0,0,0,0,1,3,0,0,0,0,0,0,542e2b8d6c3076625179f39f376f407216bff611695be97423b38c376b9089c6
zombie/core/opengl/SmartShader.java,63,2004,15,0,0,5,0,0,0,0,0,0,0,0,0,0,0,a339c5b2838f72e146a58232fc81d6f615541d2a9baa5d8a2c02a3bd086c8c85
zombie/audio/parameters/ParameterZombieState.java,61,1651,15,1,0,0,0,0,0,0,0,0,3,0,2,1,0,283cf9fa7c91a982a5dae7fdaf3af9f89fa21783c2020efe2181aac7ab3fad5c
zombie/audio/parameters/ParameterMeleeHitSurface.java,54,1404,15,1,0,0,0,0,0,0,0,0,3,0,2,0,0,f862fedcf66705343ab9ca8fee580e037248589010e975e145a0261b423b6b2d
zombie/asset/FileTask_LoadImageData.java,51,1558,15,0,0,4,0,0,0,1,0,0,0,0,0,0,0,b770931e48a3fb8f6b057bf8fed1170d3c024b8cea2e6e216f750aa07f5df1fe
zombie/audio/parameters/ParameterFootstepMaterial2.java,51,1771,15,1,0,0,0,0,0,0,0,0,3,0,2,0,0,e9bff6b6491eeb4e2fde427549d585822abd42035eebab252d2f1939b06ec549
zombie/audio/parameters/ParameterEquippedBaggageContainer.java,49,1537,15,1,0,0,0,0,0,0,0,0,3,0,2,0,0,8f13df293d74b216b3c89c35934f36409adfcfd7f6a83f974b5a51cf0b019f7b
zombie/audio/parameters/ParameterCharacterMovementSpeed.java,39,1150,15,1,0,0,0,0,0,0,0,0,3,0,2,0,0,82fc1254e28a47ada40264b322fc202037d57cb11f302dd3b13654d5e909fb2d
zombie/ai/permission/GenericStatePermissions.java,27,805,15,0,0,0,0,0,0,0,0,0,3,0,0,0,0,71c445645bd1023d97d67c17c66480e3f16cd7289da749a5a351ed936650156e
zombie/core/skinnedmodel/population/ClothingItemXML.java,26,988,15,0,0,4,0,0,0,0,0,0,0,0,0,0,3,1a8e68e59f0842280b0e697be8e3c847c23b07613cb24197185829c0a9aa58c4
zombie/sandbox/CustomBooleanSandboxOption.java,24,937,15,1,0,0,0,0,0,5,0,0,0,0,0,0,0,e15499ab7cb9e00a76a445c380a1465bdfd4bde53ab051c72a5bbc4ad6fe45c9
zombie/audio/parameters/ParameterCharacterInside.java,23,728,15,0,0,0,0,0,0,0,0,0,3,0,2,0,0,fe6081c3512bfe7818b43a66a75a1c2d71edbdaeffbf90affbee752a9aa16513
zombie/sandbox/CustomStringSandboxOption.java,23,864,15,1,0,0,0,0,0,5,0,0,0,0,0,0,0,696167d38fce344846a8f6169284df0bc3f2f28d295c2a64ce8693825361a223
zombie/audio/parameters/ParameterPlayerDistance.java,20,661,15,0,0,0,0,0,0,0,0,0,3,0,2,0,0,36df288b3ec318dc6a9e4008114e32f2ff141adb4e650ff87cb0b80685faf01c
zombie/audio/parameters/ParameterPlayerHealth.java,20,612,15,0,0,0,0,0,0,0,0,0,3,0,2,0,0,8890feddccc058cdcfd62c0863cc50e88d5f10a5dc0159208b55034010d2ebc9
zombie/audio/parameters/ParameterLocalPlayer.java,19,560,15,0,0,0,0,0,0,0,0,0,3,0,2,0,0,c7b349118e39aed09e2d6dc7be7beb7f906cc1f61b2f3de630a21a0b607bfde3
zombie/ai/permission/DefaultStatePermissions.java,18,553,15,0,0,0,0,0,0,0,0,0,3,0,0,0,0,e2b4a63c0e787421eec3ea7518fcba97c3e41373dedd26b7d75522d845c0c543
zombie/ai/permission/IStatePermissions.java,10,331,15,0,0,0,0,0,0,0,0,0,3,0,0,0,0,19b7bab695fc1f1b8eb06ab4a44166a58e619319266636b1c40b85d8c53d0365
zombie/util/PZXmlUtil.java,417,17019,14,19,0,0,2,0,0,0,0,0,0,0,0,0,6,f852f4abfc5a1cb201051324abb6ad5b922c479b099ad54814109e5aa5736236
zombie/iso/Vector3.java,313,8411,14,4,0,0,0,0,0,0,0,0,0,0,0,0,14,e50ef458682d50c27d7c867260ec9fdaf25eabace9e2e140066233e709211bdd
zombie/worldMap/WorldMapGeometry.java,224,8939,14,4,0,0,3,0,0,0,0,0,0,0,0,0,2,4517a41446d405dfe093ed941fcec98fe110e1b64c541d6b0584b54db3687981
zombie/core/skinnedmodel/population/HairStyles.java,161,6322,14,5,0,0,3,0,0,0,0,0,0,0,0,0,2,e34e779df37d39b7549fba6c197c06d2a5a81a2ee398d7c7d64d2709fc43ba5b
zombie/core/skinnedmodel/population/ClothingDecals.java,155,6241,14,5,0,0,3,0,0,0,0,0,0,0,0,0,2,ddd4a9726e3b31611b6934abf3e19fde15d9019d20e07a5e7f3b9064354e105c
zombie/vehicles/QuadranglesIntersection.java,148,7828,14,9,0,0,0,0,0,0,0,0,0,0,0,0,14,5d47ad1086409f350b2310810671d1530f394cd8753a95df5ebbe0a8c89db848
zombie/core/math/PZMath.java,527,18665,13,61,0,1,0,0,0,3,0,0,0,0,0,0,1,e08032aa2122eb8ed459ddfb5a2688a29b8aef4c317da1302361dfc02d3b052e
zombie/util/lambda/Stacks.java,346,13915,13,13,0,0,0,0,0,4,0,0,0,0,0,0,1,3d31577ded4a76ea2673d420e57baf2d5011074b6eed368b1c66f26260ccc3dd
zombie/core/skinnedmodel/population/BeardStyles.java,118,4337,13,5,0,0,3,0,0,0,0,0,0,0,0,0,1,828d7efa5fc00a364dd9bd0820d7a71e6e1832a710dcd8771bc308bbeaa4ef55
astar/tests/SearchNode2D.java,93,2837,13,0,0,0,3,0,0,0,0,0,0,0,0,0,1,a2362dda9cc3f86b77c75ba4b22f425fa21c0a4dc70a6ca544834c182fd191e8
zombie/worldMap/markers/WorldMapMarkersV1.java,66,2515,13,2,0,0,0,0,2,0,0,0,0,0,0,0,1,d9c4a4918d431cf94e6dce2081449db00d845c09a6543245691a540d7976a5af
zombie/network/IsoObjectID.java,62,1578,13,0,0,0,0,0,0,4,0,2,0,0,0,0,1,b9e0732d7e68b9a1f0de3d01460c0f79866d60f5e2007d2af29193130f6e79e6
zombie/core/skinnedmodel/advancedanimation/AnimationVariableHandlePool.java,42,1665,13,6,0,0,0,0,0,4,0,0,0,0,0,17,1,cf9fbe627c2db8f3460e07414adaf6712d70db017f50314854a1c6672f2d35e8
org/mindrot/jbcrypt/BCrypt.java,1583,35244,12,9,0,0,0,1,0,0,0,0,0,0,0,0,8,543f3ca6b439e638733827fb3fed2dd3983a710c860bb68277e72a70b4d49fe6
zombie/core/Collections/ZomboidHashMap.java,748,23377,12,3,0,0,0,0,0,4,0,0,0,0,0,0,0,749fd6dcd7e564d48ffccbc9e1e9c603ede4e9abd766c094d2b7710c37cd8c1d
zombie/core/skinnedmodel/model/jassimp/ImportedSkeleton.java,576,25408,12,1,0,0,0,0,0,0,0,0,0,0,0,144,12,b0124a11f19e78544118fbd2895b914886059ed88db3692525385a8d5d754870
zombie/radio/RadioXmlReader.java,474,19237,12,3,0,0,1,0,0,0,0,0,0,0,0,0,8,f5d03f19ebe938afdd3a40baeaf226cc74834dad3cb7af2b76bfd5683ad8ad7a
zombie/network/MPStatisticsTest.java,308,13619,12,1,0,0,0,0,0,0,3,0,0,0,0,0,0,a8be037025830a2e45cd6bae234528e64f099243d0be24f8d138a8bf354da5e9
zombie/worldMap/WorldMap.java,235,7199,12,1,0,0,0,0,0,0,0,0,0,2,0,0,4,e509cdfb6d62971680280ac5cf7ff0e2e4e8be406dec06a453347f4351d91182
zombie/network/NetworkVariables.java,179,5054,12,11,0,0,3,0,0,0,0,0,0,0,0,0,0,6bad91750179819eff5178a4de4e058aba45dcdbb10f505174219a81c18f12e6
zombie/util/lambda/Invokers.java,163,6230,12,8,0,0,0,0,0,4,0,0,0,0,0,0,0,66a207132fe9dba00c25865e85a27dd48b16fc722904209d40a1357fa55eb258
zombie/core/logger/ZLogger.java,126,4131,12,2,0,0,0,0,0,4,0,0,0,0,0,0,0,eb5a327ef679ac49754a821f0868b521ccc20a675132eea7efabc1a124024414
zombie/core/znet/SteamFriend.java,56,1368,12,0,0,4,0,0,0,0,0,0,0,0,0,0,0,209c62ba8574ac58da6fac80dccfe9ec4d23262756c0c8fd61f40531cb6e3814
se/krka/kahlua/integration/expose/caller/AbstractCaller.java,54,1611,12,0,0,0,0,0,2,0,0,0,0,0,0,0,0,111fd2cbd1e7bebb55f75c20a871a05c83236ea63e42b25940085d0808b2b6fa
se/krka/kahlua/profiler/LuaStacktraceElement.java,54,1436,12,0,0,0,0,0,2,0,0,0,0,0,0,0,0,ce8e30f8558df75aec50f26ff5f9026992e769816700ebd2eea5cbddc5ceb2c0
zombie/core/znet/GameServerDetails.java,51,1276,12,0,0,0,0,0,0,0,3,0,0,0,0,0,0,6a3de61f8a07351d77dc8212432707b20be385ff3a506bceb57a289667b4a5d3
zombie/core/raknet/RakVoice.java,48,1530,12,22,0,0,0,0,0,0,3,0,0,0,0,0,0,2d5bbeb56b77079ee5c3b5ecef75eda1ee147e53b525d0631cd35c2ea18987e0
zombie/worldMap/WorldMapRemotePlayers.java,45,1609,12,0,0,0,0,0,0,0,0,0,2,0,0,0,2,01e5cdb6a884f584e05c1cb4b488ae1afca72c81d3ec66fd73b58ab1ea031b1a
com/sixlegs/png/TextChunkImpl.java,43,1013,12,0,0,0,0,0,0,0,0,0,0,3,0,0,0,193b0a1a8ef8f780fd75e811b207fc9a6b9a0c2255f2ac9ad43fc9df439010e0
se/krka/kahlua/profiler/JavaStacktraceElement.java,36,956,12,0,0,0,0,0,2,0,0,0,0,0,0,0,0,3f684effd7833eb98d3514231ba696314adc727e3d7c10e42402a4edb8092989
astar/tests/GoalNode2D.java,28,679,12,0,0,0,3,0,0,0,0,0,0,0,0,0,0,33fd0ace6a901c6b9436074ebbed3b8e446fa04ca5d51b3acb4862e66372a4d8
zombie/core/skinnedmodel/model/VertexPositionNormalTextureColor.java,28,1049,12,0,0,4,0,0,0,0,0,0,0,0,0,0,0,32826c56ab1d58cb1134e168997da3bc592fc8946c4dcec4551b649d93535d5e
zombie/network/ZomboidNetDataPool.java,25,855,12,0,0,0,0,0,0,4,0,0,0,0,0,0,0,ad49b970d874a4f07fda908ac7113e645d05ed1d8581f963e89711844dc57616
se/krka/kahlua/integration/expose/caller/Caller.java,21,644,12,0,0,0,0,0,2,0,0,0,0,0,0,0,0,e0d74e6c23cb9f632ca7978d17cb6ce5352ec8d533ab3a1af0c9d7171bbb6241
zombie/core/textures/TextureCombinerShaderParam.java,20,578,12,0,0,4,0,0,0,0,0,0,0,0,0,0,0,a88e10b7487a7ddccd23c5449b01ca4fe9c0483a6598ec56fb3df388e45a18a7
astar/tests/GoalNodeCity.java,18,515,12,0,0,0,3,0,0,0,0,0,0,0,0,0,0,7027a625085372bccc7472086993c15a973513e4bef7fdd950a99c06986bda00
se/krka/kahlua/integration/doc/ApiInformation.java,17,535,12,0,0,0,0,0,2,0,0,0,0,0,0,0,0,aa11784b449c088da40d0371d05f312baab8544164a584c7126f7d9b67cc35e5
zombie/audio/parameters/ParameterPowerSupply.java,16,505,12,0,0,0,0,0,0,0,0,0,0,3,2,0,0,4cf900e927713eb9dc41b22b9c8b332f802d39c3bbe3730717051fd71b7fc6a9
zombie/core/textures/TextureFlags.java,15,635,12,0,0,4,0,0,0,0,0,0,0,0,0,0,0,0c403cb1cf2043692952cf74e538ee21f71fc34151d3c7df29d0c64adf5bb143
com/evildevil/engines/bubble/texture/TextureFormatException.java,13,384,12,0,0,4,0,0,0,0,0,0,0,0,0,0,0,5424cc7920944866bb0ac327ceba6aa181ed9de4d8b72d3e99d68ce7c1b41e66
se/krka/kahlua/vm/KahluaTableIterator.java,10,258,12,0,0,0,0,0,2,0,0,1,0,0,0,0,0,1c244b64d4388c5484e1b9eaa7894f911af66edd4dc830ff6c83b53aee4ec95c
zombie/core/textures/TextureNameAlreadyInUseException.java,8,342,12,0,0,4,0,0,0,0,0,0,0,0,0,0,0,0347e1b370be429bbf13c0c66b535d719e92487eaf9f22cb685c5e37b4bb0461
com/jcraft/jorbis/CodeBook.java,452,13593,11,2,0,0,0,0,0,1,0,0,0,0,0,0,8,26de3ded1b1e20632ff1b06cadc6d3bbba1317596fcdf1e871412c649598b1fb
zombie/iso/Vector2.java,344,8893,11,6,0,0,0,0,0,0,0,0,0,0,0,0,11,942cdb4155e8512f05385a72bef453366705593c2c6c8cc8b5d28dfed3309494
zombie/core/textures/Pcx.java,336,12950,11,1,0,1,0,0,0,0,0,0,0,0,0,0,8,1dc9afe2f5c122b8f32204412be06dcde193b521e5b49b99f58a9a06783895b1
zombie/iso/LotHeader.java,101,3628,11,0,0,0,0,0,0,0,0,0,0,1,0,0,7,8a92bf4c14af7e15ca5cccfc21c9e847a0620ed61d33e6ff61a327501055687c
se/krka/kahlua/profiler/BufferedProfiler.java,20,540,11,0,0,0,0,0,1,0,1,0,0,0,0,0,1,b79ee0f93af23427b1588b5ae2beaf2428e309cb8c99f0cfc05492c14bd00a08
zombie/core/skinnedmodel/advancedanimation/AnimNode.java,178,7523,10,1,0,0,1,0,0,0,0,0,0,0,0,94,6,c9edbdf12ebe7057843b13c935b748e058961e6494f037ca2a5c2176d35d2c0e
zombie/iso/weather/Temperature.java,146,5732,10,24,0,0,0,0,0,0,0,0,2,0,0,0,0,b25d828e17ef6f9c1033fa7cf16d823bacf1e95a940af4ff6723d151204bbcf0
zombie/inventory/types/WeaponType.java,123,4462,10,2,0,0,0,0,0,0,0,0,2,0,0,8,0,3b99e26c2aa1419e4e28cd72d697ad586e847eb7d3f60b119587ee21071d6855
zombie/chat/defaultChats/SayChat.java,70,2470,10,1,0,0,0,0,0,0,0,0,2,0,0,0,0,a9ae10f597682cddb11d4884ac0bec0458b623246f26ca92e5bd88a2db8b96c6
zombie/characters/BaseCharacterSoundEmitter.java,57,1662,10,0,0,0,0,0,0,0,0,3,2,0,19,0,0,aed24a93e86b59a6e891cbe0325aa66e51b121105afffb8b63e6df2e432c168a
zombie/chat/defaultChats/ShoutChat.java,46,1574,10,1,0,0,0,0,0,0,0,0,2,0,0,0,0,57098d52cd5cff0ad6b5ad283580601b3b08ed8d2d03e04bd7d15a75e89e2204
zombie/randomizedWorld/randomizedDeadSurvivor/RDSCorpsePsycho.java,43,1432,10,0,0,0,0,0,0,0,0,0,2,0,0,0,0,c7ad2786f44d5bd862f9c852c58f374e98c22e5e66eedb7dfa9b7a7598c6a3f7
zombie/randomizedWorld/randomizedDeadSurvivor/RDSSkeletonPsycho.java,43,1408,10,0,0,0,0,0,0,0,0,0,2,0,0,0,0,9faddf06e4969b4fe3eae186335546c9593e9b48e3a49f2ff7fd7917cfe1ca69
zombie/chat/defaultChats/AdminChat.java,42,1388,10,1,0,0,0,0,0,0,0,0,2,0,0,0,0,c223f22fa798d27bf39cf4b985e000856afa886facff7c3a9291e9e762d8e8b7
zombie/randomizedWorld/randomizedDeadSurvivor/RDSSuicidePact.java,40,1654,10,0,0,0,0,0,0,0,0,0,2,0,0,0,0,77c54e0fa36a3048dd8a7cfc9691c211616a0eb8c0cd5fe9b6b4b03428b992e8
zombie/chat/defaultChats/FactionChat.java,37,1265,10,1,0,0,0,0,0,0,0,0,2,0,0,0,0,23e971ca5260b2f7ee3ff6403af4220d42261560500d916bb4dfdc002d4a21e4
zombie/chat/defaultChats/SafehouseChat.java,37,1275,10,1,0,0,0,0,0,0,0,0,2,0,0,0,0,172019c2d8481f691b0a68da57995c630d719a5135451cc049438a21cf901b8a
zombie/text/templating/ReplaceProviderCharacter.java,34,1292,10,0,0,0,0,0,0,0,0,0,2,0,0,0,0,850fb6eedbec8b72c604a67a82f5874c8ad44123b474eaa3d70bd2547834106e
zombie/ai/states/IdleState.java,22,754,10,1,0,0,0,0,0,0,0,0,2,0,2,4,0,9b1bf24c575432f4912cd40151da9187b7287e874770976271751cd2fdd803a6
zombie/worldMap/WorldMapRenderLayer.java,12,482,10,1,0,3,0,0,0,0,0,0,0,0,0,0,1,f5e615b6b42a36b4f65f28cdfb42828dff90547d523f3e3c2a0bf06eef92b981
zombie/characters/IComparitor.java,6,224,10,0,0,0,0,0,0,0,0,0,2,0,0,0,0,b059765fe1583708b6a60ee05afced86e536d52351a36dbf5c09f91aa96275aa
zombie/core/utils/HashMap.java,248,7537,9,2,0,0,0,0,0,0,0,0,0,0,0,0,9,2e5bffc163ceb86a5b549b94ba762cd67a053afebeefd2bb7c967d8b1632f77d
de/jarnbjo/vorbis/MdctFloat.java,240,8583,9,0,0,0,0,0,0,1,0,0,0,0,0,0,6,683a833498e39a3882ae6632dfd20631c71e811c4bf3ad42661fabfab3543b8d
com/jcraft/jorbis/Mdct.java,196,7013,9,0,0,0,0,0,0,1,0,0,0,0,0,0,6,9f9268398c1e9a3137736885efe6ede233be586c11c2314c7ae19b4df41be39a
zombie/worldMap/WorldMapSettings.java,138,5655,9,5,0,0,0,2,0,0,0,5,0,0,0,0,1,5fd802581c8cd47e9e2225e71f2628e421b22474429463b1f7e9c1d154c190f9
zombie/gameStates/GameStateMachine.java,118,4003,9,1,1,2,0,0,0,0,0,0,0,0,0,4,1,7ffcb335b1a8a3eeb83158680adc60d74608664799f3d36eb60e2d03d3607293
zombie/core/opengl/PZGLUtil.java,117,4307,9,13,0,3,0,0,0,0,0,0,0,0,0,0,0,6766a694fa0385a2f94ba5fc3138970e73cd15548579dbb87b4c65ac0d38cb3c
zombie/randomizedWorld/randomizedZoneStory/RZSBeachParty.java,116,4407,9,1,0,0,0,0,0,0,0,0,0,2,0,0,1,bee0f1f8a1b75c5c7a54a2e0a65eaad45f2f54e300aeb781c16de5e0d10d5956
zombie/iso/IsoFloorBloodSplat.java,110,3153,9,2,0,0,0,0,0,0,0,2,0,2,0,0,1,999d1cfd50285d284802813165e1e1eb9f7b3fce36b085705aa4f7bfa65a08ea
zombie/iso/sprite/IsoSpriteManager.java,99,3479,9,0,0,1,0,1,0,0,0,0,0,0,0,9,2,6af1e5c484d853d61d6d1abd471d406347a8ffc0e86d33166602b6acf592635b
zombie/core/skinnedmodel/model/FileTask_LoadAnimation.java,90,4146,9,0,0,0,2,0,0,0,0,0,0,0,0,23,1,0f9e9a568327c9e770c0507d22cba05ba54497b39b55dc09ff2de0388717223c
zombie/vehicles/Clipper.java,85,2650,9,3,0,0,2,0,0,0,0,0,0,0,0,0,1,938879b9fd6bb5488ed4b67575a2b62846129a7f87f26242a3fbddecb96cba87
zombie/core/profiling/AbstractPerformanceProfileProbe.java,84,2601,9,0,0,0,0,0,0,3,0,0,0,0,0,0,0,3be133fe8d82eebb151645df17155ac0c54a826f68423aa4e2b65784423fdf00
zombie/ui/FontsFile.java,82,3277,9,0,0,0,0,0,0,3,0,0,0,0,0,0,0,650c759db72bcd89be7b9016ac9a2d4d5fc5e0c5dabb053d0d9c8eaabd53de00
zombie/iso/IsoWallBloodSplat.java,81,3368,9,0,0,3,0,0,0,0,0,2,0,0,0,3,0,d219bd6e7b9a839635bba157a8ad69e5865b30b8757b6a6f12a7f98bea33f237
com/evildevil/engines/bubble/texture/DDPixelFormat.java,71,1981,9,0,0,3,0,0,0,0,0,0,0,0,0,0,0,e527572e8122f7771c1c8a5516e37d90a7084b2a91396236c82e9d639e3622b9
zombie/core/Styles/AbstractStyle.java,64,1319,9,0,0,3,0,0,0,0,0,0,0,0,0,0,0,b6abb9d915ea94007ff6d0b31b3878504358867d4b9ba220dcac3b4f5b8c1d3b
zombie/core/skinnedmodel/runtime/RuntimeAnimationScript.java,63,2280,9,0,0,0,0,0,0,2,0,1,0,0,0,14,3,30b9af91dff8d29b80bd14f0aa6e7876bca15d9106813cb49cff85a5ebf46f03
astar/datastructures/OpenSet.java,59,1457,9,0,0,0,2,0,0,0,0,0,0,0,0,0,1,0784b02d12ae2df8b3dd47719b1636c074c811cdaf80570a4f72dd0a4d393a08
zombie/network/ServerPlayersVehicles.java,58,1688,9,0,0,0,0,0,0,3,0,0,0,0,0,0,0,dddd4261fc2d235d5dc7f4d3c478b8716155133b99aa92d11961bcf55060c124
zombie/core/skinnedmodel/runtime/CopyFrames.java,57,2582,9,0,0,0,0,0,0,3,0,0,0,0,0,10,0,ef908c17019353e78361d14c83768cbfc3707db9ca8b47d050dc71604a3c96a9
zombie/randomizedWorld/randomizedZoneStory/RZSTrapperCamp.java,53,2016,9,1,0,0,0,0,0,0,0,0,0,2,0,0,1,7b2675bbd636bedb52a4201030fc84fbfe255ceaaac914efce3ce66e7c459d8a
zombie/core/skinnedmodel/runtime/CopyFrame.java,52,2258,9,0,0,0,0,0,0,3,0,0,0,0,0,10,0,e438acc0cb772be3ff224f47b6c06028b9272934d1a3209e0957328d356ccace
astar/tests/DatastructuresTest.java,43,1784,9,0,0,0,2,0,0,0,0,0,0,0,0,0,1,4acce848cc51cfc9e79409c3bc871429ae09a57164914368c670e1e35b78ab3c
astar/datastructures/ClosedSet.java,36,902,9,0,0,0,2,0,0,0,0,0,0,0,0,0,1,bbf40873b3b45086364f58ca7f51b0fd055383f31edd1c4b884832026d8e6773
zombie/fileSystem/FileTask.java,36,944,9,0,0,0,0,0,0,3,0,0,0,0,0,0,0,337746df109e353eaa17d18d7ff194f88914260602e1b8db15090d364ca5d343
zombie/randomizedWorld/randomizedDeadSurvivor/RDSSpecificProfession.java,35,1517,9,0,0,0,0,0,0,0,0,0,0,2,0,0,1,d976dd52b1d03ec483eafb16383b5dc2946ea7554f0398581531769206ce10e5
com/jcraft/jorbis/FuncFloor.java,26,819,9,1,0,0,0,0,0,3,0,0,0,0,0,0,0,02b6bab6be9a7be2d5b52ccfc0e7c04de3040e6775c25b3fe94ff322b13a05fa
fmod/fmod/FMOD_STUDIO_EVENT_DESCRIPTION.java,25,850,9,0,0,0,2,0,0,0,0,0,0,0,8,0,1,7bd6fcb62e12221511e544a26d2debe1b2ab3f1fe63498653df3cbd8c36236dd
se/krka/kahlua/profiler/AggregatingProfiler.java,23,1014,9,0,0,0,0,0,1,1,0,0,0,0,0,0,0,931816d8b276b27ec1274fdea44c25a93f28524d4eeca9351e271da842d56958
se/krka/kahlua/profiler/DebugProfiler.java,22,729,9,0,0,0,0,0,1,1,0,0,0,0,0,0,0,d1817d1b28a7809cf908b37a1da9c39c410d12efd3346966ec918191f976ed1c
zombie/core/sprite/RenderStateSlot.java,22,430,9,0,0,3,0,0,0,0,0,0,0,0,0,0,0,000b30018ffa7dd5b12062d3409aa5a18accccd341b56389453c2aa65075a672
zombie/core/sprite/SpriteRenderStateUI.java,20,490,9,0,0,3,0,0,0,0,0,0,0,0,0,0,0,ca36d6a54bf7e6cece7abeddb8b0ede5f6cd3769a0316695e41de2f54bf1f97c
com/jcraft/jorbis/Residue1.java,17,524,9,0,0,0,0,0,0,3,0,0,0,0,0,0,0,1a829d85d7367d564480637728449caf65e9160c3e4d1b224c31ad2ed3f1bd96
com/jcraft/jorbis/Residue2.java,16,464,9,0,0,0,0,0,0,3,0,0,0,0,0,0,0,e31263813e315f7c64c661fe55b1096f870c27fc3f9cfde0651f8842e951d2e8
zombie/core/textures/TextureNotFoundException.java,8,313,9,0,0,3,0,0,0,0,0,0,0,0,0,0,0,60336c02259d1645544a52918dac58eb4f6c55eaeba0b53c1eefa50082af409d
zombie/profanity/locales/Locale.java,389,14065,8,0,0,1,0,0,0,0,0,0,0,0,0,0,5,94c0c1667decf954101a1e2112249af8578ae5ce5ef1624e06529899e033ae67
zombie/chat/ChatSettings.java,253,7040,8,1,0,0,0,0,0,0,2,0,0,0,0,0,0,b73bea67b786062c2b62647d91c0e4361ee3118ac15286f1698432af136d3817
zombie/chat/ChatMessage.java,209,5387,8,0,0,0,0,0,0,0,2,0,0,0,0,0,0,5702b332d58478557db5f423ff46076d21c39d5044730f65bdc86c5a6c2f8b50
zombie/core/Rand.java,152,4297,8,16,0,0,0,0,0,0,2,0,0,0,0,0,0,c846db23ce63d97992588124abbbdd7aba8b471a7ee1caa1430e7f4692b4b4fc
zombie/audio/parameters/ParameterVehicleRoadMaterial.java,85,3690,8,1,0,0,0,0,0,0,0,2,0,2,2,0,0,94aa8c88e1125c9200ec8a707e1d26c54eeb7e0399af7681af642696dc188e14
se/krka/kahlua/profiler/StacktraceNode.java,71,3023,8,1,0,0,0,0,1,0,0,0,0,0,0,0,2,cb1bcf96487b3dcc28df5320ffd6a207d68c7e6c5e6a07237fadbe189aef2a99
zombie/audio/parameters/ParameterCurrentZone.java,66,2205,8,1,0,0,0,0,0,0,0,3,0,2,2,0,0,95e382954436cb86f86659fefa69a30a82ea29a23071f58ab6e8d092927db0d1
zombie/vehicles/VehicleInterpolationData.java,65,2550,8,0,0,0,0,0,0,0,0,0,0,0,0,0,8,12e6b69e15e4c9532fb26ddd6af34cf8b1b9259c03c1132b3dbce28c49e45072
zombie/core/skinnedmodel/population/HairStyle.java,64,1775,8,0,0,2,0,0,0,0,0,0,0,0,0,0,2,d3acdc45643002ce5e9f537ff971a64ab92de6442ba1aa2927ef78f5c7e1965c
astar/datastructures/ClosedSetHash.java,58,1767,8,0,0,0,2,0,0,0,0,0,0,0,0,0,0,3093797a7048d2339f7f56d43bc6093e5f8061251523e5a957a4d53fbf422c8d
zombie/randomizedWorld/randomizedDeadSurvivor/RDSZombiesEating.java,58,2188,8,0,0,0,0,0,0,0,0,0,0,2,0,0,0,2606c4adc667acce4571848f42050695605bc3c172c0937cf50720171805c282
com/sixlegs/png/ImageDataInputStream.java,53,1747,8,0,0,0,0,0,0,0,0,0,0,2,0,4,0,4033acfd5019b4c8c385979d7b14edf51e063cd7eb5c08715497f884aee668c0
astar/datastructures/OpenSetHash.java,50,1242,8,0,0,0,2,0,0,0,0,0,0,0,0,0,0,341cd2aae8ad6d4dfbb902eec0b9fb019f86c054ff743ba55f490629082bf02b
zombie/core/network/ByteBufferWriter.java,49,1000,8,0,0,0,0,0,0,0,2,0,0,0,0,0,0,b94c4830a5c634ba80d86a98c22909137782325d4f86f5225d8669b40923d338
zombie/util/PZSQLUtils.java,48,1675,8,4,0,0,2,0,0,0,0,0,0,0,0,0,0,3c13a4b5990462d501c6a171155064161c1b1f038aa2171f6fc372ebaa76be46
zombie/asset/AssetTask_LoadFromFileAsync.java,44,1569,8,0,0,0,2,0,0,0,0,0,0,0,0,0,0,f6535d6e6c49dad3b59bed4826f0ceb824480ad52350626a31e6f96d290fa687
zombie/audio/parameters/ParameterVehicleSkid.java,40,1350,8,0,0,0,0,0,0,0,2,0,0,0,2,0,0,79cd241ec2b7434cac6cc3979072dc11852c96afaa3669a36b14e8fab946f17b
zombie/debug/options/Network.java,40,1647,8,0,0,0,0,0,0,0,2,4,0,0,0,0,0,7430bd1b918e4b99aaedb7bfd88d73abf91625748f955cf51e1a0f1ab11f588a
zombie/fileSystem/DeviceList.java,38,1136,8,0,0,0,2,0,0,0,0,0,0,0,0,0,0,680c79b8c4a639affb3121263e70c9b861215b4774c51f598396df6a3e02aaa8
zombie/randomizedWorld/randomizedDeadSurvivor/RDSGunslinger.java,33,1263,8,0,0,0,0,0,0,0,0,0,0,2,0,0,0,acc97fc81cd82783f670ace80160f789f1d151d0aa91737b1152e33448322f0d
org/lwjglx/util/glu/GLUtessellator.java,30,730,8,0,0,0,0,0,0,0,2,0,0,0,0,0,0,1af55afcf28fd2fe5c04377729ef4d7eea4faceb987a981a8fe12e197d28098c
astar/datastructures/IOpenSet.java,18,360,8,0,0,0,2,0,0,0,0,0,0,0,0,0,0,d459dde2df1c2287e57167ba344cf3424dd80a19343afcf6e518fd4345b1c1e1
zombie/chat/ChatElementOwner.java,17,298,8,0,0,0,0,0,0,0,0,0,0,2,0,0,0,24de1ffa2fd930de3c2cc31b86edb9230e7796a7a4db608e933baea2ae4b8539
astar/datastructures/IClosedSet.java,14,305,8,0,0,0,2,0,0,0,0,0,0,0,0,0,0,c964db7dce150cf5ca34d23201e3535e992ca4e096ed9107ea093b7a9cd6fdea
zombie/interfaces/IUpdater.java,10,220,8,0,1,2,0,0,0,0,0,0,0,0,0,0,0,68794b55aba59a794b973a937c90d283f58f4d39cf97d080046f29dd8c2ed6ca
zombie/iso/areas/isoregion/jobs/RegionJobType.java,10,271,8,0,0,0,0,0,0,0,1,0,0,1,0,0,0,430de4bc98032703eb4febe58e922693ffe0217f0cd90bfac83db9e5b2eafb16
zombie/spnetwork/UdpEngine.java,10,287,8,0,0,0,0,0,0,0,2,0,0,0,0,0,0,7dec8dffb90025860a28ed4220af3dafc8a434544263b067d99d7404c62f8fca
zombie/network/DiscordSender.java,6,218,8,0,0,0,0,0,0,0,2,0,0,0,0,0,0,9a19b48cc7f66446362bee473d271de2f70f6c1e18c6abeb9805fadfc6f884a9
org/lwjglx/util/glu/tessellation/Sweep.java,970,41690,7,34,0,0,0,0,0,0,0,0,0,0,0,0,7,7b72fce9162ddef0cfa8c5f6678ac617ad54ffa3641912cd6fca676bae2ee50d
org/joml/sampling/BestCandidateSampling.java,805,34221,7,7,0,0,0,0,0,0,0,0,0,0,0,0,7,f08b3a985d5052264377f44e9afcdde1224737f83a10e39cefe061cdcf854b8b
de/jarnbjo/vorbis/Residue.java,221,6861,7,1,0,0,0,0,0,0,0,0,0,0,0,0,7,552c74fb009a4428d34ac51aad6f92359e42b54c4de254295b6eba77ccd304c4
zombie/core/skinnedmodel/animation/ModelTransformSampler.java,148,6964,7,2,0,0,0,0,0,0,0,2,0,0,0,49,7,faa617eeb9134dfc932dfc6e014e357b45cb08106ad01c9ab185aa5a9148ea7c
de/jarnbjo/vorbis/Mapping0.java,117,3881,7,0,0,0,0,0,0,0,0,0,0,0,0,0,7,2b417603f5f47ecf8751efa1c7817dfbb810803d794c4ffc28c7512ea446d5cf
se/krka/kahlua/integration/processor/ClassParameterInformation.java,84,3137,7,3,0,0,0,0,1,0,0,0,0,0,0,0,1,24d45be68ca6bafca10be16701a16a8ee128f3c0c69713573fdad720e4d691fd
zombie/core/skinnedmodel/model/jassimp/ImportedStaticMesh.java,81,3393,7,0,0,1,0,0,0,0,0,0,0,0,0,0,4,78b8c614d5beacb3b5db47e5714194d4f650fa9558fa7e8bd6829faaaeb61256
zombie/core/WinReqistry.java,56,1829,7,2,0,0,1,0,0,1,0,0,0,0,0,0,0,54b5d1f7f4cf33dc0ee677119f765568a286f63342582eea3ba765d3c99b0a73
se/krka/kahlua/converter/MultiLuaToJavaConverter.java,42,1321,7,0,0,0,0,0,1,0,0,0,0,0,0,0,1,3c5031e753c60292a33812d6ea1888513c89246ead3bb8dfee4de5e06d3ba077
zombie/worldMap/markers/WorldMapMarkers.java,38,1380,7,0,0,2,0,0,0,0,0,0,0,0,0,0,1,5e31e202cf205c68ee0e2fadae05d95e07258d0e62ce77d2d5874933f6adb74f
se/krka/kahlua/converter/MultiJavaToLuaConverter.java,35,1028,7,0,0,0,0,0,1,0,0,0,0,0,0,0,1,ccc7bf4fa77b235c966bdb7868f32c2caddd0d34be6401344169ea76728e721b
se/krka/kahlua/profiler/StacktraceCounter.java,32,966,7,0,0,0,0,0,1,0,0,0,0,0,0,0,1,662e9e0a3940a4e7180f40ba4b7e3cfee71fda212fd52934a176cb7cc52eeb49
zombie/core/skinnedmodel/population/BeardStyle.java,30,822,7,0,0,2,0,0,0,0,0,0,0,0,0,0,1,3836edc32ecd25f4e7b16fbb190c43e61b49df4262f4d8f65ced086addd5f7f5
zombie/characters/AttachedItems/AttachedWeaponDefinition.java,17,681,7,0,0,1,0,0,0,0,0,0,0,0,0,0,4,777dde6248a3b6210531abc846a23241ce8e2fe1604625b1138652b0423164f0
zombie/characters/IsoLuaCharacter.java,16,561,7,0,1,0,0,0,0,0,0,0,1,0,0,0,0,8decd8498bf9af802edae4e88e7d264f543f7c6742a3cbde58f8bb1b8be719f7
zombie/characters/IsoDummyCameraCharacter.java,15,416,7,0,1,0,0,0,0,0,0,0,1,0,0,0,0,97b01787909c9cd55d612d063008e29f49ce246eda6318003e691c0024578931
zombie/debug/DebugLogStream.java,741,28808,6,5,0,0,0,0,0,2,0,0,0,0,0,0,0,cb5f2fc57f32dbe3617b78e936788710b185d2165c05f6580ea962ca90abd0c3
zombie/inventory/types/Literature.java,433,14574,6,0,1,0,0,0,0,0,0,4,0,0,0,0,4,8064bd6721e71bd55da72f27873b26cac5d2e37104268382885b1744599fa957
zombie/core/Collections/ZomboidAbstractMap.java,404,11913,6,3,0,0,0,0,0,2,0,0,0,0,0,0,0,d95ea7c056f70853d8c90d80f5da69d3bd96c6fb8dbe89563e4411a2bf1a4829
zombie/core/opengl/ShaderUnit.java,266,10185,6,2,0,0,1,0,0,0,0,0,0,0,0,0,2,aac953ff24bceffc949b7c3dcfc0ab2df625af52ea58f1b5847d418b4a4aeddf
de/jarnbjo/ogg/OggPage.java,238,8165,6,8,0,0,0,0,0,0,1,0,0,0,0,0,2,a00d77866992b4c8a0a5e082a9870f6a901877e8bf1e0113012f839ace389ea6
zombie/core/skinnedmodel/Matrix4.java,235,8156,6,2,0,0,0,0,0,0,0,0,0,0,0,0,6,691be3ab6d9f2b5d0646feb1971d7411103a49a69fcdad34740df8ba238032dc
org/lwjglx/util/glu/Project.java,215,9855,6,9,0,0,0,0,0,0,0,0,0,0,0,0,6,a75583edfac8cdc6dd23584111a0cb1c918fea1bb026101f62292956ee4d5912
zombie/core/skinnedmodel/animation/StaticAnimation.java,204,8107,6,0,0,0,0,0,0,0,0,0,0,0,0,9,6,b582eadd7b888f651a1361522865db34e0f8f69633ff002c4b4774100f7369ea
org/lwjglx/util/glu/Disk.java,140,5501,6,0,0,2,0,0,0,0,0,0,0,0,0,0,0,f189e9d28c5ef9880332fbd2f8d7d8b3d0fdfdc60d817fed5b2a51bfed975877
zombie/core/PerformanceSettings.java,122,3311,6,23,0,2,0,0,0,0,0,0,0,0,0,4,0,d7778b3750b769ab69f72365c1eff1361c5af1f3ce2a7c419009840d919e257a
zombie/core/skinnedmodel/model/jassimp/ImportedSkinnedMesh.java,119,4755,6,1,0,1,0,0,0,0,0,0,0,0,0,0,3,fab5d216110b76f69d7818c429eba7c5f5321b9e7c9d26fb0a0d765f2ef3dc6e
de/jarnbjo/vorbis/Util.java,110,3117,6,0,0,2,0,0,0,0,0,0,0,0,0,0,0,4e3c53c1cb1c3029adfd44e96102281ed5503336f1075733ecd21bc11ef13559
se/krka/kahlua/integration/expose/TypeUtil.java,101,3698,6,3,0,0,0,0,1,0,0,0,0,0,0,0,0,bf4e11bf4b9a8a2c8cb41ed719fb1eddbd11803426ca38650f5dd1de6f9b6997
zombie/SystemDisabler.java,99,3309,6,36,0,2,0,0,0,0,0,0,0,0,6,0,0,67942766393eca72ce105f19c805086bad9f26697354cb4b05be8ae6e809f149
zombie/core/raknet/VoiceManagerData.java,99,3301,6,4,0,0,0,0,0,0,1,0,0,0,2,0,2,43b26aee6d885a248deb00812cf367c1717373dcca8dc1c75b9d3154224ec164
se/krka/kahlua/integration/expose/MethodDebugInformation.java,95,2861,6,0,0,0,0,0,1,0,0,0,0,0,0,0,0,15a2c56576e02a33894dd9f3e4d01f05865a84fc97d69afe969eb0a177db8d72
zombie/iso/areas/IsoArea.java,89,3100,6,7,0,0,0,0,0,2,0,0,0,0,0,0,0,1d2c824ef8ef7f2bd00d41c9340181a4d1ed23e178363455fe0160b459aee6eb
zombie/core/collision/Polygon.java,81,2466,6,1,0,0,0,0,0,0,0,0,0,0,0,0,6,6c92089c57ec86fbbc0ba6ffc33535ccbe0b8d2331423ab556fab9939651e0f5
zombie/core/VBO/GLBufferObject15.java,78,1769,6,0,0,2,0,0,0,0,0,0,0,0,0,0,0,d30c60147f90cdfe486a5b3f7ff2594efd73f7c7662e8d8da0feb1a82a825182
zombie/core/VBO/GLBufferObjectARB.java,78,1947,6,0,0,2,0,0,0,0,0,0,0,0,0,0,0,aed02432cd71e38b57e41c975a57fdcbb35171672b2022401ae1f86499487bdd
zombie/core/opengl/SharedVertexBufferObjects.java,67,2314,6,0,0,2,0,0,0,0,0,0,0,0,0,0,0,64b040275b0213bcb19618cbf2576dea5ee321b87d89aacdda453bf23fe4f954
se/krka/kahlua/integration/LuaReturn.java,54,1413,6,1,0,0,0,0,1,0,0,0,0,0,0,0,0,8d4fc3d83ec99ea6a3f852d4899984926c99fa7524c95b2b4e4dbd1421088976
org/luaj/kahluafork/compiler/ExpDesc.java,46,1056,6,0,0,0,0,0,1,0,0,0,0,0,0,0,0,46bd05e64a1eb7fb8adac3b183fbaf74961d8afd14768489f549a1880e0026c4
se/krka/kahlua/profiler/FakeStacktraceElement.java,44,1143,6,0,0,0,0,0,1,0,0,0,0,0,0,0,0,d13298cfb2b2cc677b592b4231dbf1a2aa7544c0405cb09211d39f816da212ad
se/krka/kahlua/integration/processor/DescriptorUtil.java,39,1197,6,4,0,0,0,0,1,0,0,0,0,0,0,0,0,05e30dba518695d41e8f7cb4f8b4d46a5bac86f0509b022aff5feab1fa566ceb
zombie/util/LazyValue.java,37,1242,6,1,0,0,0,0,0,2,0,0,0,0,0,0,0,e44379ab17696a53a6cc2418a9560b8a8d53f217cb609c323744a219f89a5c7a
se/krka/kahlua/integration/expose/AnnotationUtil.java,36,1454,6,2,0,0,0,0,1,0,0,0,0,0,0,0,0,4deaa7b63578c3ca079c47be1ecd3856df3bb57d39923a78c8db2c8f8c26b15f
zombie/core/VBO/IGLBufferObject.java,35,830,6,0,0,2,0,0,0,0,0,0,0,0,0,0,0,d4bcdf238c1388066dc035b0ad72ca0ea1adff6471b817c4851a2e5ed8da4028
zombie/debug/options/Animation.java,35,1764,6,0,0,2,0,0,0,0,0,0,0,0,0,16,0,c5632a6583576a93c9e5dac6b2b83f0761e0f602aa08de83946261ee1fd9f22c
se/krka/kahlua/vm/UpValue.java,34,890,6,0,0,0,0,0,1,0,0,0,0,0,0,0,0,16034dcc4a3af37510d0cde7edfaef1563af884748db0b220ce8ab9ca8ce390b
se/krka/kahlua/integration/LuaSuccess.java,33,908,6,0,0,0,0,0,1,0,0,0,0,0,0,0,0,385dbf047288b95062f083dba8346cfa425f7aba1451e83657b03d2c2875ee61
zombie/spnetwork/ZomboidNetDataPool.java,28,867,6,1,0,0,0,0,0,2,0,0,0,0,0,0,0,bb7604ab3f787e709bea74bad284cb877882ac52378e8a8bb2f2bb916a48dfe1
com/evildevil/engines/bubble/texture/DDSurface.java,27,895,6,0,0,2,0,0,0,0,0,0,0,0,0,0,0,6bb66a278e79c24e87f29287190e07ed159bb25c63d58ee51b150439ef58fe12
se/krka/kahlua/integration/expose/MethodParameter.java,26,657,6,0,0,0,0,0,1,0,0,0,0,0,0,0,0,f220eff104d9f15815db004470f90c52f32860cbbe5deb8b699d38cdf3101589
se/krka/kahlua/profiler/Sample.java,22,523,6,0,0,0,0,0,1,0,0,0,0,0,0,0,0,75829cf3cdea89f69c091fa9663c781084f2200ed799caba26ae27d9dd8fb62b
zombie/core/skinnedmodel/population/ClothingDecal.java,21,638,6,0,0,2,0,0,0,0,0,0,0,0,0,0,0,dffdd77d41075cc32c2705c12b28f2da6cf4d9cc5f96b0329c3fa911b7e34ede
org/luaj/kahluafork/compiler/InstructionPtr.java,20,432,6,0,0,0,0,0,1,0,0,0,0,0,0,0,0,113e7927a6d9de0f1b5ec2d005199b8aafa2c0de28369c0c60b9aefd0a0e3a80
se/krka/kahlua/integration/processor/MethodParameterInformation.java,20,782,6,0,0,0,0,0,1,0,0,0,0,0,0,0,0,fa13228bd9127b497ac98702db6531f662a92aed33408bc91a82c2f39643b263
zombie/core/skinnedmodel/model/ModelTxt.java,20,788,6,0,0,0,0,0,0,0,0,0,0,0,0,3,6,bf7d6c139c10986f06bc32c3eed82e2d993b330d16d3807285c8fcf120e9712f
zombie/iso/IsoGridStack.java,19,515,6,0,0,0,0,0,0,0,0,0,0,1,0,0,2,907f7cbc418077fb47b944a8d31f7dc3e1f25554d0a7051ac754818167d14339
se/krka/kahlua/integration/annotations/LuaMethod.java,17,525,6,0,0,0,0,0,1,0,0,0,0,0,0,0,0,68356d7c16e10371f15134672a9ba31589736a0d581dc270bb4cc550eb615dd3
se/krka/kahlua/integration/annotations/Desc.java,15,539,6,0,0,0,0,0,1,0,0,0,0,0,0,0,0,e8e9c76a90544f029facec77ab886eddbef2b9ef85f762980bd8ba7d8d06c09d
org/luaj/kahluafork/compiler/Token.java,14,339,6,0,0,0,0,0,1,0,0,0,0,0,0,0,0,09d33238df6d173e3792636556ccba75273b01d042f411a394c1015ddd94529c
se/krka/kahlua/integration/annotations/LuaConstructor.java,13,437,6,0,0,0,0,0,1,0,0,0,0,0,0,0,0,fcef5b0d75e38fa3a2da6ff9a63b15b220a96cf5fac0ad9cfd4ad40a65fd968e
zombie/debug/options/OffscreenBuffer.java,12,395,6,0,0,2,0,0,0,0,0,0,0,0,0,0,0,9e5da58c218aa34028edab884d6e5ab3032ff5211834877f9615c1ab96004e92
org/luaj/kahluafork/compiler/BlockCnt.java,10,267,6,0,0,0,0,0,1,0,0,0,0,0,0,0,0,96007d6f918b08b659f91347b80a71113a465173b8a6206733293d1ccd9fcfcd
org/luaj/kahluafork/compiler/ConsControl.java,10,254,6,0,0,0,0,0,1,0,0,0,0,0,0,0,0,74747536d5a0e09e3cb0ece5f60fc36003f6c246a25693237516a5f93ecb3801
se/krka/kahlua/converter/LuaToJavaConverter.java,10,327,6,0,0,0,0,0,1,0,0,0,0,0,0,0,0,094a42cf192cba724fe3df93153cea2497534c7b96bc0ae060fb490c9894389a
zombie/iso/SliceY.java,9,334,6,0,0,0,0,0,0,2,0,0,0,0,0,0,0,b922d08a8cedaadf89db2546b872b5f60adf15c881f2c23c3b5d9fd5ca515e6d
se/krka/kahlua/converter/JavaToLuaConverter.java,8,261,6,0,0,0,0,0,1,0,0,0,0,0,0,0,0,a861eb330a93a2d075957258148d723459f22d42263435b1799fe0e3c1d85494
se/krka/kahlua/profiler/StacktraceElement.java,8,211,6,0,0,0,0,0,1,0,0,0,0,0,0,0,0,5ee3473f461fc97d8ee61d20c780955ca7d7a29b40332c2399c88e65753f4500
se/krka/kahlua/require/LuaSourceProvider.java,8,233,6,0,0,0,0,0,1,0,0,0,0,0,0,0,0,9045930b493a249c3a0c82d9a868c85dee0c189fb1c1c812731bcd3b19bdf2b0
zombie/core/opengl/RenderContextQueueException.java,8,298,6,0,0,2,0,0,0,0,0,0,0,0,0,0,0,5cb87a626cabeaaf1cdb2b2d7bd83e171d8be4a1517e4d992d78b48e18794e66
org/luaj/kahluafork/compiler/LHS_assign.java,7,218,6,0,0,0,0,0,1,0,0,0,0,0,0,0,0,0c1fc7c70b67f61ef00a8a04d2d06f0b872c9f7f812653d443b8c07444cb9b0e
zombie/core/skinnedmodel/model/ModelInstanceRenderDataList.java,7,263,6,0,0,2,0,0,0,0,0,0,0,0,0,0,0,0e3d890cc051e664e97f1170d08036387fefc80c21d69ac6b061d59175ddef01
se/krka/kahlua/profiler/Profiler.java,6,196,6,0,0,0,0,0,1,0,0,0,0,0,0,0,0,8dbb10fb8648d9008879efb22e9756c4b008cd32e649e46a003f6511ad9f0414
se/krka/kahlua/vm/JavaFunction.java,6,204,6,0,0,0,0,0,1,0,0,0,0,0,0,0,0,45e9f461804606a51b49e302a7d6b143a8831533c7c3d901a261ccf2625759a7
zombie/core/skinnedmodel/IDrawable.java,6,182,6,0,0,2,0,0,0,0,0,0,0,0,0,0,0,9bf6696eb33b8a7d117fcafcc16a264468527dbe0e17cb2c11eb0ad4b0ad59ea
zombie/worldMap/VASErenderer.java,6,293,6,1,0,2,0,0,0,0,0,0,0,0,0,0,0,8038967c1ee533d7f12153967fc4e8402d56e4b5acb1f820e3c5b0ff3a13950f
com/jcraft/jorbis/Lookup.java,339,7614,5,4,0,0,0,0,0,0,0,0,0,0,0,0,5,809faed03d90fa33b1c27620c0f372b3677b7a19c2ea5e850db659b38bf9510b
org/joml/PolygonsIntersection.java,278,11613,5,5,0,0,0,0,0,0,0,0,0,0,0,0,5,6e6f6810e4ce3367de3b15b877014f91e20b05890dfd0e7e766ed63748bd4e11
zombie/core/properties/PropertyContainer.java,244,8601,5,4,0,0,0,0,0,1,0,0,0,0,0,0,2,fe565fbe46685d69ec7a6aeaaabfe88928476820ea87fc00cb2d80de69b9b8e7
org/lwjglx/util/vector/Vector3f.java,198,5452,5,5,0,0,0,0,0,0,0,1,0,0,0,0,5,b828f26ed3639b2d3be29d46f15594051b66fee32d0226effa3dcdeac6062c5e
com/sixlegs/png/PngConfig.java,186,5820,5,0,0,1,0,0,0,0,0,0,0,0,0,0,2,c5e9651adc304dc7aff47bf6e1ac7d9bbda36e44c7636a2829290252ef29491e
org/lwjglx/input/Mouse.java,186,5400,5,44,0,0,0,0,0,0,0,0,0,0,0,0,5,3590b72b51524f0d41755f186313bbcf20b8ed35b58757ab7d3b01864acb0b0f
zombie/core/Styles/FloatList.java,155,3836,5,0,0,0,0,0,0,0,0,0,0,0,0,0,5,d6645a8616322dfab3c00f9b58e7bd57b251a5ab155e982501a11068fe4ca3a7
zombie/core/skinnedmodel/animation/Keyframe.java,150,4328,5,7,0,0,0,0,0,0,0,0,0,0,0,1,5,7e7255cf71eb17a47b649d313a95518170b283b698ccbba28bfea3fb73d6798d
zombie/core/skinnedmodel/animation/AnimationMultiTrack.java,117,3269,5,0,1,0,0,0,0,0,0,0,0,0,0,30,3,71bc905c65adc4b8886ee0c4bbac39b25da0f4458c0b95b4803ece328170c5cf
zombie/core/Styles/IntList.java,115,3065,5,0,0,0,0,0,0,0,0,0,0,0,0,0,5,a81e7027592f2691ff394d42fefc6622f0129cdcccd1fbe3d1789f42d6b7cacb
zombie/core/skinnedmodel/population/ItemManager.java,76,2779,5,6,0,0,1,0,0,0,0,0,0,0,0,0,1,996ec92bb91f260c57691d38dd8e051a5f458b4a26f4e23d0b4832c25a4d3f24
astar/datastructures/HashPriorityQueue.java,66,1565,5,0,0,0,1,0,0,0,0,0,0,0,0,0,1,25b89788b6e81f9b55de537cdb0deee7494a2e1121bec3543557f01ed1a17ce8
zombie/core/TilePropertyAliasMap.java,57,2408,5,0,0,0,0,0,0,0,0,0,0,0,0,0,5,a94be4770ecae84a115bfacbd2e73a5c10844d0b9a00aaac9afb3e869e1dc631
zombie/characters/ZombieThumpManager.java,41,1746,5,0,0,0,0,0,0,0,0,0,1,0,25,0,0,75b533aa3b6bd60ad58d1364d8a9e563429f41eaec7b13124d7c7bb8d16e38c2
zombie/characters/ZombieFootstepManager.java,19,577,5,0,0,0,0,0,0,0,0,0,1,0,3,0,0,0dfce757129c264be517586c2a912225e8dd9e4932a9f51bc0e36f3d75bd640f
javax/vecmath/GMatrix.java,2105,79408,4,21,0,0,0,0,0,0,0,0,0,0,0,0,4,c78f3dde7399f60f5f7615e1263006f07716579e39c1a980da951a6bf0a9da4c
zombie/util/list/PZArrayUtil.java,772,24004,4,84,0,0,0,0,0,0,0,0,0,0,0,0,4,e1aeb4a1619b38331d25128d7fb42e7847d38ba6f247d9ba513e72cb12f0d39c
zombie/core/skinnedmodel/advancedanimation/LiveAnimNode.java,530,18930,4,2,1,0,0,0,0,0,0,0,0,0,0,126,2,1c3be2e54ce6f6f4b325006fbdfe2ac69270fad21d19396d866bca089da24494
org/joml/FrustumIntersection.java,492,25690,4,0,0,0,0,0,0,0,0,0,0,0,0,0,4,217190f3c6c88dee9db4d2a7fa1728daa4eaf06729ed58edb45a8a2f2d8a9147
zombie/characters/TestZombieInterpolate.java,475,19965,4,0,0,0,0,0,0,0,0,0,0,0,0,0,4,d81f2ffc9ba5f65f9fd02435b0dbad09517fbf1c51e79c0f127de58383ec113e
org/joml/QuaternionfInterpolator.java,373,16104,4,2,0,0,0,0,0,0,0,0,0,0,0,0,4,24c013b564b79494be2a2b32528d3858cea374f6c5cc77840e10b020aa6205fb
com/jcraft/jorbis/StaticCodeBook.java,309,10395,4,3,0,0,0,0,0,0,0,0,0,0,0,0,4,8059691a6046f2b168712608d25b0976f73b97380a0aa2d8dd2129afa18cf4ae
zombie/characterTextures/BloodBodyPartType.java,286,9502,4,4,0,1,0,0,0,0,0,0,0,0,0,0,1,e4ef881e5b3959f4a67a097ccde696c97f0d3831b4794019a84940b95a241d00
zombie/GameProfileRecording.java,238,8435,4,3,0,0,0,0,0,0,0,0,0,0,0,4,4,872062bd81fde34dffdf603e13039dad415995bb45d430e979653405ac00c22d
org/lwjglx/util/vector/Vector4f.java,203,5539,4,4,0,0,0,0,0,0,0,1,0,0,0,0,4,025d273b5f7e0b47f5db661099bf0b27cee7c7dea2ccd67b911c58162432dbb5
zombie/radio/scripting/RadioScriptManager.java,199,6993,4,3,1,0,0,0,0,0,0,2,0,0,0,0,2,1e8fc03e59bbe67e04786b8e255672a76fb1f0dfc4e4d1544665109cb37a1006
zombie/core/Colors.java,161,12504,4,7,0,0,0,0,0,0,0,0,0,0,0,0,4,57b9cf596529e43248b930754173961d115f29a307e61ad140ed8be0e5e4932d
org/lwjglx/util/vector/Vector2f.java,158,4155,4,4,0,0,0,0,0,0,0,1,0,0,0,0,4,0e4213459006d28aa82bdb6bf215789d964e1a4dca96971a1f23e79d2eabff6a
zombie/inventory/types/MapItem.java,140,4735,4,5,0,0,1,0,0,0,0,10,0,0,0,0,0,4f252db9bbf287e28b29e3ecea02281841900d7236ebb9627a18abb37953be1f
zombie/scripting/objects/MovableRecipe.java,120,3213,4,0,0,0,1,0,0,0,0,0,0,0,0,1,0,b1d1b6638c31ea382658e77e8a7aa1f41cc29bad4f7535699aa4207fb32562d3
zombie/iso/DiamondMatrixIterator.java,114,2955,4,0,0,0,0,0,0,0,0,0,0,0,0,0,4,4caa2d7055f337003f335afb09a865951193a2ef6f385b388f68508de5f99c53
org/joml/sampling/PoissonSampling.java,108,4644,4,1,0,0,0,0,0,0,0,0,0,0,0,0,4,1188a07456656c16aa123205d8109aff79b1fca097c39cbf27a3ef683014f39e
zombie/util/Pool.java,89,3212,4,3,0,0,0,0,0,1,0,0,0,0,0,0,1,dfb7abd50e1db815667e413f7b6caca581d70efcbedcb85295f92c2fc555af13
de/jarnbjo/ogg/OnDemandUrlStream.java,87,2793,4,0,0,0,0,0,0,1,0,0,0,0,0,0,1,f0865dce88e57cbc2f8053a456d2f9f9321b13c433e35ef2888e8724ab061944
de/jarnbjo/ogg/BasicStream.java,79,2441,4,0,0,0,0,0,0,1,0,0,0,0,0,0,1,912875779b81fa776b25118304887282bae82cb34625898f7464b7c9e00614f5
zombie/core/skinnedmodel/animation/debug/AnimationNodeRecordingFrame.java,77,3546,4,0,0,0,0,0,0,0,0,0,0,0,0,18,4,db5a844acd0717e3a21dfa9d089a1a854ebfbc3dfdc5c4c3b229e48f19d51a0b
zombie/network/Userlog.java,77,1814,4,3,0,0,0,0,0,0,1,0,0,0,0,0,0,c5b70a4183660255311ea905cb07587dcb979375c89808263e40c7643deb782d
zombie/vehicles/VehicleDBHelper.java,67,2448,4,1,0,0,1,0,0,0,0,0,0,0,0,0,0,ab3042e9718d23518f0020548dc54d83f8026210c2d4d3bed8e975852efe4e67
zombie/network/NetworkAIParams.java,65,2570,4,10,0,0,0,0,0,0,1,0,0,0,0,0,0,1a172f0b4b600a9646876218e9bbd89d8dbb0467a3f89a47c69c13940e716ceb
zombie/debug/DebugType.java,44,719,4,1,0,0,0,0,0,0,1,0,0,0,1,1,0,42dfaee97a20f30fa86f9f09854a63d5d027572a316b5c5ab96cf99bda50adfc
zombie/core/znet/SteamGameServer.java,40,1316,4,19,0,0,0,0,0,0,1,0,0,0,0,0,0,03ee0b23924185b59e48592d0b549a6a1085fbc5b30934aad4e2b37abb3f32b6
zombie/core/skinnedmodel/population/ClothingDecalGroup.java,39,1258,4,0,0,0,0,0,0,0,0,0,0,0,0,0,4,88a425cea458200211aef06d4a0b1781ba1b32c65c480f75e563cc4b2faa9cbe
astar/ISearchNode.java,34,570,4,0,0,0,1,0,0,0,0,0,0,0,0,0,0,eb2d0dd2754b64896916b24fca3237d8f63147267cb0555eaaf5b122e58e0aba
zombie/vehicles/ClipperOffset.java,34,810,4,2,0,0,1,0,0,0,0,0,0,0,0,0,0,6c8a19b5919d6c121364ab182bb00fb42bc2a582a3952579216168763f41c77a
astar/ASearchNode.java,32,623,4,0,0,0,1,0,0,0,0,0,0,0,0,0,0,c97694222c72912d8e72d63c25cf92b1c384e236f57095c1c3066a8289a89207
de/jarnbjo/ogg/LogicalOggStream.java,29,772,4,0,0,0,0,0,0,0,1,0,0,0,0,0,0,e0bc8bb601aac541e6f92e89ccee1d636ba85ad74860b88b5296ab3b0703ed92
zombie/fileSystem/IFile.java,28,524,4,0,0,0,1,0,0,0,0,0,0,0,0,0,0,68e072a025c3a1f038a0f434baa88a8d04bf9d17d8ec99a0cfa684496ff81c41
zombie/fileSystem/IFileDevice.java,17,434,4,0,0,0,1,0,0,0,0,0,0,0,0,0,0,f2a011b8c84840effa499705d6620215d1e8a44aa8822f767c5fa99e2992020c
com/sixlegs/png/TextChunk.java,14,287,4,0,0,0,0,0,0,0,0,0,0,1,0,0,0,5a8878e38f31285e93c452ba7afc775443ad6465d5b5faa5d71927d4bd579334
zombie/radio/ChannelCategory.java,13,261,4,0,0,0,0,1,0,0,0,0,0,0,0,0,0,a777faba57d5a0e328d12e8ae6153f7c74de230b28138a4f2cf7b256f1646c50
zombie/SvnVersion.java,8,274,4,0,0,0,0,1,0,0,0,0,0,0,0,0,0,b8dc3f70cc5901792bbafef37bbfc8d5ab219c55f2b867cb0141f9bbc28bd5b8
zombie/iso/areas/isoregion/regions/IChunkRegion.java,8,202,4,0,0,0,0,0,0,0,0,0,0,1,0,0,0,9d27bd6ce6ae29d5064a378698c3a814ab90578094b562b7be8b1158c588d31e
zombie/network/IZomboidPacket.java,8,214,4,0,0,0,0,0,0,0,1,0,0,0,0,0,0,1128754920d3ff45f4c919803e4c98d835796e6152cc4b3a0c6990174fb7338c
zombie/network/packets/hit/IMovable.java,8,214,4,0,0,0,0,0,0,0,1,0,0,0,0,0,0,93486d44a56c0cb119a980716c5830ba7114f6264a55c1abe3cf5abe092b55cd
zombie/network/packets/hit/IPositional.java,8,206,4,0,0,0,0,0,0,0,1,0,0,0,0,0,0,331bb08318c5ecc8d29aecc5d56492fa0f7bc98683fba5b8dfd066b1610d6a31
zombie/FileGuidPair.java,7,200,4,0,0,0,1,0,0,0,0,0,0,0,0,0,0,601832a38b04856a6a2a4b054473ac73874e9dcd00ff0fdc3dccd69823fc7662
astar/IGoalNode.java,6,184,4,0,0,0,1,0,0,0,0,0,0,0,0,0,0,2e8a45618b0013dd51eb324508bce0ef477c37b7adaa0ee18bf3f8fdaf341ade
zombie/characters/action/IActionStateChanged.java,6,226,4,0,0,0,0,0,0,0,1,0,0,0,0,1,0,6db801a7d0815f4265f0ac37dd7077ec1485f5069c43d6df18d5290b000810ec
zombie/core/opengl/IShaderProgramListener.java,6,213,4,0,0,0,0,0,0,0,1,0,0,0,0,0,0,03778f81bf8775207b769b784bcf57195eb5032b8619a7b8eadef1122a75f7f9
javax/vecmath/Matrix3d.java,2308,92938,3,22,0,0,0,0,0,0,0,0,0,0,0,0,3,de3d394f70aff0e3e245cdbc7884060029d751e3ce936dc7bb8cbacfb6e556ae
com/jcraft/jorbis/Drft.java,1419,57132,3,17,0,0,0,0,0,0,0,0,0,0,0,0,3,6b8a396522c88aa9283552bae7f7bee620c4a98b7406b0e07ffff6d484db4338
zombie/iso/weather/ClimateForecaster.java,529,19605,3,2,0,0,0,0,0,0,0,0,0,0,0,0,3,061c1c4be41ceee22464fa774702d098eec5b445696ff654ce532530b8be97a6
zombie/characters/skills/PerkFactory.java,362,16136,3,15,0,0,0,0,0,0,0,0,0,0,0,0,3,71d6a27f54822635d2a68adc576aba54786763b27f4da5c5b441c9c965179ab8
zombie/erosion/utils/Noise2D.java,326,5657,3,0,0,0,0,0,0,0,0,0,0,0,0,0,3,0d65d142761accdfb06ae0bc07c99f0540f5fd68290781daf6b36234d3dd7512
zombie/world/ItemInfo.java,270,9228,3,0,0,0,0,0,0,0,0,2,0,0,0,0,3,3377ace52728421dd6a3dae9764c25f884caa952f39101863b438dc11c1d92c2
org/lwjglx/util/glu/MipMap.java,262,9849,3,2,0,0,0,0,0,0,0,1,0,0,0,0,3,b847dfb9df52150a76d94abdc26e0b5ad8f4e6f9af47c834fccd8c8b8460f6e2
zombie/radio/scripting/RadioScript.java,240,7737,3,0,0,0,0,0,0,0,0,0,0,0,0,0,3,769ce62c331346ee4568d99ad26a04e247031523a7ea92ecb58755e4f43ec0ee
org/lwjglx/util/glu/tessellation/PriorityQSort.java,214,6199,3,4,0,0,0,0,0,0,0,0,0,0,0,0,3,c1e001cbe73427f7573ae655eacf61cdca4d7390dabf5fd776fd21fcf877adea
zombie/characters/NetworkCharacter.java,211,7243,3,3,0,0,0,0,0,0,0,0,0,0,0,0,3,118a1b85040e82407aea4ac8505f88fbc8532fa0834e7839295d8aa53bbf9a70
com/jcraft/jogg/SyncState.java,190,5557,3,0,0,0,0,0,0,1,0,0,0,0,0,0,0,5d5d65adbfcc4d9744b7f63a538fc1778013adefa35ee32db3659117c91d17c8
zombie/inventory/types/WeaponPart.java,167,4830,3,0,0,0,0,0,0,0,0,0,0,0,0,0,3,1eae3362b71957491a69a7193c28ea4bd17bcfe58edfb3df764e47a77b320a91
de/jarnbjo/vorbis/CodeBook.java,158,6236,3,1,0,0,0,0,0,0,0,0,0,0,0,0,3,c1b12ac26d58ce4fc0cf98431171b979d52968c8abd844463453920d94347f51
zombie/characters/traits/TraitCollection.java,141,4034,3,0,0,0,0,0,0,0,0,0,0,0,0,0,3,6a3ffbea5d7257d50538ba9a855cea1bc8fc124e1f98ab198fb6a1decab88dff
zombie/randomizedWorld/randomizedZoneStory/RZSForestCamp.java,105,4160,3,3,0,0,0,0,0,0,0,0,0,0,0,0,3,6368f48ad9f5df47aa4918bc6c660597fc431aa0904b2999ab1cc303dc44ac81
zombie/core/textures/ColorInfo.java,93,2266,3,0,0,1,0,0,0,0,0,0,0,0,0,0,0,f68e014f45335d727cb28824b893cba311683e72e3472a04cb6693a00bde5907
zombie/core/znet/PortMapper.java,91,2595,3,23,0,0,0,0,0,1,0,0,0,0,0,0,0,92c5ad9ef8f27399ae2574892a3f4c1a132ed9951fa47f983d368ac6b501a1fd
org/joml/Random.java,88,2582,3,5,0,0,0,0,0,1,0,0,0,0,0,0,0,5000f06c8d19ef507d5bc9e85f5bcc88ff9d9eaf9bb270e08f0e6810eb0d92f0
fmod/FMOD_RESULT.java,87,2431,3,0,0,0,0,0,0,1,0,0,0,0,87,0,0,04b84088b87076970126493f0c85027861bcde0c2f999730547ae4b77e858b9e
zombie/characters/WornItems/BodyLocation.java,84,2416,3,0,0,0,0,0,0,0,0,0,0,0,0,0,3,d66550b4090fde3a6140f555340602ab871f43ffdf666adba65094b93bb39a14
zombie/core/skinnedmodel/animation/AnimationClip.java,77,2833,3,1,0,0,0,0,0,0,0,0,0,0,0,7,3,23bb86bc3ebf9887dae7127c1e76f40db1561a3a60b9bf1815c5c0d51af43341
zombie/randomizedWorld/randomizedBuilding/TableStories/RBTSSewing.java,74,3176,3,0,0,0,0,0,0,1,0,0,0,0,0,0,0,99fc977f4c1a066d19f9885f1b67cd8afbc369632486945536794704e17885e7
zombie/core/textures/MipMapLevel.java,48,1256,3,0,0,1,0,0,0,0,0,0,0,0,0,0,0,f4aaef508514a0a610cf09d7e61beedb9fed66f00d9a38365664eeb3af303068
zombie/core/Styles/AdditiveStyle.java,34,750,3,0,0,1,0,0,0,0,0,0,0,0,0,0,0,33859abd33e024491519d30a1a14e48eb3987d4bad2fa39e96c76c6dbd855bdb
zombie/core/Styles/LightingStyle.java,34,750,3,0,0,1,0,0,0,0,0,0,0,0,0,0,0,b2184a171ee9687d2a7a858feecb50ce1e0b60f7079564aa23cad8b4f74fdb30
com/jcraft/jorbis/Time0.java,33,659,3,0,0,0,0,0,0,1,0,0,0,0,0,0,0,17d29abe417560862e19791a7283ccc911bb6ca6c5cc9b36cab69e9ead0fd86f
zombie/core/Styles/TransparentStyle.java,33,721,3,0,0,1,0,0,0,0,0,0,0,0,0,0,0,83d2c415189bac21957868daaf089b4a5dd83b11941a127dd565d5fdc75b3400
zombie/inventory/ItemType.java,30,602,3,1,0,0,0,0,0,1,0,0,0,0,0,0,0,d5ad53f6365732f80c83fd942239e0925f3da2058079c8c3720af6ab16d06b70
zombie/core/Styles/UIFBOStyle.java,28,617,3,0,0,1,0,0,0,0,0,0,0,0,0,0,0,7921658246f5d5b6a0ae5107d1ee06db30825c564aa4aadc3476f1e6206124d2
zombie/audio/FMODParameterList.java,27,977,3,0,1,0,0,0,0,0,0,0,0,0,10,0,1,0df6fe2f66e8947a0545d5db08db1b224b5305f32b97cd25d02324d96156ace4
zombie/gameStates/GameState.java,27,499,3,0,0,1,0,0,0,0,0,0,0,0,0,2,0,bab3dc9286e47d805db9ce9b398fcb169bf1e33373569c2624a24b96ed39f50c
com/jcraft/jorbis/FuncMapping.java,20,592,3,1,0,0,0,0,0,1,0,0,0,0,0,0,0,38b3e102d32addbd8f4af89f26afe8e42ba518a3dc6fef7135bf558b661454f8
com/jcraft/jorbis/FuncResidue.java,20,651,3,1,0,0,0,0,0,1,0,0,0,0,0,0,0,777099df930535e1bf7a42649a83c09d856f5ceaca46e77c0c823ce1c2cf0dc5
com/jcraft/jorbis/FuncTime.java,20,594,3,1,0,0,0,0,0,1,0,0,0,0,0,0,0,de3f2ca2e87fdf3e8a3e1a3271092f58041f6af915e46fe021d92ceeb9edd4c0
zombie/core/textures/AlphaColorIndex.java,18,469,3,0,0,1,0,0,0,0,0,0,0,0,0,0,0,922947fa58e5b71e04e63d860785086ffa24442f79c70e22c033b69181005621
zombie/util/ResettableLazyValue.java,14,408,3,0,0,0,0,0,0,1,0,0,0,0,0,0,0,a77ea0b3373499a26e1bf22ee9a767071b5ed14da36458cde2593594df600428
zombie/core/skinnedmodel/model/Material.java,13,392,3,0,0,1,0,0,0,0,0,0,0,0,0,0,0,a371ed05033dc5b478da6e2a040179902a05cd1a9af320139ced9d5c6cc6726a
zombie/core/skinnedmodel/runtime/IRuntimeAnimationCommand.java,12,380,3,0,0,0,0,0,0,1,0,0,0,0,0,2,0,02877bb481f6b11e1fb0c193857665ccc63f0e537cbf5af33f74aec30dade616
zombie/iso/objects/RenderEffectType.java,11,244,3,0,0,1,0,0,0,0,0,0,0,0,0,0,0,e2bee1b5180a7bc21859c8b9c796ea16f8c1a2127d15a6bdee405771f02d376b
zombie/core/skinnedmodel/population/CarriedItem.java,9,294,3,0,0,1,0,0,0,0,0,0,0,0,0,0,0,024ba6e4a4d19cc70ab23898ddc263c1f995551173466bd0fc32166431b519e4
zombie/worldMap/markers/WorldMapMarker.java,9,307,3,0,0,1,0,0,0,0,0,0,0,0,0,0,0,1ebc63364041bfe8cdc90c01d164b74fe2ba1160d0368dedc8c394ad943c8e74
zombie/interfaces/IMaskerable.java,8,215,3,0,0,1,0,0,0,0,0,0,0,0,0,0,0,4c022f8d48e551ced97e65071ca2e7a354c1afd1636de4b472adc15eefb23ee9
zombie/ui/TextDrawHorizontal.java,8,187,3,0,0,1,0,0,0,0,0,0,0,0,0,0,0,7503679d69166a91771483115db41e89ba347697f319d03cf49dc8f85758f4f8
zombie/core/Collections/Counter.java,5,186,3,0,0,0,0,0,0,1,0,0,0,0,0,0,0,17c7adafc4bffae85cdcfd420dfc301a008fe2b898839bb2424b674a59a75706
zombie/worldMap/StrokeGeometry.java,383,16157,2,16,0,0,0,0,0,0,0,0,0,0,0,0,2,f377966e00419d8a3c9e3a5160ef716f7b5cce01956fa1d6263bc309c4cf03b4
zombie/iso/IsoDirections.java,334,8474,2,12,0,0,0,0,0,0,0,0,0,0,0,0,2,073af4bcb622db76bd3865028c9c102c8bc11ba226aa11317847a0fd1c190052
zombie/core/booleanrectangles/BooleanRectangleCollection.java,331,13464,2,5,0,0,0,0,0,0,0,0,0,0,0,0,2,44455b3b687e9f78b52feb755e9917d10ae66596b3514f25458a0e403f98cb2c
zombie/vehicles/VehicleInterpolationTest.java,235,8539,2,0,0,0,0,0,0,0,0,0,0,0,11,0,2,e8b15fb5ea7dbc6017bd1615cd02e346dc67facaa99ee34791d44ae87438b7f3
de/jarnbjo/vorbis/CommentHeader.java,203,5778,2,0,0,0,0,0,0,0,0,0,0,0,0,0,2,7642790fb85e3a8f6ffece92346a71ec8ae996402e4a87fa5eedf3295f269dd8
zombie/characters/WornItems/WornItems.java,187,5995,2,0,0,0,0,0,0,0,0,0,0,0,0,0,2,72e0f1368a0ce43af9145bd6fbdc800fca07212c8e3fc6a6ec13ea3095e641d2
zombie/worldMap/WorldMapBinary.java,186,7580,2,0,0,0,0,0,0,0,0,0,0,0,0,0,2,a1598b8b54d550eb054d923c8dc3cecd6b1140b6ff00d96dd5c3b9cee4bae11b
com/sixlegs/png/Defilterer.java,182,6666,2,4,0,0,0,0,0,0,0,0,0,0,0,0,2,b0d93c831d34bd558ecab4f22f8737443ba6ed01f9c4c1bd7d320d94fcca33e4
zombie/worldMap/WorldMapXML.java,152,7124,2,0,0,0,0,0,0,0,0,0,0,0,0,0,2,9bb4b19650bdfbccb798b19f3e45ab27c15a443b69a6dcd7951258a30206e189
zombie/characters/AttachedItems/AttachedItems.java,127,3646,2,0,0,0,0,0,0,0,0,0,0,0,0,0,2,bd4f689187b0151ed0bab61330280c64a04bdcc474beb6b484756457f6313dee
com/jcraft/jorbis/Lpc.java,121,3637,2,2,0,0,0,0,0,0,0,0,0,0,0,0,2,e7cac238bbbd89cb95c96a2b1c7ffd7b869c9e12cb1ecfeb94852dfd39c42ca7
zombie/core/skinnedmodel/animation/BoneTransform.java,117,3935,2,2,0,0,0,0,0,0,0,3,0,0,0,1,2,4d1c11638778f41732b130c7611bb31ca4bdc9d4274ff66997f2c299ba812cf7
de/jarnbjo/ogg/FileStream.java,109,3579,2,0,0,0,0,0,0,0,0,0,0,0,0,0,2,dcaaf466e4da63e85116f0bfbf738f6dbfcf143e215e39867e6cc2a21d045247
zombie/iso/weather/ClimateMoon.java,106,3092,2,13,0,0,0,0,0,0,0,0,0,0,0,0,2,f0459dcfec078f1044d905620690aca726a3013825b6602ccc5b4a6e24eee7e8
zombie/erosion/ErosionRegions.java,98,3700,2,4,0,0,0,0,0,0,0,0,0,0,0,0,2,e9b79e00d56ff4297239cc052348ac31d3ba23b4e939c3b38e6d493e9339dc86
zombie/vehicles/LightbarLightsMode.java,97,2697,2,0,1,0,0,0,0,0,0,0,0,0,0,0,0,bc61a0bee89f8bd0bb4942d236f02e247e8e46da241f28482f308eaec8a5f8bd
de/jarnbjo/vorbis/Residue2.java,92,3118,2,0,0,0,0,0,0,0,0,0,0,0,0,0,2,653dd1310d4e4ceef67189271944ad29d31017eff10474e3aa648e0c1f5db1d4
zombie/randomizedWorld/randomizedZoneStory/RZSFishingTrip.java,85,3418,2,2,0,0,0,0,0,0,0,0,0,0,0,0,2,eefbc35a3419aba1b1c8443b87f34a2a49abb9159907b79c2ccfcd0ee32b561d
zombie/ISoundSystem.java,83,2281,2,2,1,0,0,0,0,0,0,0,0,0,41,0,0,d97d3eb49b4e2ca36d1e5af35c062895dbb77af293daff6d4350a063e8375286
zombie/core/skinnedmodel/advancedanimation/BlendInfo.java,80,2688,2,1,1,0,0,0,0,0,0,0,0,0,0,1,0,11c2ca64977e0d6bca47544bce0cb299f0f6917b66e8b73acb0ad99e45e0defe
zombie/ui/UITransition.java,79,2178,2,3,1,0,0,0,0,0,0,0,0,0,0,0,0,81f2d45be06f4a97cca4112308b22b572cd5f1098ad7592cea0374c741e4536b
zombie/characters/traits/ObservationFactory.java,78,2196,2,5,0,0,0,0,0,0,0,0,0,0,0,0,2,e89f065d190fdf27d98b25e9286468e1dc62d9af6ad0e506bf7a2de7e9b71a0b
zombie/characters/AttachedItems/AttachedModelNames.java,77,3205,2,0,0,0,0,0,0,0,0,0,0,0,0,0,2,f3a6025b038487da8f65057d1dce9a8d69df5bf310506854dadcba9dad877fb5
zombie/core/skinnedmodel/advancedanimation/AnimationSet.java,75,2354,2,2,0,0,0,0,0,0,0,2,0,0,0,38,2,e977f3901a80e1d2707c6ca4891b56b2ccc2a4559bc139ee65a71c12d7821e24
zombie/worldMap/MapProjection.java,74,2689,2,8,0,0,0,0,0,0,0,0,0,0,0,0,2,30826fc4f27d1a56154e7bf5467b064db5821ddbe48aa0efed6e78422c7a99b1
zombie/scripting/objects/ModelAttachment.java,73,1774,2,0,0,0,0,0,0,0,0,0,0,0,0,0,2,4df6eebe0d2d1bb6bc9981dd9505b8919b0ede921f122bd7f96a66549a9065ed
zombie/core/utils/ExpandableBooleanList.java,67,2116,2,0,0,0,0,0,0,0,0,0,0,0,0,0,2,265bc44833ee23a52a810026d17cc50f6ce1e316fb5e942da3539e6668499f39
zombie/core/utils/OnceEvery.java,59,1920,2,5,1,0,0,0,0,0,0,0,0,0,0,0,0,164bbcde2b430ea6c97f2fb2a285a1244d8efdda375cd7d82ad128e92254c265
zombie/iso/weather/fx/SteppedUpdateFloat.java,58,1603,2,0,1,0,0,0,0,0,0,0,0,0,0,0,0,736f2a2cda42171622e4637ae514b6d38be95fe7be30beb20d945910a68953e8
zombie/radio/StorySounds/EventSound.java,55,1278,2,0,0,0,0,0,0,0,0,0,0,0,14,0,2,02cc9c121d768e98b9bf7e444a78f427b8c30cdb7c09b3677ba0d3cbe09e0121
zombie/audio/FMODParameter.java,52,1551,2,0,1,0,0,0,0,0,0,0,0,0,15,0,0,3e3d6d118fa81446580874ad2eb83929a38e622e0f87a425e4b597d86e55c14e
zombie/DummyAmbientStreamManager.java,50,1047,2,0,1,0,0,0,0,0,0,0,0,0,2,0,0,fec9cd5d743fe4e90c15ca450acf7bf9f648e0c811cf01d965652fd6ed5319f1
zombie/inventory/types/KeyRing.java,49,1269,2,0,0,0,0,0,0,0,0,0,0,0,0,0,2,3a16bd7338b52b44cbfcbf46adcb06f77aa73cdb342ce4fd554770ecc83f1da4
fmod/fmod/FMODSoundBank.java,45,1533,2,0,0,0,0,0,0,0,0,0,0,0,22,0,2,32568ac81c0447e0a0996a5da77eca2813b4056d91ec454ecec7556e682839cd
zombie/network/DBResult.java,40,946,2,0,0,0,0,0,0,0,0,0,0,0,0,0,2,fd44adcba343b46b6c86147ca9f8b8aa197ea3f4cab6f085074962221e88a6e7
zombie/radio/script/RadioScriptInfo.java,34,1041,2,0,0,0,0,0,0,0,0,0,0,0,0,0,2,3644764cb9cf90fa90e37d3faa0c9d1007135a0dc4ed2fa7725bfa45af063663
zombie/util/RaySphereIntersectCheck.java,33,1105,2,3,0,0,0,0,0,0,0,0,0,0,0,0,2,94e6b06a72a804792891207fc324ef51da3b5ed5f8602e07cacf56c601b92060
zombie/BaseAmbientStreamManager.java,28,870,2,0,1,0,0,0,0,0,0,0,0,0,2,0,0,123aab2109200601aa8c6408ff3d06ac7cebfc6c71dce31133ec7ee7a032450f
zombie/worldMap/styles/WorldMapStyle.java,13,407,2,0,0,0,0,0,0,0,0,0,0,0,0,0,2,432a1c288b50863e198370f9f7fa216e21d470e08d29dc8b7b9749010c8ebad8
zombie/core/skinnedmodel/IAnimatable.java,8,225,2,0,1,0,0,0,0,0,0,0,0,0,0,1,0,e3b084dfe626552173e8987281a29cbb2a58366f81f72803386c19e630217982
javax/vecmath/Matrix4d.java,2602,110026,1,2,0,0,0,0,0,0,0,0,0,0,0,0,1,ea1777e070ea099a3d13d97a8423cb906e42507905fa0d9b4cdf39662691b7a8
javax/vecmath/Matrix4f.java,2413,99479,1,2,0,0,0,0,0,0,0,0,0,0,0,0,1,0c97c522e22a031ec6a4439b60005b57fd37729c9a416968e55c00aee7441c0d
javax/vecmath/Matrix3f.java,1426,55251,1,2,0,0,0,0,0,0,0,0,0,0,0,0,1,499fa13b8ced98100558af110991b792513398a05873d219fa1d22eab11e88c0
zombie/util/hash/Primes.java,824,13477,1,1,0,0,0,0,0,0,0,0,0,0,0,0,1,6b90db6b14abef0e3505dc7c81a94ad9ab3188ef4aafb3122013a5988d1ab82f
org/lwjglx/util/vector/Matrix4f.java,652,27645,1,15,0,0,0,0,0,0,0,5,0,0,0,0,1,fc5cae405206e370d528f37c0ed2b19ffb9a36e768bb998afc0c4c69a1fae90b
javax/vecmath/GVector.java,596,19141,1,0,0,0,0,0,0,0,0,0,0,0,0,0,1,b6d069ee5c634d0a526910bcd446af6a13a6f7c89ecd28d1df9e54fb104f1ae9
org/joml/Math.java,547,19280,1,77,0,0,0,0,0,0,0,0,0,0,0,0,1,b878f32a08856748c4ec2931b859dcddb3ee1471f539c8fd3ec9551c8c6e7355
zombie/erosion/season/ErosionSeason.java,477,19310,1,2,0,0,0,0,0,0,0,0,0,0,0,0,1,f534d786d4623cb487ee01b9991e780d958fb6e1680f53dc95dcf3855bc3df80
zombie/erosion/season/ErosionIceQueen.java,439,13916,1,3,0,0,0,0,0,0,0,0,0,0,0,1,1,669c3544d83dd932f441293f5b2482570b89be122b905ff3ebd9609cd1040b83
org/lwjglx/util/vector/Matrix3f.java,323,11599,1,10,0,0,0,0,0,0,0,4,0,0,0,0,1,1dbba8d5179b292e1a0311cb11ab606b874f0874cc8083071b013cea130383df
com/jcraft/jogg/Buffer.java,294,8075,1,4,0,0,0,0,0,0,0,0,0,0,0,0,1,5d163d57862f2da134f310873f550b07f85449f0aa850c0e5caf6d3a1ede0e06
de/jarnbjo/vorbis/Floor.java,284,6670,1,1,0,0,0,0,0,0,0,0,0,0,0,0,1,5921e22ae90cc43d4f13362059eb58a2d47794f710846579be0d1e4d0a194f25
org/lwjglx/util/vector/Matrix2f.java,233,6834,1,10,0,0,0,0,0,0,0,5,0,0,0,0,1,b938c78a9f9be63307c2f9f6928f214928d4d6e33a84e9507c29fc770e7a9457
org/lwjglx/input/Controller.java,209,6252,1,0,0,0,0,0,0,0,0,0,0,0,0,0,1,c5c6bcfdf780ef59e445a8e52362de36e066e0234112c7be92276d7c51214805
zombie/radio/media/MediaData.java,198,5159,1,0,0,0,0,0,0,0,0,0,0,0,0,0,1,5e6049c0d912060175dbb4a5c28a25021cb716bd9ac14fc8f3dd13dd12d39792
zombie/characters/BodyDamage/BodyPartContacts.java,181,7858,1,9,0,0,0,0,0,0,0,0,0,0,0,0,1,38a2962228906556e973d9570c8f34bd9fb1ddb9b9a009b423755779c7b396a0
zombie/profanity/ProfanityFilter.java,176,6088,1,5,0,0,0,0,0,0,0,0,0,0,0,0,1,271e8ca1e639d492d28b258edd584ac4854bb0636c8197ac173489d9ccf1a93f
zombie/util/AbstractIntCollection.java,175,4198,1,0,0,0,0,0,0,0,0,0,0,0,0,0,1,8c70fc07df98071cd1b3cc9799abbea946ab9472d5d3397692407756880987af
zombie/core/skinnedmodel/animation/sharedskele/SharedSkeleAnimationTrack.java,164,7000,1,1,0,0,0,0,0,0,0,0,0,0,0,17,1,5f67dde0e1064664ca8f3a6266e0dc1d50105671a849e4d0e69a28ec5863ffe5
zombie/radio/scripting/RadioBroadCast.java,130,3792,1,0,0,0,0,0,0,0,0,0,0,0,0,0,1,8554d85a3daf7770160bb6dd4f93b3d3dbd449400c80d2012a21cfa7a5d79ea5
zombie/radio/globals/RadioGlobalsManager.java,129,5152,1,2,0,0,0,0,0,0,0,0,0,0,0,0,1,16fe6a3514c1e52f716741102e161a5d27a60be4f79334525b3a9dd388371ccf
zombie/core/skinnedmodel/Vector3.java,125,2682,1,0,0,0,0,0,0,0,0,0,0,0,0,0,1,62010b355d960995d5483386fd937187c3e0d6d6e3884508353963b34639fd66
zombie/core/utils/BooleanGrid.java,119,3463,1,0,0,0,0,0,0,0,0,0,0,0,0,0,1,2b984d2d35235bafb571b206d600e819861cacf2c8be63dbc8399687b2a3541c
zombie/characters/WornItems/BodyLocationGroup.java,117,3963,1,0,0,0,0,0,0,0,0,0,0,0,0,0,1,af66bd3c4365925971a42e63b7995e89158c3c69c542779245b9ee86d714723b
zombie/core/skinnedmodel/runtime/KeyframeUtil.java,117,4580,1,2,0,0,0,0,0,0,0,0,0,0,0,1,1,867eff97ac1e60694850df71354e96bd6c114277d55b0bdda714cbbe9fda700c
com/jcraft/jogg/Page.java,108,3553,1,3,0,0,0,0,0,0,0,0,0,0,0,0,1,ea1eddfc49bb74431ee968a0839faea6df24beee00e97d1df8d48fceb957a22b
zombie/config/ConfigFile.java,108,4022,1,0,0,0,0,0,0,0,0,0,0,0,0,0,1,6a754924efa4c4c0e65bde1f022194ad76195425f8a5c4286e144b9c57193c3c
zombie/radio/script/ConditionContainer.java,105,3893,1,0,0,0,0,0,0,0,0,0,0,0,0,0,1,18d6986ebc581d5318f6aa58cb29c516f6a2c28792bd89682dc2f49fc831e9bf
zombie/vehicles/VehicleLight.java,101,2717,1,0,0,0,0,0,0,0,0,2,0,0,0,0,1,12b0a2518cd92a82dfd30942f84dfd436dc642a183e4bd3dd4163db87fab311b
zombie/popman/ObjectPool.java,100,2678,1,0,0,0,0,0,0,0,0,0,0,0,0,0,1,bfd8881edd7b8cd2e968714d114969d2044184154f53637a6f73452bd1d5bce4
zombie/core/physics/Transform.java,99,2378,1,0,0,0,0,0,0,0,0,0,0,0,0,0,1,23e8938044c0a6409519c9d9af4ca0ca997c66ba6a2c69c377e39e18c0085946
zombie/debug/options/OptionGroup.java,99,3271,1,6,0,0,0,0,0,0,0,0,0,0,0,0,1,839521d08a089428c043a31d0c8059561093b10c0146b10d8bfa6c11ce4f8f7b
zombie/core/utils/BoundedQueue.java,97,2760,1,0,0,0,0,0,0,0,0,0,0,0,0,0,1,659ed2d06dca2e101545ad84d5978f0ea352bc12fd544cf793f9437fdbdd16d3
zombie/audio/GameSound.java,85,2434,1,1,0,0,0,0,0,0,0,0,0,0,23,0,1,16188cde20475260570be8078411ec541147a0aefb1cee1992afc9f039b3ce3f
zombie/scripting/objects/UniqueRecipe.java,83,2468,1,0,0,0,0,0,0,0,0,1,0,0,0,0,1,bd264d7c9f0ac09f5fd9412884e200f009f10add84b7c9deb25292eac553dcd0
zombie/worldMap/WorldMapImages.java,83,2319,1,2,0,0,0,0,0,0,0,0,0,0,0,0,1,8f6e88e0a77fe270c8918ca310730821e2e5f28a14dfa5d88e883b64c753bd1f
zombie/core/skinnedmodel/model/SkinningData.java,79,2501,1,0,0,0,0,0,0,0,0,0,0,0,0,8,1,105833584e99678bc12ac2567725f3fb9177a15906e86b7fb9d913649b8451c8
zombie/core/utils/IntHypercube.java,74,2240,1,0,0,0,0,0,0,0,0,0,0,0,0,0,1,e69691e3614e6afb4a133de8e60f6e268dd08324d211b08c86737f8b3e5a5b39
zombie/ZomboidBitFlag.java,73,1921,1,0,0,0,0,0,0,0,0,5,0,0,0,0,1,ae889bb579e13a3f57ea6773f29c4c4aa217d88b7d0a80552072fb0303b34357
zombie/characters/AttachedItems/AttachedLocationGroup.java,69,2285,1,0,0,0,0,0,0,0,0,0,0,0,0,0,1,496bea5a7f217582f0836601ecc19efd7ba13c9f23a915b905a8e9305ab60d9d
zombie/erosion/obj/ErosionObjOverlay.java,68,2410,1,0,0,0,0,0,0,0,0,3,0,0,0,7,1,894e8cd5b04c035cfc24d0dfb583feb54acbed21b853dd1c17464078e1232350
zombie/iso/SpriteDetails/IsoObjectType.java,67,1477,1,3,0,0,0,0,0,0,0,8,0,0,0,0,1,a0a936e2f2e47e63f787212d128fbfa43addc7f9400375e294e47cc8d1915b4c
com/sixlegs/png/ConvertIndexedDestination.java,65,2054,1,0,0,0,0,0,0,0,0,0,0,0,0,0,1,485a4a3d2bd0af4007a099c685058dfd39b95ba63a6078184304edc7151733ec
zombie/core/utils/IntGrid.java,65,1675,1,0,0,0,0,0,0,0,0,0,0,0,0,0,1,83c1c680c218820dd2711e19c6b8a9286cb2d448d7231c93b87ba3d576fa08f9
zombie/core/utils/IntHyperCube2.java,65,1957,1,0,0,0,0,0,0,0,0,0,0,0,0,0,1,9706cf9527e621710f6f5561624b00aab82db153a7a40efaeca308f509a1f3cf
zombie/core/utils/ObjectCube.java,64,1951,1,0,0,0,0,0,0,0,0,0,0,0,0,0,1,1310b794ce79949d6c12468159d564934c49f3914c041a36276d1e21f96807ec
zombie/worldMap/WorldMapFeature.java,63,1807,1,0,0,0,0,0,0,0,0,0,0,0,0,0,1,28799b0eedc641757751b4e730622f4375c74003f5f3dab0991f4b3a7e1ba4a8
zombie/core/math/Vector3.java,62,2088,1,2,0,0,0,0,0,0,0,0,0,0,0,0,1,28ad64da002661ff34e2a7c4435afe3141a194291b674f9d8e22f06992fe8bdd
zombie/core/skinnedmodel/animation/debug/GenericNameWeightRecordingFrame.java,61,1805,1,0,0,0,0,0,0,0,0,0,0,0,0,1,1,5ba1f3ffccbf89b243ef003db2f7d77d0c0b7ff2e895c861266795f961f66154
zombie/radio/script/ExitOptionOld.java,61,2542,1,0,0,0,0,0,0,0,0,0,0,0,0,0,1,72f51265e8a9757115377354be3d5aa6bc9c791b0db70c173fa61823ecd9b1ea
zombie/randomizedWorld/randomizedZoneStory/RZSHunterCamp.java,58,2220,1,1,0,0,0,0,0,0,0,0,0,0,0,0,1,3ef5abaa69ddc4dcffcad5ff12dec563a52efa7e2a6b42f63aa1fffb69f30f96
org/lwjglx/input/KeyEventQueue.java,57,1929,1,0,0,0,0,0,0,0,0,0,0,0,0,0,1,d4bb43bce648baad8d6234790f5c8c8204ef5e27c0d8640dec751d20f0a408b6
com/sixlegs/png/SubsamplingDestination.java,56,1856,1,0,0,0,0,0,0,0,0,0,0,0,0,0,1,1003c7b137bf0e59a95ecbe8715d6acbe7b46819faa68939230452847b491239
zombie/core/utils/ObjectGrid.java,56,1619,1,0,0,0,0,0,0,0,0,0,0,0,0,0,1,aa3ee9d696c95bdfe040f2b91dd6fabae945afa1be98dcbb545bd90303fde3a1
zombie/core/skinnedmodel/animation/debug/AnimationTrackRecordingFrame.java,55,1762,1,0,0,0,0,0,0,0,0,0,0,0,0,12,1,6d006e9f78dd6bdd44580ce5639b165b7b0912c77ef356f8c05e5389907af2bc
zombie/characters/AttachedItems/AttachedModelName.java,54,1896,1,0,0,0,0,0,0,0,0,0,0,0,0,0,1,e84df45d3c6c3343364208f98b31dc9695ba1fb2e0816f341efabae3ebef9eeb
zombie/core/skinnedmodel/visual/ItemVisuals.java,52,1650,1,0,0,0,0,0,0,0,0,4,0,0,0,0,1,57e90a1eb0d19eb9671ca271fd044f71f3d18b312022dddd86a98c13cf7ba6a5
zombie/util/PooledFloatArrayObject.java,51,1518,1,2,0,0,0,0,0,0,0,0,0,0,0,0,1,be383601ddb44282bfd6937c31a9df978f4cf84fe056ab8d7f8278babba2a751
com/sixlegs/png/ProgressivePixelProcessor.java,49,1754,1,0,0,0,0,0,0,0,0,0,0,0,0,0,1,b034c001676b33f27ebc14bc96c184311f759b2b492b422290383532c11ab0a6
de/jarnbjo/vorbis/Floor0.java,46,1587,1,0,0,0,0,0,0,0,0,0,0,0,0,0,1,88089117291cdf3b8c85aa9d995f08ff85b1b262cdd038d2632a90c0c7c403f2
zombie/randomizedWorld/randomizedDeadSurvivor/RDSDeadDrunk.java,45,1735,1,0,0,0,0,0,0,0,0,0,0,0,0,0,1,af09e3470a54079d9068fda4c530834d12023347086264b2e9ac4641f12b1317
zombie/CollisionMatrixPrototypes.java,44,1414,1,1,0,0,0,0,0,0,0,0,0,0,0,0,1,32bf1771b21b1a927a11a3c9b25cf20c454a2f14732624b722aaf250e9304d5e
com/sixlegs/png/TransGammaPixelProcessor.java,42,1579,1,0,0,0,0,0,0,0,0,0,0,0,0,0,1,862566f970a0120c17ff6016fce0e71ef509312d863d690d477b38d21c86a5f6
zombie/randomizedWorld/randomizedDeadSurvivor/RDSBathroomZed.java,39,1319,1,0,0,0,0,0,0,0,0,0,0,0,0,0,1,5a70521b6e3193bebacb4dde6290f08dabae466777e2a9f1597420fe9d048efe
zombie/core/skinnedmodel/shader/ShaderManager.java,38,1372,1,0,0,0,0,0,0,0,0,0,0,0,0,0,1,1a1e4ac0569075d43f9aceebc278bf904fd87ba98e097e2153287c272150f371
zombie/radio/StorySounds/StorySoundEvent.java,36,801,1,0,0,0,0,0,0,0,0,0,0,0,14,0,1,3bfe3ff9ede1d8b55b8bf7dc5fb13f011992cf54b544f8614d5596221301dee2
zombie/worldMap/WorldMapCell.java,30,904,1,0,0,0,0,0,0,0,0,0,0,0,0,0,1,749f7160b2f0affb48d624fa0efac8cf4df3a0486871353b32282da6c3515a7f
zombie/characters/action/IActionCondition.java,28,862,1,2,0,0,0,0,0,0,0,0,0,0,0,1,1,759255377c369d4c0d71da3deb478faf44b1800288790b14433b6a064ad58651
zombie/characters/AttachedItems/AttachedLocations.java,25,865,1,2,0,0,0,0,0,0,0,0,0,0,0,0,1,66ebd2b0612efa4de7d4f4cb626d2937598378df2d2f90730aba42f03bd5c341
zombie/characters/SurvivorGroup.java,25,614,1,0,0,0,0,0,0,0,0,0,0,0,0,0,1,5ad19d2a99091c7dfeada1212274828d1af17442284bff203deff8c7ea112d2d
zombie/characters/WornItems/BodyLocations.java,25,813,1,2,0,0,0,0,0,0,0,0,0,0,0,0,1,8fafe1c736d7e3c070653458ea770f1c77b96189e157a8f15ed9138d84ace117
zombie/debug/DebugOptionsXml.java,25,698,1,0,0,0,0,0,0,0,0,0,0,0,0,0,1,23370eff2a84fe245133cce3c8e8b768234a15712f0859f434d8bde0c87836ae
zombie/text/templating/ReplaceList.java,25,729,1,0,0,0,0,0,0,0,0,0,0,0,0,0,1,301a8ee9b9303f89219f84c9f8999050b03cdbfa2b961a3afd7bef6c8e34bfc4
zombie/util/SharedStrings.java,22,527,1,0,0,0,0,0,0,0,0,0,0,0,0,0,1,890a8895d545a81286a99789bd167cfb650ef3fc10f062f5e56186bfb956a0ea
zombie/core/skinnedmodel/advancedanimation/AnimTransition.java,17,646,1,0,0,0,0,0,0,0,0,0,0,0,0,4,1,fd5e0013fd1c0aac2b7aca4d99991bb628d79bedaa0858b0a56b53854129bba3
zombie/core/skinnedmodel/animation/sharedskele/SharedSkeleAnimationRepository.java,17,635,1,0,0,0,0,0,0,0,0,0,0,0,0,10,1,304f78596d33627cccfcb0ed466333aaba99bed2842c8eaa53708b7e3114878b
zombie/characters/skills/CustomPerk.java,14,418,1,0,0,0,0,0,0,0,0,0,0,0,0,0,1,696520a37cd2a55a46e2a4e6f32777fe5b0d8bdfa24727823e0bb98077683d88
zombie/chat/WhisperChatCreation.java,12,421,1,0,0,0,0,0,0,0,0,0,0,0,0,0,1,e82e30c37dbb6bb67c5f3baa48892ed6f6952fdbd28fe58169bf301fcde8e32d
zombie/characters/AttachedItems/AttachedWeaponCustomOutfit.java,11,375,1,0,0,0,0,0,0,0,0,0,0,0,0,0,1,ef425b3e754fb67e69cbcf540dd0f1dfb957d8cec066203cf43ca44d80eabfcb
org/joml/Matrix4d.java,9231,397912,0,1,0,0,0,0,0,0,0,0,0,0,0,0,0,e2cac83172f32abea9a01150325870481701c03ca7ff009bd2ff0a8f143a6362
org/joml/Matrix4f.java,8281,351209,0,1,0,0,0,0,0,0,0,0,0,0,0,0,0,7d8326b7d72b92fe0d0348c0b8e8df6271eaa4c3a5a9e00ae335bcce2ceaff30
org/joml/MemUtil.java,6528,271430,0,98,0,0,0,0,0,0,0,0,0,0,0,0,0,2676bfd96f324fb6d6bb559b40aca681a89267399d65e794d3ffd0c5c8eef0d3
org/joml/Matrix4x3d.java,5171,203396,0,0,0,0,0,0,0,0,0,0,0,0,0,0,0,0b391d4217af447a7eafaf84a29806750f2e00c9dde788cad4dd2a7c0aaae8ec
org/joml/Matrix4x3f.java,4656,180757,0,0,0,0,0,0,0,0,0,0,0,0,0,0,0,f1b71661471112699a7705e38e4e0ce9fa5bf8e3a1135c2cb7fa6eef67f990f5
org/joml/Matrix3d.java,2496,91267,0,0,0,0,0,0,0,0,0,0,0,0,0,0,0,fb01a2c3f3e4be529f01b09a73a739f7522436e4ee172781ba7c5978857e6172
org/joml/Quaternionf.java,2484,98832,0,3,0,0,0,0,0,0,0,0,0,0,0,0,0,014b8503ae1855e96cd540685d7e475af183ee5bd646d31ea7868e6ebe83d953
org/joml/Quaterniond.java,2371,96612,0,3,0,0,0,0,0,0,0,0,0,0,0,0,0,7ece3eeca4c9cbf20cdea4a711a791cf7adeeebb4fbdbee8750472870c2e4701
zombie/creative/creativerects/OpenSimplexNoise.java,2261,88138,0,4,0,0,0,0,0,0,0,0,0,0,0,0,0,a0d8dcc6943995694723b44e85ff09db525e6291ca3d748f649e22641d77bed0
org/joml/Matrix3f.java,2154,76696,0,0,0,0,0,0,0,0,0,0,0,0,0,0,0,eae1e91794c3cd80a2617a28f8d203dfdd5a9c1d5df1f6f15a2e5aa9875cb26d
org/joml/Vector3d.java,1814,67125,0,4,0,0,0,0,0,0,0,0,0,0,0,0,0,fe8c494a79d0bd31e16f44239ab532801d772c15db66f99d7a20d508395d5d31
org/joml/Vector3f.java,1464,50231,0,4,0,0,0,0,0,0,0,0,0,0,0,0,0,039a9fddf8f739d85aa218b0435e87e6358e97145b229d2ea121ace1e9ef6a5f
org/joml/Vector4d.java,1458,49615,0,4,0,0,0,0,0,0,0,0,0,0,0,0,0,a908d750b4a59cda898ec74ecb022277cdeba4c5f33f8f1cb1e84b40b8467868
org/joml/Vector4f.java,1342,44551,0,5,0,0,0,0,0,0,0,0,0,0,0,0,0,73d43d4ce25035e90e9ef1f040cefe420cfd4e4d9c449877b89eeadbd44da711
org/joml/Matrix3x2f.java,1106,35341,0,0,0,0,0,0,0,0,0,0,0,0,0,0,0,f2a8d17cff1686158cfb98e0e6c530b1babc362a3153870019f66c259fa59b19
org/joml/Matrix3x2d.java,1104,36102,0,0,0,0,0,0,0,0,0,0,0,0,0,0,0,c3655cc1595b69ed36dd27f7231a98b4905df37d1d4cc191d53e6a13daf0d8d1
org/joml/Matrix2d.java,949,26081,0,0,0,0,0,0,0,0,0,0,0,0,0,0,0,32203a1df78ccc4439e7bbc62f9f9fa3e5a1fe1cb08e3b7d07b98e98f19ebd58
org/joml/Matrix2f.java,887,24084,0,0,0,0,0,0,0,0,0,0,0,0,0,0,0,751ab03676eba17575b91e43ddcdebd17eaffea7b8f961e4480d608698b68709
zombie/characters/Moodles/MoodleType.java,878,31510,0,6,0,0,0,0,0,0,0,0,0,0,0,0,0,4a4ad265936dabac90ff1fce2a7e9fcde22bcffcc42775ec6b9cb325de20bc1f
org/joml/Vector2d.java,846,22559,0,4,0,0,0,0,0,0,0,0,0,0,0,0,0,4cfc76b9c1a336b98ee9810026db38c44d83196fd6c63aa3cd3e11b68dbe8aac
org/lwjglx/input/KeyCodes.java,777,18177,0,2,0,0,0,0,0,0,0,0,0,0,0,0,0,e1c36c14eef1bebcf4fa3e4733c790923e1d2afcee35599590359cd5410046cf
org/joml/Vector2f.java,758,19940,0,4,0,0,0,0,0,0,0,0,0,0,0,0,0,472289e058fbdb90cefd273032371bfe3e02f42b02f9879d88ffe73dd3b57055
zombie/characters/BodyDamage/BodyPartType.java,742,22989,0,14,0,0,0,0,0,0,0,0,0,0,0,0,0,307098fc8dd25133ae7bc8a71fab80639628231f5dbe71069c86ee9c0952a41c
zombie/core/Color.java,740,23362,0,21,0,0,0,0,0,0,0,0,0,0,0,0,0,ae198f50e1aed00686ba6bae963cde70bb2dd38145b6d3497b094ba5b9537ef7
org/joml/Vector4i.java,712,19620,0,4,0,0,0,0,0,0,0,0,0,0,0,0,0,42640f692efb65610e72585a08c98cd8bdd3b47b286900dc13cc208baa231def
org/joml/SimplexNoise.java,686,19078,0,10,0,0,0,0,0,0,0,0,0,0,0,0,0,5f8d3d00757435acb2b42b556bf35cc8d8bf54b6adc2b5f497476b69f7ada64f
zombie/iso/weather/SimplexNoise.java,685,19377,0,14,0,0,0,0,0,0,0,0,0,0,0,0,0,cf4c6fe83993ea873145815093b54c22a621412d4dc2c3c9835e43e19f7486c8
org/joml/AxisAngle4d.java,658,26078,0,0,0,0,0,0,0,0,0,0,0,0,0,0,0,c22ec1ea8a019eb1504997ebe51f7034311ccc8cd6df2db796cf0046d07f05a8
org/joml/Vector3i.java,625,16645,0,4,0,0,0,0,0,0,0,0,0,0,0,0,0,c7387e471c96770668607d044c3d629ebc122650d903fbd100ad1dae34b6a7a9
org/joml/AxisAngle4f.java,600,24172,0,0,0,0,0,0,0,0,0,0,0,0,0,0,0,cfdc4cb165680d37e77024451616c79589be710c65fd55f294bf3bec7aba3eab
org/joml/Matrix4dc.java,582,19257,0,0,0,0,0,0,0,0,0,0,0,0,0,0,0,f2fafe636f4abe6f31c1ca9e05cb5d79ae24922ed15b7ccca9ac5d29f290182c
org/joml/Matrix4fc.java,561,18189,0,0,0,0,0,0,0,0,0,0,0,0,0,0,0,f604b4ce4e7fb77cdd225f74c407783ecc0a3c131448cd32f9bb2b8627ef5fbd
org/joml/Vector2i.java,523,13070,0,4,0,0,0,0,0,0,0,0,0,0,0,0,0,3132a104f7b012a9864d86f65f48bcb70788e2e9ed0de4dd2482b068173eb442
org/lwjglx/util/glu/tessellation/Mesh.java,499,18383,0,19,0,0,0,0,0,0,0,0,0,0,0,0,0,8b965ab6f4da2d7d90ec81dbd372246c259984d9d6c4fec6beb3bef30a9df3aa
javax/vecmath/Tuple4d.java,482,13143,0,0,0,0,0,0,0,0,0,0,0,0,0,0,0,4132ef5e8ebf628ab87ff031685f6eb8ac4f4f4685a4931cf4bc5c9858458d47
zombie/randomizedWorld/randomizedBuilding/TableStories/RBTSDinner.java,465,22184,0,0,0,0,0,0,0,0,0,0,0,0,0,0,0,f3fda9c75646eb0ddf26ebc9beead6972b935a547998d724a2cbf0d111e84708
zombie/iso/weather/ClimateValues.java,442,18038,0,0,0,0,0,0,0,0,0,0,0,0,0,0,0,23dddcd0afed4aeb173affc0820875073157f764fc2c641f79ec46779b418052
javax/vecmath/Tuple4f.java,437,11701,0,0,0,0,0,0,0,0,0,0,0,0,0,0,0,77d4a23da3e8b3801aa2ae5f790b6c8ff6a3bfae62ad5a3bf42d3e7c9a44b183
javax/vecmath/Quat4d.java,416,16037,0,0,0,0,0,0,0,0,0,0,0,0,0,0,0,90d7ddd04c8f4284be84fc60cc4888e468fffaaa1dcbb27406938c2979641828
javax/vecmath/Quat4f.java,416,16396,0,0,0,0,0,0,0,0,0,0,0,0,0,0,0,de18c50a8dbbd97be8d1bfbb62b6aa5c725b63c1e9be42dcfa22e1b68f713c00
javax/vecmath/Tuple3d.java,406,10920,0,0,0,0,0,0,0,0,0,0,0,0,0,0,0,2c04a92cac62189bc27548d92147ea7f345db823b59b41636e5a9244ba18e0b5
org/joml/RayAabIntersection.java,380,16858,0,1,0,0,0,0,0,0,0,0,0,0,0,0,0,c4c5cb22f13facb49c6ac997bc7ca6d5b2be98a90df4417523290a1507c1967d
javax/vecmath/Tuple4i.java,375,8925,0,0,0,0,0,0,0,0,0,0,0,0,0,0,0,39aa81a54a3fbc0c7f4454b0d68580edde97111caa50dcf6a542b81a4cccf9b7
org/joml/QuaterniondInterpolator.java,375,16501,0,2,0,0,0,0,0,0,0,0,0,0,0,0,0,46920106f9384bd0f19e67b8969ab2822b3a5cfbcaf7d3d47e8d677c15ed706b
zombie/erosion/ErosionConfig.java,367,18650,0,0,0,0,0,0,0,0,0,3,0,0,0,0,0,e13d6bc8661d426e80ea2b6ef3ec698b95a8d65b94d8cb841a31f00a8e82fcd0
javax/vecmath/Tuple3f.java,361,9490,0,0,0,0,0,0,0,0,0,0,0,0,0,0,0,97e7dbc0e415335e8b8260430e6140b6aa7f26870e7ee2c0bfdbce6f60d3798f
zombie/iso/test_ParticlesArray.java,361,15220,0,0,0,0,0,0,0,0,0,0,0,0,0,0,0,51fa1e202de74cd4af07c395389a271ded0bdc578b209146db5108e2ef58a53b
zombie/core/utils/Bits.java,358,13527,0,48,0,0,0,0,0,0,0,0,0,0,0,0,0,8136dce0232f4d4462a35978c2b4f66cdf780b77127170f7e68ad8e38ac9b044
zombie/characters/action/conditions/CharacterVariableCondition.java,346,13612,0,7,0,0,0,0,0,0,0,2,0,0,0,18,0,4e13c1450cc2784c5cf7b11bf4b398f0b5eb5dcd19147ea0c104a43d4cdc97b7
org/joml/Matrix4x3dc.java,334,10501,0,0,0,0,0,0,0,0,0,0,0,0,0,0,0,b86b3137272b1ec710d9dc3b84284b1ae8b6c27cb8f58ca906708f050405f747
zombie/core/skinnedmodel/advancedanimation/AnimationVariableSource.java,328,12233,0,0,0,0,0,0,0,0,0,0,0,0,0,100,0,780bdd54a16a2b5eb38091bb3df071182ecccad1c7379c42f041dc7a4df0d85c
javax/vecmath/AxisAngle4d.java,319,10103,0,0,0,0,0,0,0,0,0,0,0,0,0,0,0,b37299b915be5899a8412a142e0ec890f793009d2c51f297235dc35d9b6b6e55
javax/vecmath/AxisAngle4f.java,319,10346,0,0,0,0,0,0,0,0,0,0,0,0,0,0,0,4aa08a97faa407a4ec5d57927167543f3f906fdea23b557916659777f62a4288
javax/vecmath/Tuple3i.java,310,7311,0,0,0,0,0,0,0,0,0,0,0,0,0,0,0,17dfc05e00ffd0fc600d04b4bfa2195fac7c2e413a85b11e83e5fbea73ad6fd0
org/joml/Matrix4x3fc.java,307,9477,0,0,0,0,0,0,0,0,0,0,0,0,0,0,0,cc2a8b7f1b5b14d4bcacfc87ac5026de9e3dbcaaabe10fcf80de0da383d40bd7
zombie/iso/weather/ClimateColorInfo.java,301,12056,0,7,0,0,0,0,0,0,0,2,0,0,0,0,0,a81c7a4c4ff02ecb88ae435232099b4570f09ea774e0e563de925e458225e7ed
org/joml/Quaternionfc.java,283,8269,0,0,0,0,0,0,0,0,0,0,0,0,0,0,0,c946bf33684bc9f4dd9abd778218cfd2b874307e64cb46ddce3a682b33b670c3
zombie/core/ImmutableColor.java,283,9512,0,3,0,0,0,0,0,0,0,0,0,0,0,0,0,20d70cad71801f65d56ca9464ba09141ef1682dac8f7d5682d2841bc628ec751
org/lwjglx/util/vector/Quaternion.java,282,9579,0,9,0,0,0,0,0,0,0,1,0,0,0,0,0,1855ff6336a028cb5123ea75f3ab0b2212c72b0bcba2e2333f40e18389352c51
javax/vecmath/Tuple2d.java,280,7279,0,0,0,0,0,0,0,0,0,0,0,0,0,0,0,8e7f48c1cb8a9de1310d315e04dc7fe35e5833bdbf1fefdab975f45912654c85
javax/vecmath/Tuple2f.java,280,7184,0,0,0,0,0,0,0,0,0,0,0,0,0,0,0,3ae0dfcf920d21e9d8383fd8949c4a8cba463d6752b9296bac390052ac1df812
de/jarnbjo/util/io/ByteArrayBitInputStream.java,279,9381,0,0,0,0,0,0,0,0,0,0,0,0,0,0,0,23371b3249bc5c16f2e6f3d406a239d9b9af30df83cf54b8f4c8e81b59dfdb45
org/joml/Quaterniondc.java,262,7730,0,0,0,0,0,0,0,0,0,0,0,0,0,0,0,59c6d14131305e5c626ec8ea3b7678f66690809e165d35efc478fa78d09bbea7
javax/vecmath/Tuple2i.java,245,5698,0,0,0,0,0,0,0,0,0,0,0,0,0,0,0,77e66f783c171c20b12e9a96b9913a90950beafa48023c42c46afcf71c9d7a0c
org/lwjglx/opengl/PixelFormat.java,240,7604,0,0,0,0,0,0,0,0,0,0,0,0,0,0,0,8961ac8b75440ac3b3139a329de405c8a907b2eb1051d6204adcef8f0af6ad32
com/sixlegs/png/ImageFactory.java,238,10256,0,10,0,0,0,0,0,0,0,0,0,0,0,0,0,b0b936bb9eee59501be25d0de6a999393442c5ce73d58bfc30b78d1a06e204cd
org/joml/Vector3dc.java,220,5923,0,0,0,0,0,0,0,0,0,0,0,0,0,0,0,afc57d189dd38b2c5ef5b3fd6e870e5fda1542e7343f6da59c403800ee0e9e16
zombie/util/lambda/Consumers.java,217,8672,0,11,0,0,0,0,0,0,0,0,0,0,0,0,0,052297d0cb219cf1f0176ff94a97b9659d118b08352273af554da7eb0bc84659
zombie/util/list/AbstractIntList.java,214,5711,0,0,0,0,0,0,0,0,0,0,0,0,0,0,0,139fb00b0224036c0b86f615b23ea7572cf5d664c5d21358502bdc5a96766452
zombie/fileSystem/DiskFileDevice.java,207,6450,0,0,0,0,0,0,0,0,0,0,0,0,0,0,0,cd3f7cbe5b6b106b1bf75d67ce66c2458912e92e5bf87b526b0ba0604abec861
zombie/core/VBO/GLVertexBufferObject.java,206,6087,0,2,0,0,0,0,0,0,0,0,0,0,0,0,0,57076c8f9e4036a11436f1f0ef49bc63c311cf666acb652bd404e31bfc749f38
org/lwjglx/util/glu/tessellation/PriorityQHeap.java,201,6135,0,0,0,0,0,0,0,0,0,0,0,0,0,0,0,a1c655209743bc625c3b3980394424079b7cb7bfcdb272e9227b1fcbcd083687
org/joml/Matrix3dc.java,200,5285,0,0,0,0,0,0,0,0,0,0,0,0,0,0,0,adbf283d1a1b7bd63a1bb4d8f4f79598674f7ba3f59204acd7fc336fe853336b
zombie/util/StringUtils.java,193,6726,0,22,0,0,0,0,0,0,0,0,0,0,0,0,0,d7d6b3a44f8ff3455b8b0754473ef4c31290c81de65b23c7518792e45845ddfe
zombie/util/list/PZArrayList.java,192,5737,0,1,0,0,0,0,0,0,0,0,0,0,0,0,0,dd7f0a405f4f80d6134fe180592e9cf08dc4d5e1334cefdcb1497501902d9e72
org/joml/Matrix3fc.java,189,4916,0,0,0,0,0,0,0,0,0,0,0,0,0,0,0,79850c80ca23ea6f6a9612ce6efee91465bd5170ce7d14fb1dc9c3715bc1bfe8
org/lwjglx/util/glu/GLU.java,187,9370,0,12,0,0,0,0,0,0,0,0,0,0,0,0,0,03f7ab7ad5efcdc34213fd9c8b60cf1289c33e8cc2cf1b5f07c971179832ec19
zombie/network/Server.java,185,3940,0,0,0,0,0,0,0,0,0,0,0,0,0,0,0,5cf9b435c496168dca11b7acaf46ed4c6c6b0736194d8e90f2159c3911bb9935
org/lwjglx/util/glu/tessellation/Normal.java,182,6963,0,10,0,0,0,0,0,0,0,0,0,0,0,0,0,1fe75d8e233417f01818ceb5e0c30c00e291b47cf180fb2d9d02c2d32511214a
zombie/util/map/AbstractIntKeyMap.java,179,5012,0,0,0,0,0,0,0,0,0,0,0,0,0,0,0,153fd6f15015591c77389ff6789895ef0e39ceddfb0155573be92a66610b7875
zombie/world/logger/Log.java,179,6656,0,10,0,0,0,0,0,0,0,0,0,0,0,0,0,7515f222864e3c02dfc84c942bbb4b5d78895dd5a3816cf7392691e8fab549b4
org/lwjglx/util/glu/tessellation/Geom.java,178,7370,0,13,0,0,0,0,0,0,0,0,0,0,0,0,0,ecec0eb2ef7c3a67b953953b148adb48e0623ddd4cdf8ca06f59151fb9bb7ece
org/joml/Vector3fc.java,175,4582,0,0,0,0,0,0,0,0,0,0,0,0,0,0,0,c82d05f5d4d615e26e9425d4c545d6a31c7b374c059915c282f668b9dd46e708
de/jarnbjo/vorbis/VorbisAudioFileReader.java,166,7418,0,3,0,0,0,0,0,0,0,0,0,0,6,0,0,839cf3aadc4630ff3e7e4f588d2e08d29e807ca1a016dcadca5d7a5f8d39cbd5
zombie/randomizedWorld/randomizedBuilding/TableStories/RBTSBreakfast.java,165,8466,0,0,0,0,0,0,0,0,0,0,0,0,0,0,0,8b8e434c1d35dc97583ca8a71de4dc06236d6daa5acfb0bdef1210239a257ca3
zombie/fileSystem/MemoryFileDevice.java,164,4658,0,1,0,0,0,0,0,0,0,0,0,0,0,0,0,8270ad0ebfbfa002753e2b2c0694d80df02a92ebb47a87a45aa17663cafe2a6d
zombie/core/Styles/ShortList.java,157,3877,0,0,0,0,0,0,0,0,0,0,0,0,0,0,0,56c0058eab5319f49142224aa38ccee4522b17c3a0d90dde65732bfc8bc8123a
org/joml/Vector4dc.java,156,3865,0,0,0,0,0,0,0,0,0,0,0,0,0,0,0,bf9b771bc7c9d8a802d45d6ac24e64ced06feb98a15fcd3b631932517f1a3976
org/joml/Interpolationd.java,155,5736,0,6,0,0,0,0,0,0,0,0,0,0,0,0,0,7547cf162c5d62fd80857ba690c87ff9be6831ec04111743c42fccc5a4c643bb
org/joml/Interpolationf.java,155,5347,0,6,0,0,0,0,0,0,0,0,0,0,0,0,0,f98233209c5eefc6a84517d832a0d84c5686ab3e25a98fd56865310fd8885982
org/joml/Matrix3x2dc.java,149,3998,0,0,0,0,0,0,0,0,0,0,0,0,0,0,0,3026e4b99e4998a017a2fc429328353bbe32b8bc14a29aa484f6ada4bc897705
org/joml/Matrix3x2fc.java,147,3853,0,0,0,0,0,0,0,0,0,0,0,0,0,0,0,65a0a64293f69632037729ffe8c0999dc8a6c7e0519c5ee3fb1a908e52e6f617
org/lwjglx/input/Controllers.java,145,5136,0,15,0,0,0,0,0,0,0,0,0,0,0,0,0,1e1da91cd270a1e974e2de519c1056922eba9aa810e40d9785f225c26f5432a9
zombie/scripting/ScriptParsingUtils.java,144,5020,0,2,0,0,0,0,0,0,0,0,0,0,0,0,0,ee0af5b070f4e726030750678990b9bf00dc26d664327bdbeaa61dd345e74c02
org/joml/Vector4fc.java,141,3510,0,0,0,0,0,0,0,0,0,0,0,0,0,0,0,3d66d9cd93fa560d8df6dd09f3b84f8e13697d351b0d2fc6a58e378eb35b7e38
zombie/audio/GameSoundClip.java,141,4437,0,2,0,0,0,0,0,0,0,0,0,0,49,0,0,2a9d576be572290ae0acf0d360b06971c185efc66a73487e52d9aef1d8f3bf71
javax/vecmath/Tuple4b.java,139,3387,0,0,0,0,0,0,0,0,0,0,0,0,0,0,0,0c9cddce508c74d1e7eaacd6d970b85807c7a8a39e930cd2a1376d31cee30687
zombie/util/list/PZConvertArray.java,133,3657,0,1,0,0,0,0,0,0,0,0,0,0,0,0,0,602ea43e9e745501ccc7da99c299bb2c61a4f1f91f87bf0eb4e8e16798c1203f
zombie/util/list/PZConvertList.java,132,3540,0,1,0,0,0,0,0,0,0,0,0,0,0,0,0,771c6546a2459e0eb9216cf162cde23116f5ebcff8d9757de1508d7966e648e3
zombie/randomizedWorld/randomizedBuilding/TableStories/RBTSSoup.java,130,6272,0,0,0,0,0,0,0,0,0,0,0,0,0,0,0,64702f0ab3a6ab99d46db5d90b05aeb7f9d6d4c3b4990f0f0f892326667f1d50
zombie/util/BufferedRandomAccessFile.java,129,4028,0,0,0,0,0,0,0,0,0,0,0,0,0,0,0,1088492f26b422900af4ebfc015342c4762f3ed25537eb649efc0d83fd95851c
zombie/debug/GenericDebugLogFormatter.java,128,4369,0,0,0,0,0,0,0,0,0,0,0,0,0,0,0,bb71504a7e2dabcf2a4c15cf56c28cb0281a177d4ce34cdcc25668f3b1cb7ec8
org/joml/Runtime.java,126,4293,0,15,0,0,0,0,0,0,0,0,0,0,0,0,0,8ff486919b193820824ffb85e484592a252884e34d484dd47a081ed06d46550c
zombie/util/lambda/Predicates.java,124,4818,0,6,0,0,0,0,0,0,0,0,0,0,0,0,0,348ac6aeb24cc0079ce45af3feba6044a50628976b8eaf4069a27f9657bffe73
javax/vecmath/Tuple3b.java,122,2913,0,0,0,0,0,0,0,0,0,0,0,0,0,0,0,504b9db21595851a87cbe2be9de1ba9ba650d11bcfdfce7fb7a84e99259bbad3
zombie/util/list/PrimitiveFloatList.java,122,3017,0,0,0,0,0,0,0,0,0,0,0,0,0,0,0,ab930e6a8a63d4f56b447aefe5905a8bfa085a64a986b9c7e47a85e97700f1b8
org/joml/Vector2dc.java,121,2784,0,0,0,0,0,0,0,0,0,0,0,0,0,0,0,ba2142e321ec2cfe28e3674a29217c1449deb36ced26ecf0d0710e070bb03e2a
zombie/debug/GeneralErrorDebugLogFormatter.java,120,4219,0,0,0,0,0,0,0,0,0,0,0,0,0,0,0,98e99da1bb11bfa654e46ca9d157d143612772e33c789f71aecd9f4c1b578b4a
zombie/util/util/Exceptions.java,119,5579,0,28,0,0,0,0,0,0,0,0,0,0,0,0,0,f0940bfdde5ec90db4ada1b1526417a76a5c96c92a53918d0e43f361987d09af
org/lwjglx/util/glu/tessellation/TessMono.java,115,3979,0,4,0,0,0,0,0,0,0,0,0,0,0,0,0,0759765584855b9353e3fe935d86b7c2a866964d5bc048ef8937e792765f89f3
org/joml/GeometryUtils.java,112,5512,0,7,0,0,0,0,0,0,0,0,0,0,0,0,0,2402593b7490b53a3694206d1c3818f97dd98096aa9d93ed395ee592b4471bfe
org/joml/Matrix2dc.java,111,2637,0,0,0,0,0,0,0,0,0,0,0,0,0,0,0,61dcc0746903f4a056d315bb8f2fb0a85e6dc508ff11ff6121d0b0fb28d676e6
zombie/util/ByteBufferOutputStream.java,111,3081,0,0,0,0,0,0,0,0,0,0,0,0,0,0,0,20fe3ac78530bd25e80fae888f1b89056b8e6cd7ab26c4e162d8c590dbd0ced5
org/joml/Matrix2fc.java,109,2554,0,0,0,0,0,0,0,0,0,0,0,0,0,0,0,81d55f9d17bcbe368dbff7f1c4f98ba0d7e7944f5efeed7385c2c55c09d4e3a7
org/joml/Matrix3dStack.java,109,3054,0,0,0,0,0,0,0,0,0,0,0,0,0,0,0,ed30725f6821519dc05c7b6b975197250460fe8bba35bd0d4940ea67b6966eb2
org/joml/Matrix3fStack.java,109,3054,0,0,0,0,0,0,0,0,0,0,0,0,0,0,0,c370a546ee7c4de1890119dab8d1e712ff6498ddf6130f096af4350174ef2eb0
org/joml/Matrix3x2dStack.java,109,3094,0,0,0,0,0,0,0,0,0,0,0,0,0,0,0,e23b13b0f85a3146ad6f1681528b4761e2cb4161c88074f3120b920c92a9c793
org/joml/Matrix3x2fStack.java,109,3094,0,0,0,0,0,0,0,0,0,0,0,0,0,0,0,669e52f815c1a2e0278dca25ee3ee8f6984395f006fc4377b0cf30207ef76861
org/joml/Matrix4dStack.java,109,3054,0,0,0,0,0,0,0,0,0,0,0,0,0,0,0,fc8301f97a1b37396d818d03e2b75eb2273b8eec88262d585b83dcb25653c8aa
org/joml/Matrix4fStack.java,109,3054,0,0,0,0,0,0,0,0,0,0,0,0,0,0,0,9813bc14f4cc266dc9a9b8581d7bcfbed33add27b0821b83851534c067fa6a26
org/joml/Matrix4x3dStack.java,109,3094,0,0,0,0,0,0,0,0,0,0,0,0,0,0,0,6b21b2ae2188d3cecaf2dbed4199dbedd54bc664033033b34004c27825a85cf9
org/joml/Matrix4x3fStack.java,109,3094,0,0,0,0,0,0,0,0,0,0,0,0,0,0,0,3ec09e2d06a2fda09e6378559e29bb62c8125eac5aa8bcd99c0630e9337533f9
org/joml/Vector2fc.java,109,2456,0,0,0,0,0,0,0,0,0,0,0,0,0,0,0,0c54c1d9d341aa29e6123bd05b83718f1c59fe1a422c9f7c6c881746503e24bd
zombie/config/DoubleConfigOption.java,108,2874,0,0,0,0,0,0,0,0,0,0,0,0,0,0,0,c1b6a6ac03011c8de8c28cddc8d622b9541660d11fb8c1366f9aad394bd42cbd
zombie/config/IntegerConfigOption.java,108,2860,0,0,0,0,0,0,0,0,0,0,0,0,0,0,0,d22342331538a3067c1ca037268c6a04ce79c641e68fb8763343ddf67d30ca92
zombie/core/skinnedmodel/advancedanimation/AnimCondition.java,108,4116,0,2,0,0,0,0,0,0,0,0,0,0,0,38,0,73d486fe55814d9fcd2ae2dde5126fcdf5f772d25ff7f2f3ffe8373b64d074fc
zombie/profanity/locales/LocaleEnglish.java,105,4176,0,0,0,0,0,0,0,0,0,0,0,0,0,0,0,5d55a8b143c693961249fef1a8a6a0b4856ff40b9334efcd8bb73b7bb8893887
zombie/characters/action/ActionContextEvents.java,104,3039,0,0,0,0,0,0,0,0,0,0,0,0,0,15,0,8b9f7c027edd5042a3dc1eecaeac2495b1b915e70e74b836fceb865804236450
fmod/SoundBuffer.java,102,2765,0,0,0,0,0,0,0,0,0,0,0,0,4,0,0,709e806632c6fb4c1eed694b060ec27f5241a32d8c662f5b406512754f16a06c
zombie/worldMap/Rasterize.java,97,3540,0,0,0,0,0,0,0,0,0,0,0,0,0,0,0,2b5b81ef7e0aca94b18c02887bc1697ec398def6e34cd9518890fbfa961f92c2
de/jarnbjo/util/io/HuffmanNode.java,95,2609,0,0,0,0,0,0,0,0,0,0,0,0,0,0,0,04ed3693bac0b6d87b981e045fb051189197cd4f367bf523ca4e3306e16eeabb
org/lwjglx/input/Cursor.java,95,3360,0,6,0,0,0,0,0,0,0,0,0,0,0,2,0,a631405c824c0b5eefd742849c19afce1623ac811f0d8921d01cf1265b532003
zombie/config/StringConfigOption.java,95,2142,0,0,0,0,0,0,0,0,0,0,0,0,0,0,0,f2c4a9d673d3b1a0a54a157995773440ad78938e654cf50c73f9313ab9eaa81b
zombie/core/Collections/ZomboidHashSet.java,93,2640,0,0,0,0,0,0,0,0,0,0,0,0,0,0,0,e932b445713723e70126de000dc7e7214a6313d9cb665bcce2d4f1dffe4442e8
org/lwjglx/BufferUtils.java,92,3227,0,18,0,0,0,0,0,0,0,0,0,0,0,0,0,849de92483fcac4758e35d752c84b0acc1594e39997fed189b32f879fef07145
org/lwjglx/util/glu/Util.java,91,2533,0,6,0,0,0,0,0,0,0,0,0,0,0,0,0,8cb60327ad0122a299ddfaefc8b29275ac6820e4c2038141d6143f73e71dbdda
zombie/vehicles/TransmissionNumber.java,90,2106,0,1,0,0,0,0,0,0,0,0,0,0,0,0,0,50545e9eee7ecb908f0a263e89cd9c54bb0e2978e6b7ba7e4222fa35a6b71c48
org/joml/FrustumRayBuilder.java,89,3952,0,0,0,0,0,0,0,0,0,0,0,0,0,0,0,4ad247576518c3f1c8f17d8673692d625d6c89cd5c9ea04e23ea845aea4b5297
zombie/core/skinnedmodel/advancedanimation/AnimationVariableSlotCallbackBool.java,88,2788,0,0,0,0,0,0,0,0,0,0,0,0,0,17,0,20e7ae14a27500497fe539a12ec529d93f1d6e49e3aae06fa0856fdbb81792a3
zombie/core/skinnedmodel/advancedanimation/AnimationVariableSlotCallbackString.java,88,2735,0,0,0,0,0,0,0,0,0,0,0,0,0,17,0,b1ccb413e8dd158680b4e3b81599fd04b9862f56af515af0cd9e36886167871a
zombie/input/MouseState.java,88,2710,0,0,0,0,0,0,0,0,0,0,0,0,0,0,0,b95a1aba4cae466e96ba59ad375d4b2d94a98f31b8f1c9d66152c48564e3efeb
zombie/vehicles/VehicleCache.java,88,3027,0,8,0,0,0,0,0,0,0,0,0,0,0,0,0,fb15ea3c8684c1e2b0a3e97a89487ab31b39669417a809ef0f94d31997b86197
de/jarnbjo/vorbis/SetupHeader.java,87,2797,0,0,0,0,0,0,0,0,0,0,0,0,0,0,0,7a94ff7bc5f51b4271ed91dea966553e59cb77ccdce7fdba08d2c2632a2b77a4
javax/vecmath/Vector4d.java,87,2463,0,0,0,0,0,0,0,0,0,0,0,0,0,0,0,4f9199741c4675d61c37babe67d2ec6dd91db356157a92391ae7dcc0c049f617
javax/vecmath/Vector4f.java,87,2466,0,0,0,0,0,0,0,0,0,0,0,0,0,0,0,1940c9586346e4f9cc43d772a0225cd73325617aa6f0c2958687af06b61c8141
org/lwjglx/util/glu/tessellation/Dict.java,85,2256,0,11,0,0,0,0,0,0,0,0,0,0,0,0,0,1b9b4aac37b51ba611e00084ad51da06a1dfd67ad21ef55e3b49d31bee024bf1
zombie/core/GameVersion.java,85,2602,0,1,0,0,0,0,0,0,0,0,0,0,0,0,0,031d2d55b45c33ae031c9cfeabb0fcb56d757e1f3fd1612789f2a26a885d30d3
zombie/core/skinnedmodel/advancedanimation/AnimationVariableSlotCallbackFloat.java,85,2638,0,0,0,0,0,0,0,0,0,0,0,0,0,17,0,9a438baf6ecd7744cb990198f0abd57a2c5effc6ff11bb2794834a5fbd8de0d9
zombie/core/skinnedmodel/advancedanimation/AnimationVariableSlotCallbackInt.java,85,2612,0,0,0,0,0,0,0,0,0,0,0,0,0,17,0,872e90a206d9e87bff58bd7728db08e41560244f575e8149893fc3132c37f8c0
zombie/core/skinnedmodel/advancedanimation/AnimationVariableGenericSlot.java,84,2609,0,0,0,0,0,0,0,0,0,0,0,0,0,20,0,8c717d65cc58722caf23045c0da5e76d5278298cdab8c2e8def228ee27ade8d3
javax/vecmath/Vector3d.java,82,2370,0,0,0,0,0,0,0,0,0,0,0,0,0,0,0,de2d9a7e1470fa4ba6db2508ada9995b1710790485c9d55f6a9351be50e26241
javax/vecmath/Vector3f.java,82,2371,0,0,0,0,0,0,0,0,0,0,0,0,0,0,0,a7713225d1ca40fc0fef9beb10dcae215a1c08653ccd91d31d04ce1e9e928c03
zombie/config/BooleanConfigOption.java,82,2077,0,0,0,0,0,0,0,0,0,0,0,0,0,0,0,035a5a1f369527a9ee7e76439078bda881e1708cacaf49a3ed49994a26720efc
zombie/core/utils/UpdateLimit.java,82,2107,0,0,0,0,0,0,0,0,0,0,0,0,0,0,0,5a0b363c87fa10e410b2575796d471cd978147798f15169cc408fac12887efbf
org/lwjglx/LWJGLUtil.java,81,2792,0,7,0,0,0,0,0,0,0,0,0,0,0,0,0,daa44bab1dd07cf6b4dffd04485b21cd7ee531aad184989213d4a6e1f53ce183
zombie/util/lambda/Comparators.java,81,3181,0,4,0,0,0,0,0,0,0,0,0,0,0,0,0,9e93466e899e8950b65543616df72ac75df4b7913ca8a529f87f222498ab11ad
javax/vecmath/Point4d.java,80,2496,0,0,0,0,0,0,0,0,0,0,0,0,0,0,0,3708b37e5d4971b7b9a8c2e9bb38643b3226c0c15a7d2fd4f3cdc68b6f72e8bb
javax/vecmath/Point4f.java,80,2445,0,0,0,0,0,0,0,0,0,0,0,0,0,0,0,ed568f7b159bb316980bd781391f9e507eb455d024fc9cea389686b0c5164bb6
zombie/debug/IDebugLogFormatter.java,80,2252,0,0,0,0,0,0,0,0,0,0,0,0,0,0,0,bee1b6cb34e27cc83b0e1017c1f30d0180bc08e2246d8278d41ea3b4dbe997ac
zombie/iso/sprite/IsoSpriteGrid.java,80,2019,0,0,0,0,0,0,0,0,0,0,0,0,0,0,0,33482b3485a06ed29af1a34b131c44b2bd3db348ba28671d9d270abf8bce9a55
zombie/randomizedWorld/randomizedBuilding/TableStories/RBTSDrink.java,80,3051,0,0,0,0,0,0,0,0,0,0,0,0,0,0,0,5163b408bd55a38abc7abd0659e88cf1146ebdf6b3d95e84b1867da2646fcb2f
de/jarnbjo/vorbis/IdentificationHeader.java,79,2344,0,0,0,0,0,0,0,0,0,0,0,0,0,0,0,2ff0c6d50d11190df4fbdc02766687cd05e07849ab6aa12163e5eb9786d02113
org/joml/Vector4ic.java,77,1684,0,0,0,0,0,0,0,0,0,0,0,0,0,0,0,7033dc477fb4bfa8bc0a9a80f4ebf938dd44fce1f0cbb9ef2f735ae0f2733d97
zombie/core/znet/SteamUGCDetails.java,76,2144,0,0,0,0,0,0,0,0,0,0,0,0,0,0,0,fd8572af511aa1e0cc27ea84e9799b5a60699cab1592bacfbe15757ec82091d1
zombie/profanity/ProfanityTest.java,76,3071,0,3,0,0,0,0,0,0,0,0,0,0,0,0,0,2bd4386cef591bc96129832f8bcc1b45df9dc4773e802a4685f89fdaa9500dde
zombie/core/skinnedmodel/population/OutfitRNG.java,75,2054,0,8,0,0,0,0,0,0,0,0,0,0,0,0,0,7de92143b36bf2aa79007f5293056a6bd06cee1b7912e908f90eb5c6b217881f
org/joml/Vector3ic.java,73,1596,0,0,0,0,0,0,0,0,0,0,0,0,0,0,0,dcf4ce1930c0a8a08f6917b361e52d98bd8b225bd00cfaeee8aa1535e012d32c
zombie/core/math/Matrix4.java,73,2056,0,0,0,0,0,0,0,0,0,0,0,0,0,0,0,d6679f5d0072a1a82f88cdc9a329f55cdf772924a83ea437896bca664e03dc8a
javax/vecmath/Vector2d.java,72,1812,0,0,0,0,0,0,0,0,0,0,0,0,0,0,0,70edefdcf00277b1a49cf57e8cef2b9ede6e3aac79bc453b7ae02fc53af0a884
javax/vecmath/Vector2f.java,72,1824,0,0,0,0,0,0,0,0,0,0,0,0,0,0,0,1debdbb81a3f697e00214f58c8cb98945a630588561d5a2b1c3b42e7e93c7d5b
org/lwjglx/opengl/DisplayMode.java,72,1978,0,0,0,0,0,0,0,0,0,0,0,0,0,0,0,8a60010b6fab39a5ac415304823cec1de8d19c7150016d41a5b1ddeef6c2414d
zombie/FPSTracking.java,72,2145,0,0,0,0,0,0,0,0,0,0,0,0,0,0,0,2a894c947f0c96d168b364e235d1f187dd5aed1c8b3246ec57b1fd312bf4d3ef
org/joml/Vector2ic.java,71,1512,0,0,0,0,0,0,0,0,0,0,0,0,0,0,0,e9230a853c7cc4b4e806bced1ee1e6a08eafb8827ca90495432998a27ead6ae7
zombie/input/ControllerState.java,71,2133,0,0,0,0,0,0,0,0,0,0,0,0,0,0,0,e30dc0da63a3e29665c0634067f1da3eb6d05e3b30b5ed0e750390eef52f5cfa
zombie/radio/globals/RadioGlobalFloat.java,68,2560,0,0,0,0,0,0,0,0,0,0,0,0,0,0,0,fdf6ed204e3f3e1eb1e5eff95b38fe92ec4d90016b5077f4c117ff5669ab311a
zombie/radio/globals/RadioGlobalInt.java,68,2514,0,0,0,0,0,0,0,0,0,0,0,0,0,0,0,61a56c63052376708d71abe41943c9993c2fa5b136380af5f323f6c42145ec52
com/sixlegs/png/SourceRegionDestination.java,67,1989,0,0,0,0,0,0,0,0,0,0,0,0,0,0,0,c34c2e82ef2a78c9a23c1191554dd6c709833ce853523213b710ee7b1e242807
zombie/input/KeyboardState.java,67,1958,0,0,0,0,0,0,0,0,0,0,0,0,0,0,0,2c6a73a8dca98f44c60e5aaa28d4923f70b616d156b70e32aa72f616118de74b
zombie/characters/BodyDamage/Metabolics.java,66,1367,0,3,0,0,0,0,0,0,0,0,0,0,0,0,0,d80be78a7f23445d7ff26c40a5542860eeeea453da8e7e3c894dbda352a9eb77
zombie/network/DBTicket.java,66,1490,0,0,0,0,0,0,0,0,0,0,0,0,0,0,0,d27c7e34d5d2a81da2dd99026d77633328d85419dbc2c21fa4f7023edf68dd99
zombie/world/DictionaryDataClient.java,66,1991,0,0,0,0,0,0,0,0,0,2,0,0,0,0,0,2aa77e146c229a7383c4be1cb7a829da47ce5d9e34ef06449557508d22648dbd
javax/vecmath/Point3d.java,65,1949,0,0,0,0,0,0,0,0,0,0,0,0,0,0,0,f1c2010b7905497451ac78a85f57f001da21165aa9ff93f9a10bb0c911a6fe4f
javax/vecmath/Point3f.java,65,1910,0,0,0,0,0,0,0,0,0,0,0,0,0,0,0,4ed89c3eb75e51cca0adc9c50cc9e783d250c694d2463ae3f5cb023055942218
zombie/core/skinnedmodel/animation/AnimationBoneBindingPair.java,65,2077,0,1,0,0,0,0,0,0,0,0,0,0,0,7,0,1aef4228febf8513a564393699a3aa1739c66b9d53d28a6a6812ec0101023588
zombie/worldMap/symbols/WorldMapSymbolCollisions.java,65,2452,0,0,0,0,0,0,0,0,0,0,0,0,0,0,0,610ae51b3becbf272b2a92a055dc702ecf8cc49ef630a032e8c7022776914b9e
zombie/core/skinnedmodel/advancedanimation/IAnimationVariableSlot.java,64,1745,0,0,0,0,0,0,0,0,0,0,0,0,0,4,0,635008e31511f796b05d18a77976638e0618be634888a652de6938f0a1e043b4
org/joml/sampling/Convolution.java,63,2738,0,2,0,0,0,0,0,0,0,0,0,0,0,0,0,d3f0df57d43bc795b3a56b38afdf7aab3c1407834c6292c5c815325b0bba373e
zombie/audio/parameters/ParameterVehicleHitLocation.java,62,2259,0,2,0,0,0,0,0,0,0,0,0,0,2,0,0,5af2c035ee85bd56554c160c467a3d9a627098e89a73ed854b8e5d7fafea91b7
zombie/core/Language.java,62,1451,0,2,0,0,0,0,0,0,0,0,0,0,0,0,0,3425f91f0cfa96664339553967526e405fa5d5f92aa1512927f6fd2adc141f91
zombie/radio/scripting/RadioLine.java,62,1380,0,0,0,0,0,0,0,0,0,0,0,0,0,0,0,78ddf82adcff228c253b84c22eef877a08ed931984ddbd9c340b2a21f99816fc
com/jcraft/jorbis/Lsp.java,61,2143,0,1,0,0,0,0,0,0,0,0,0,0,0,0,0,97a97473fafe5876c71b5985c89231e47ffcd5833d8f194713a9924ad67e33aa
zombie/util/ExecuteTimeAnalyse.java,61,1844,0,1,0,0,0,0,0,0,0,0,0,0,0,0,0,1ba9af565f35dadcfdbe864925fc17ffcbdd9be1b97e5ee86821e03760bee35a
zombie/commands/PlayerType.java,60,1812,0,3,0,0,0,0,0,0,0,0,0,0,0,0,0,92f05480dcbab3dd8445a552046951c0e51c3348d7f7e60dfbb107bfde224d04
zombie/core/opengl/CharacterModelCamera.java,60,2133,0,0,0,0,0,0,0,0,0,0,0,0,0,0,0,733fd800e407ef21f998f745ccc2b6791a9e7b7a1b67c9c83d0888893782b920
zombie/core/skinnedmodel/animation/AnimationBoneBinding.java,60,1606,0,0,0,0,0,0,0,0,0,0,0,0,0,3,0,b6e0948f3029ea50cd92725593a6b3973b26d06e3bf67b460b37148772c5baf9
zombie/randomizedWorld/randomizedZoneStory/RZSBaseball.java,59,1773,0,0,0,0,0,0,0,0,0,0,0,0,0,0,0,e46077ff7e57c6481afe2454d599b5a79dc1407dd6880cfb88ebda34d5996360
zombie/randomizedWorld/randomizedZoneStory/RZSMusicFestStage.java,59,2762,0,0,0,0,0,0,0,0,0,0,0,0,0,0,0,40105ab72a6c48a0d40ff052c331008e35faa64e731fc028bfa3b73ad592997e
zombie/vehicles/VehicleDoor.java,59,1492,0,0,0,0,0,0,0,0,0,2,0,0,0,0,0,408e634112922b6bb8951c83c82ea9bb225a9ad5e08d2287c2e31fbf493716e4
com/sixlegs/png/SuggestedPaletteImpl.java,58,1686,0,0,0,0,0,0,0,0,0,0,0,0,0,0,0,87a5bf1b2497c79f1ecd3f5e3fa0783bb4db278c4a95f25a3ae728b5e0cdcb0c
de/jarnbjo/util/audio/FadeableAudioInputStream.java,58,1855,0,0,0,0,0,0,0,0,0,0,0,0,1,0,0,f16de9bc254e9e71e995daba3b4568c08b00c139775cd2e9c333c36ca78b1bc4
zombie/core/skinnedmodel/advancedanimation/AnimationVariableSlotString.java,58,1324,0,0,0,0,0,0,0,0,0,0,0,0,0,6,0,449d19404c40ae334832b0111692eefe965cfeb45c2b62fbbcdbe88f46935cb4
zombie/core/network/ByteBufferReader.java,57,1278,0,0,0,0,0,0,0,0,0,0,0,0,0,0,0,b5b600dd086e20284a5946f399ea49bbcc4ffdf9e0bd4541fa9a5a1d818dc92d
zombie/core/skinnedmodel/advancedanimation/AnimationVariableSlotBool.java,57,1297,0,0,0,0,0,0,0,0,0,0,0,0,0,6,0,a6b87952df717895a6b38981b7804feeff899e3aaad0c78fa351162ee906608f
zombie/core/skinnedmodel/advancedanimation/AnimationVariableSlotCallback.java,57,1852,0,0,0,0,0,0,0,0,0,0,0,0,0,10,0,fc50d3c77c1cbe857a0f2f09e0b62625b7df8a6ceceea2eeba78a0c581a7815f
zombie/core/skinnedmodel/advancedanimation/AnimationVariableSlotFloat.java,57,1297,0,0,0,0,0,0,0,0,0,0,0,0,0,6,0,965e58d02f02e7e37b60e80ea952289ffce23421d458a501dbcf02a225c4cb18
javax/vecmath/Point2d.java,55,1473,0,0,0,0,0,0,0,0,0,0,0,0,0,0,0,73beafc2410fd91dab1db0be5ca2c2d5af21a1e605f91da45fede95ab25b3999
javax/vecmath/Point2f.java,55,1452,0,0,0,0,0,0,0,0,0,0,0,0,0,0,0,d345e51ca507699b49ef2f8fcebf1039136ef1e6db88ece57174933c4774e903
zombie/core/skinnedmodel/model/SkinningBoneHierarchy.java,55,1916,0,0,0,0,0,0,0,0,0,0,0,0,0,0,0,20afb1fab0a695968cf110e8c0b20d591631a0592bb9c19d4b49811ce9cded73
zombie/erosion/obj/ErosionObjOverlaySprites.java,54,1813,0,1,0,0,0,0,0,0,0,0,0,0,0,0,0,e5efd423ea35542f00f474f30875f7466b01c9167a5d6c713579135ceca4b645
zombie/randomizedWorld/randomizedBuilding/TableStories/RBTSElectronics.java,54,1925,0,0,0,0,0,0,0,0,0,0,0,0,0,0,0,5f0751fb4c389cf0eab2ff4939bcec70a1b12e81d4dac0baf558911b5754e9fd
zombie/util/IPooledObject.java,54,1341,0,4,0,0,0,0,0,0,0,0,0,0,0,0,0,10d5f57236a8644d537ee12899d4c5cbde131096a22ee1d7d2371b85ea23ee18
org/lwjglx/input/EventQueue.java,53,1315,0,0,0,0,0,0,0,0,0,0,0,0,0,0,0,49c394c7a5adf3f7c5f0e356bc622c4439d5cd1b99b90459618ab43630c7b089
zombie/network/chat/ChatType.java,53,1654,0,1,0,0,0,0,0,0,0,0,0,0,0,0,0,c8d510551df17dbbb08ac2b9966b6210e048f5be34d8d3606dd32146c4507cfc
org/joml/sampling/UniformSampling.java,52,1991,0,2,0,0,0,0,0,0,0,0,0,0,0,0,0,4142bed222c82d66ebca60492edf014ec0de9cdfab7a4ef3fc26437870d5b4cf
org/lwjglx/util/glu/GLUtessellatorCallbackAdapter.java,52,1073,0,0,0,0,0,0,0,0,0,0,0,0,0,0,0,d38c810d35618e9b1756adc34b6a4d2cec33a251596da57208b4538f00a9ed2b
zombie/radio/script/RadioScriptEntry.java,52,1287,0,0,0,0,0,0,0,0,0,0,0,0,0,0,0,a409bce43a56dc905cef537a7a027b38ff2a832af18c816b5907419b1a59bef8
zombie/util/LocationRNG.java,52,1575,0,0,0,0,0,0,0,0,0,0,0,0,0,0,0,f24962694999411b9476f53521c7018df773a58197b21277ae36c13d2e283bf9
zombie/worldMap/WorldMapPoints.java,52,1516,0,0,0,0,0,0,0,0,0,0,0,0,0,0,0,fa036fa42bcd9e3c6ca1e7698b181b640ff22fc5fca6bd0ea5b8f8c27f303aef
javax/vecmath/Color4f.java,51,1403,0,0,0,0,0,0,0,0,0,0,0,0,0,0,0,43342a636b9a4a09a08b4342720b08d2750b5172454350338355c385c17ce70b
zombie/radio/globals/RadioGlobalBool.java,51,1690,0,0,0,0,0,0,0,0,0,0,0,0,0,0,0,13be9230be3c72a067189428ab0ba0bab3859802c791b0c0dedebde690229afc
zombie/radio/globals/RadioGlobalString.java,51,1682,0,0,0,0,0,0,0,0,0,0,0,0,0,0,0,6cae15fca28cbdeec334fe799ba486e6c4688310d1df6e6f130845cae5b5a991
zombie/vehicles/test_VehicleCache.java,51,3152,0,0,0,0,0,0,0,0,0,0,0,0,0,0,0,ca8e9d7a375e53cafd58cce52903df5674dc1d3f3b38dee56a7ccc1a99a4e4df
zombie/randomizedWorld/randomizedBuilding/TableStories/RBTSFoodPreparation.java,50,2032,0,0,0,0,0,0,0,0,0,0,0,0,0,0,0,6c66db88cbeb173fdfa221c69490f68828d0f28675cd593872aa634158398fea
javax/vecmath/Color3f.java,49,1257,0,0,0,0,0,0,0,0,0,0,0,0,0,0,0,3982aa4e1f339ede1b95584c17ef8e9a87b1efe4c024b3bd6cf9a3e0198a3f48
zombie/core/ProxyPrintStream.java,49,1358,0,0,0,0,0,0,0,0,0,0,0,0,0,0,0,1d4c274964d93fc123149a579dd21db48841b7208e749bb36f6fff917ff3aa53
zombie/core/skinnedmodel/animation/debug/AnimationVariableRecordingFrame.java,49,1681,0,0,0,0,0,0,0,0,0,0,0,0,0,12,0,33f9165cc6769d6a6781dd4fb64f8101bcb9a721e323149e3151b18fa98f4752
zombie/util/lambda/ReturnValueContainerPrimitives.java,49,1606,0,3,0,0,0,0,0,0,0,0,0,0,0,0,0,3b06141c937a68b9c5f6895c342c8c7fd377a431f5fe89605a5b19da2e2aa1a4
com/jcraft/jorbis/ChainingExample.java,48,1851,0,1,0,0,0,0,0,0,0,0,0,0,0,0,0,f7afeaa00257e0c3ad490c6a0232eee5ec3c7ef180f23fb1489788f5f032dde5
zombie/core/Collections/AbstractEntry.java,48,1327,0,1,0,0,0,0,0,0,0,0,0,0,0,0,0,2999119cc88cf0cb2a134d5dba09dbd0c57413743296c7edfbeaad5d6de039f9
zombie/core/Styles/AlphaOp.java,48,1795,0,0,0,0,0,0,0,0,0,0,0,0,0,0,0,0bf157dc0512deccb30af667fb8db93c3728cebf274281d11a8126b3033c7754
zombie/core/profiling/PerformanceProfileProbeList.java,48,1840,0,2,0,0,0,0,0,0,0,0,0,0,0,0,0,324329c2cc95f4d262155a46930bac40a8fcbef6b489fc440d10f560538bdf90
zombie/vehicles/LightbarSirenMode.java,48,1051,0,0,0,0,0,0,0,0,0,0,0,0,4,0,0,8153bec1c511b488a0f4f8a306e74a8ff757a745f91f0490b8d32217b82be4b7
javax/vecmath/Color4b.java,47,1235,0,0,0,0,0,0,0,0,0,0,0,0,0,0,0,f8f2accbeb4bca336ec5bdaf7fc21ad58920dcb6c31e9f65593737acba396c4d
zombie/radio/StorySounds/DataPoint.java,47,964,0,0,0,0,0,0,0,0,0,0,0,0,1,0,0,94535d080afb87caf0a3f514e5ae44f44492772d28c75a1d3ef597fded5a4e42
fmod/FMODSoundBuffer.java,46,1123,0,0,0,0,0,0,0,0,0,0,0,0,11,0,0,9be7b17814eccbdc3c0aa3e43a0a543cc0453557056a412064c051f29e169f3f
zombie/core/skinnedmodel/advancedanimation/IAnimationVariableSource.java,46,1666,0,0,0,0,0,0,0,0,0,0,0,0,0,6,0,8ecc32a52efd6d2c2b1fbdce66d0b4597381a0f37e30dbd662c0f0f4946d237a
zombie/core/skinnedmodel/animation/AnimationBoneWeightBinding.java,46,1475,0,0,0,0,0,0,0,0,0,0,0,0,0,12,0,4244a893e0e147c7f91713b49612d58ab9631b1c1964190f0f98a47579b7a807
zombie/core/utils/WrappedBuffer.java,46,1153,0,0,0,0,0,0,0,0,0,0,0,0,0,0,0,40f089e972c0f93802cdb40cdd3cdb8c83eaacf78ebb98d33d1b50d6e6d62e0a
zombie/iso/test_ObjectsSyncRequests_getObjectInsertIndex.java,46,2634,0,0,0,0,0,0,0,0,0,0,0,0,0,0,0,c2d873af23c849c91dd610c72f781aa9d527c5e20d491e9bf6db578441459f54
zombie/randomizedWorld/randomizedBuilding/TableStories/RBTSButcher.java,46,1713,0,0,0,0,0,0,0,0,0,0,0,0,0,1,0,d5515fda0bc747e2d27b8c5596375001e6f2e42a6a8b10b3242b898116024160
javax/vecmath/Color3b.java,45,1112,0,0,0,0,0,0,0,0,0,0,0,0,0,0,0,faafcade4b4cc00ce639500f107036bb77d5e5fb51fcb09eca4084fd2f62f772
org/joml/Options.java,45,1995,0,2,0,0,0,0,0,0,0,0,0,0,0,0,0,72a7bde9bd2990a1e0acd0b432dfc0f5537a16e54f9fbeaee6fcc99cc5149b59
zombie/core/Collections/NonBlockingHashSet.java,45,1108,0,0,0,0,0,0,0,0,0,0,0,0,0,0,0,cff0d6260ee9c9c7a0abb508051b8c0854e34c4f72bc9769220e26caa919de6f
fmod/fmod/FMODAudio.java,44,821,0,0,0,0,0,0,0,0,0,0,0,0,12,0,0,e9b030c8c52aa931fe8a8209cb31cb22c73ea26e516e963e149321b7433ab0ce
zombie/characters/ILuaGameCharacterClothing.java,44,1125,0,0,0,0,0,0,0,0,0,0,0,0,0,0,0,c9fa5a4bcdfcf9a158be93f44832abedbc567cf62a00d060278613c942c11f9a
zombie/util/PZCalendar.java,44,1175,0,1,0,0,0,0,0,0,0,0,0,0,0,0,0,71b004e802c461bdf44569fdcb4a4a4190b9dc2097b8ba3aaaaa75daee5420a2
zombie/vehicles/VehicleModelCamera.java,44,1462,0,0,0,0,0,0,0,0,0,0,0,0,0,0,0,81b94e1f59681f7fa1fa1496e0740dcba3ac314f69861296a9ea46c24143483e
com/sixlegs/png/RasterDestination.java,43,1070,0,0,0,0,0,0,0,0,0,0,0,0,0,0,0,fa2955ad98e186d1741d5807d5368473593e19645a8e3a88e47b2a417ca90bd1
de/jarnbjo/vorbis/Mode.java,42,1425,0,0,0,0,0,0,0,0,0,0,0,0,0,0,0,3f0ba6aee20af2155169def487abbc8b40ebdbeaae9cb6609a37f82c050b3089
zombie/core/skinnedmodel/advancedanimation/PooledAnimBoneWeightArray.java,42,1781,0,3,0,0,0,0,0,0,0,0,0,0,0,26,0,32e86246c8e05653bbdf6b09181cd7c1967ea873e6290858f8ab5edc8bce08c4
zombie/iso/areas/isoregion/data/DataSquarePos.java,42,1230,0,3,0,0,0,0,0,0,0,0,0,0,0,0,0,82ad912bca44b8ab156a00094b5f523f6d5e91e8fc42de04ffc35d6e1df9d866
org/lwjglx/opengl/Util.java,41,1136,0,2,0,0,0,0,0,0,0,0,0,0,0,0,0,b539125b33499ea2314ab923229eea7da4a818aaa20dad3af9518ae070af9210
org/lwjglx/util/glu/PixelStoreState.java,41,1443,0,0,0,0,0,0,0,0,0,3,0,0,0,0,0,10a956c76257daa7223781d92585de9683c588f7c9a08824ea77b01395b8ef29
org/lwjglx/util/glu/tessellation/PriorityQ.java,41,961,0,4,0,0,0,0,0,0,0,0,0,0,0,0,0,54042ec6632247ab05ba4c95270c2f89f38e98ff1e9cb80d3645edade1ecf580
zombie/IntArrayCache.java,41,1184,0,1,0,0,0,0,0,0,0,0,0,0,0,0,0,a478d2298408d33213fa45bbf1b8c0e88715892df6cc33efce2270df52afca49
zombie/iso/MetaObject.java,41,774,0,0,0,0,0,0,0,0,0,0,0,0,0,0,0,29475d83caa5fae69a89c1bf03efdba48516fb59fc632aac7da8c389084f8097
com/sixlegs/png/PngException.java,40,1237,0,1,0,0,0,0,0,0,0,0,0,0,0,0,0,27499eaa93f1c419f9fd2619d04604daeec23a161e343a0528fbe5289972e1ed
zombie/audio/FMODLocalParameter.java,40,1273,0,0,0,0,0,0,0,0,0,0,0,0,9,0,0,1daa1cec27b4e93ffbd0067e1ca22ee969f2a641814b268db3809e42f065dff4
zombie/config/ConfigOption.java,40,1003,0,0,0,0,0,0,0,0,0,0,0,0,0,0,0,794fdafa886afd1c46cc39aa86891327bf87652a601462ac16d512fca60509e2
com/sixlegs/png/Integers.java,39,1257,0,1,0,0,0,0,0,0,0,0,0,0,0,0,0,c5be19f370961d33adee42ec18c2b451c0169bf0525fbd796973763331beea97
zombie/core/skinnedmodel/Vector4.java,39,848,0,0,0,0,0,0,0,0,0,0,0,0,0,0,0,6bcf2e12cb3e13aabece16372b97ab23e68cf7a278fded4c912cdfdeb0257d86
com/sixlegs/png/GammaPixelProcessor.java,38,1414,0,0,0,0,0,0,0,0,0,0,0,0,0,0,0,c1f8eb82e7bca7f9beec2842b01c80ea995ff6f2a8f5b0b79018688320980088
zombie/asset/FileTask_LoadAiScene.java,38,1208,0,0,0,0,0,0,0,0,0,0,0,0,0,0,0,c8b7d99be948092bbbe0d3268eaf99558ca715e5747dcbc8df948cbfc5e04cff
zombie/audio/parameters/ParameterVehicleSteer.java,38,1272,0,0,0,0,0,0,0,0,0,0,0,0,2,0,0,29b3c3d5fbddfc5ad9acd208527f2cb862944860f30e031849219fd8baeb6549
zombie/characters/action/conditions/EventNotOccurred.java,38,1173,0,1,0,0,0,0,0,0,0,2,0,0,0,4,0,30c1a17c1d08d8a6a64d24f33e546afe2b301b424049023772b4e0eaae68dfc5
zombie/characters/action/conditions/EventOccurred.java,38,1151,0,1,0,0,0,0,0,0,0,2,0,0,0,4,0,b82828804d7e840d52b56c5cdf9346adb6754e5fba1cce6e95466f0cff62f872
zombie/core/skinnedmodel/advancedanimation/AnimEvent.java,38,1422,0,1,0,0,0,0,0,0,0,0,0,0,0,14,0,62a493424e9eeb5315e084e3ef72db39cba7e2ec8acc7d3d9ec200543162275c
zombie/util/IntCollection.java,38,672,0,0,0,0,0,0,0,0,0,0,0,0,0,0,0,d25fb1df137da5ee76846863702af0123c3c8fabe4214091b0d9346936f75972
com/jcraft/jorbis/Util.java,37,654,0,3,0,0,0,0,0,0,0,0,0,0,0,0,0,c9fbd5992b193030ed67f650f2093ff37648044c47bf3de120419d90fae66622
org/lwjglx/util/vector/Vector.java,37,955,0,0,0,0,0,0,0,0,0,1,0,0,0,0,0,8a95bda8fbbce7eb515a25c13b9831c5c07c83d1dfa4f1e5da72f1af36334f4a
zombie/characters/AttachedItems/AttachedLocation.java,37,1151,0,0,0,0,0,0,0,0,0,0,0,0,0,0,0,d670fc346dbdc5c910fc0647f7443c699e6d0a88f49b7d532a6785c86f9ec8e0
zombie/network/DesktopBrowser.java,37,1396,0,1,0,0,0,0,0,0,0,0,0,0,0,0,0,ad7ccb279184d29c23ceb8e5fdcbc602ad4775c2e0690579bb10023cfcf3bd4f
zombie/randomizedWorld/randomizedDeadSurvivor/RDSBleach.java,37,1367,0,0,0,0,0,0,0,0,0,0,0,0,0,0,0,830874031f8cf4982f894b4513320dea0ceaea39803ac6be85057ac8371a9dce
zombie/util/map/IntKeyMap.java,37,641,0,0,0,0,0,0,0,0,0,0,0,0,0,0,0,ad207f3d30b48b73e2728f74229d522b942d3e9f2374dfc30c71f252b95ba3a5
com/sixlegs/png/ProgressUpdater.java,36,1277,0,0,0,0,0,0,0,0,0,0,0,0,0,0,0,13a7671aa1f88e8343ccb53b2d6990884f3ce0b8e4c4e57d86fb3e9b7cb755e5
zombie/audio/parameters/ParameterTimeOfDay.java,36,1376,0,0,0,0,0,0,0,0,0,0,0,0,2,0,0,274d1603c47222f463d9e6064221528182cb8fe54835619a83137dd75a91ffa8
zombie/debug/BooleanDebugOption.java,36,1037,0,0,0,0,0,0,0,0,0,0,0,0,0,0,0,0d90abb41eefac3016e8b873a5a0df45a54fb7bc8f87915a73626fe56c8f8ed6
zombie/interfaces/ICommonSoundEmitter.java,36,759,0,0,0,0,0,0,0,0,0,0,0,0,8,0,0,6cc708243aa37b1dc5c36a59735ce855388399a5987c03ad316eb8fed3120b20
zombie/randomizedWorld/randomizedZoneStory/RZSMusicFest.java,36,1347,0,0,0,0,0,0,0,0,0,0,0,0,0,0,0,54ca35fb1d9aa36d088e67801ebf1609dc7eda249d193894325109c65a277c48
zombie/util/PooledObject.java,36,846,0,0,0,0,0,0,0,0,0,0,0,0,0,0,0,fe6ac165edd2396ecf0359a3577faf5eba4471994b896af0326143a68c4c5052
org/joml/sampling/StratifiedSampling.java,35,1342,0,0,0,0,0,0,0,0,0,0,0,0,0,0,0,f8281ebd0db56e8a4e8cf6dad8341628a1e9a70d07bfd819e149c2860bc84fc3
zombie/audio/parameters/ParameterMusicState.java,35,836,0,1,0,0,0,0,0,0,0,0,0,0,2,0,0,662b644be4938e3859a4901d65d78581b9f2c8ee3aec58d74ddb9aace3ee5fd9
zombie/audio/parameters/ParameterWeatherEvent.java,35,931,0,1,0,0,0,0,0,0,0,0,0,0,2,0,0,2061ef5c4f5715efd1dacc348052ef3e47933ae4c9153c853c43cf04f555175a
zombie/core/opengl/IOpenGLState.java,35,865,0,0,0,0,0,0,0,0,0,0,0,0,0,0,0,96f11db2aa37fae42984aeb0bd0a44b0dfe738131713a56c81c823a12a545430
zombie/core/znet/ZNet.java,35,1144,0,5,0,0,0,0,0,0,0,0,0,0,0,0,0,63622214a71650c88c9b754d3e25c5159dc5eef04774d33223ba562ef723fb59
zombie/scripting/objects/ItemRecipe.java,35,811,0,0,0,0,0,0,0,0,0,0,0,0,0,0,0,aa88f5206fb5e84636c6d721f94d2aa6515fb66feb043007c371caa78ca739c7
org/joml/sampling/SpiralSampling.java,34,1453,0,0,0,0,0,0,0,0,0,0,0,0,0,0,0,6648d2a82fd4d75ce677a36430fc6d70b92ac2777b4f7d4e98bba29820df11f3
zombie/ai/sadisticAIDirector/SleepingEventData.java,34,1158,0,0,0,0,0,0,0,0,0,0,0,0,0,0,0,d98766aade161ece8ae0a7a4734abe32cd1d27fcfca45e5d3bcf2b1701064be9
zombie/asset/FileTask_ParseXML.java,34,967,0,0,0,0,0,0,0,0,0,0,0,0,0,0,0,55a4f0fcf5b5d35da3f0a4fdabad5f82863c55bd1395e60b34add61b38b062b6
zombie/audio/parameters/ParameterVehicleTireMissing.java,34,1198,0,0,0,0,0,0,0,0,0,0,0,0,2,0,0,9cf7db2935df683f7dbd4366c1068fd52cdca93f217737e3a068ffc6afacc331
zombie/radio/devices/PresetEntry.java,34,661,0,0,0,0,0,0,0,0,0,0,0,0,0,0,0,b805ffbf8467f36ad7aabe6d619eef158229252655840681c0735ab6e5c243d0
zombie/ui/UIFont.java,34,617,0,1,0,0,0,0,0,0,0,0,0,0,0,0,0,bc8e5f0634be27321ccf20e6c0d37a526fa60e5c70f8faca40ef0dbd0f9e26b0
zombie/util/PooledArrayObject.java,34,869,0,0,0,0,0,0,0,0,0,0,0,0,0,0,0,093f530ce6df747a40c1a0302835a5d6b5a9502f4c22603d46899a9ee191e2c8
zombie/worldMap/FileTask_LoadWorldMapBinary.java,34,1077,0,0,0,0,0,0,0,0,0,0,0,0,0,0,0,422152931f2f9ea0871760524848f4da21b96a23f10aa8e215f4be7c070319a9
zombie/worldMap/FileTask_LoadWorldMapXML.java,34,1059,0,0,0,0,0,0,0,0,0,0,0,0,0,0,0,53ae9ccb2e338d33ef0be38ea7990e43c41758eda93f6e29fb6dbda06a1c6918
N3D/EngineTestbed.java,33,957,0,3,0,0,0,0,0,0,0,0,0,0,0,0,0,49c8772e1588bc82dd101ea183e8c6bb3b1526841f0b21a1175aba715b503f32
com/sixlegs/png/BasicPixelProcessor.java,33,1002,0,0,0,0,0,0,0,0,0,0,0,0,0,0,0,7589c0b7c8c8f309d224098f519ff9d822bc63cd77453177e134c8da4eec04d4
de/jarnbjo/vorbis/Mapping.java,33,1058,0,1,0,0,0,0,0,0,0,0,0,0,0,0,0,76200faaf496ca4f222a94265102cc3598c94717e7bfb8f20a27262d1d58e054
zombie/core/IndieFileLoader.java,33,1387,0,2,0,0,0,0,0,0,0,0,0,0,0,0,0,3e297db5f27e9259735a6e52e8b8c77e6c035643af4392acce140fede979ff44
zombie/core/skinnedmodel/model/SkinningBone.java,33,1182,0,1,0,0,0,0,0,0,0,0,0,0,0,0,0,40007ddcfe91ce5f2089e64905b9605b1a286565d3d221d375ec092adccece8a
zombie/audio/parameters/ParameterMusicLibrary.java,32,905,0,1,0,0,0,0,0,0,0,0,0,0,2,0,0,4c7470aa6102b986799da456b5f33c704f0490bf1c76090fef2794717f65f464
zombie/audio/parameters/ParameterStorm.java,32,886,0,0,0,0,0,0,0,0,0,0,0,0,2,0,0,113c4255f8d0aa64e54ff2e34576444d4f55958486bb6ab44e488a7c3e9db18c
zombie/audio/parameters/ParameterVehicleRPM.java,32,1075,0,0,0,0,0,0,0,0,0,0,0,0,2,0,0,7a537907fe9ffdf571e10af13443502e8d84b94f83ae1e1695bf7a44851783dd
zombie/characters/BodyDamage/BodyPartLast.java,32,760,0,0,0,0,0,0,0,0,0,0,0,0,0,0,0,24e703dfafb71df9e9df3049c7f3922d2ffba620bb0368eeb4589eaed57f5e93
zombie/core/BoxedStaticValues.java,32,1189,0,6,0,0,0,0,0,0,0,0,0,0,0,0,0,f9b714e0f22599cdf488edd9c144bf5d8ec7c905b09b0d275f5df339446cf6ef
zombie/radio/globals/RadioGlobal.java,32,946,0,0,0,0,0,0,0,0,0,0,0,0,0,0,0,875150ec3e0fbb7ad71a17bbd295617e5498b4202e8938e03c8d8df6a32c55a9
zombie/util/ByteBufferBackedInputStream.java,32,916,0,0,0,0,0,0,0,0,0,0,0,0,0,0,0,146a819a74472df784f116762efae8200dc20f988d27029d641fae3742171b4d
zombie/util/list/PZConvertIterable.java,32,1000,0,0,0,0,0,0,0,0,0,0,0,0,0,0,0,5b3e299471b05c6779e7f724bed243465df330ae736c1585a16ac7552aa7d9ae
zombie/util/set/AbstractIntSet.java,32,900,0,0,0,0,0,0,0,0,0,0,0,0,0,0,0,cf1b6bbffe01597a17199f987d365ddd49d03e49c9d4b28f7309f733a2f1a4a1
javax/vecmath/TexCoord3f.java,31,727,0,0,0,0,0,0,0,0,0,0,0,0,0,0,0,78a5c4f323e9fa2d68bdb8b810f3dec49c02fc403ac89af29327c0e0ab2e12e9
javax/vecmath/TexCoord4f.java,31,749,0,0,0,0,0,0,0,0,0,0,0,0,0,0,0,64d54a9e3b61dc83fcfbc9d03ca97c2356ec6ab1a57385f040c5bb729f3bc947
zombie/characters/CharacterActionAnims.java,31,486,0,0,0,0,0,0,0,0,0,0,0,0,0,1,0,2065f87202387b2bc88495c62db17fd153fe82419776c8647c254b53605b3c5d
zombie/core/Styles/GeometryData.java,31,727,0,0,0,0,0,0,0,0,0,0,0,0,0,0,0,7ed74d4bc8fdb1d55a18a2adba091a4696c78ba29cc5fd8e9ae96ca0705c3da8
zombie/core/skinnedmodel/model/jassimp/ProcessedAiSceneParams.java,31,1210,0,1,0,0,0,0,0,0,0,0,0,0,0,6,0,4f333936c6c2a9c108103e22e868eb900e4e5b9e86457bdfe715a8affe17882b
zombie/network/MD5Checksum.java,31,895,0,1,0,0,0,0,0,0,0,0,0,0,0,0,0,12361e3f9838abf68a97098308f9337f6755696915c1cb8be9ba444b1cbd7ed5
zombie/randomizedWorld/randomizedDeadSurvivor/RDSGunmanInBathroom.java,31,1169,0,0,0,0,0,0,0,0,0,0,0,0,0,0,0,1178c6bfb02f93a1641f866a8efdbc61f8a6c5046f75e4170a4e5d5df8b38c7a
zombie/scripting/objects/VehicleTemplate.java,31,1019,0,0,0,0,0,0,0,0,0,1,0,0,0,0,0,63a21c61092ad4201d6f32eae3a36ffd1e1730d9d4c8549dd85b9a478e770dc1
zombie/util/PZXmlParserException.java,31,877,0,0,0,0,0,0,0,0,0,0,0,0,0,0,0,358e8c1a4ce957e2896ac0275c74e91fec9d72a952989997ff6124ea4d44f8a4
zombie/util/list/PZEmptyIterable.java,31,829,0,1,0,0,0,0,0,0,0,0,0,0,0,0,0,807a5b29dea4165a16aa0a73e9c82b1efcb8b41f6a7b6b21387968c36d697bd4
fmod/fmod/FMOD_STUDIO_EVENT_CALLBACK_TYPE.java,30,1246,0,0,0,0,0,0,0,0,0,0,0,0,27,0,0,b4c30f4cbd77220f8ddf8243eaefdb2c11bb00af125673102990e088757dfcf6
org/lwjglx/opengl/OpenGLException.java,30,791,0,1,0,0,0,0,0,0,0,0,0,0,0,0,0,8aba5c93230e225330ef43ad4e4861c5ae39b507e13a2cc13c1d2bbd1e121739
org/lwjglx/util/vector/Matrix.java,30,748,0,0,0,0,0,0,0,0,0,1,0,0,0,0,0,567ff78c79bd16aaa2d9869b055f6f11b42bdf60ec285d4d9fdc23ada4afc7e5
zombie/characters/AttachedItems/AttachedItem.java,30,908,0,0,0,0,0,0,0,0,0,0,0,0,0,0,0,aa2dd680f50ab7c77af72f21e5159c65d41b3a74451c8b1bab6feca9a8002b01
zombie/characters/ILuaGameCharacterHealth.java,30,673,0,0,0,0,0,0,0,0,0,0,0,0,0,0,0,daedd52718f581b8b3968a7cdf141204e2ccb2446f714cb436d060455199fbc4
zombie/characters/WornItems/WornItem.java,30,896,0,0,0,0,0,0,0,0,0,0,0,0,0,0,0,deae706e46ba0f3afec5f87e54cc9333e223045f62d2522fe6e12bc1a00ca795
zombie/characters/action/conditions/LuaCall.java,30,801,0,1,0,0,0,0,0,0,0,0,0,0,0,2,0,c95308a416530748971a29c4111235a3b273ec3b6a5ff3535683a6464542d30b
zombie/core/math/Vector4.java,30,897,0,0,0,0,0,0,0,0,0,0,0,0,0,0,0,76431d5fcf9e3f60a8d670daf49576b794425d7cc051325b7b3ad0897de2ea9b
zombie/core/skinnedmodel/advancedanimation/AnimationVariableHandle.java,30,735,0,1,0,0,0,0,0,0,0,0,0,0,0,5,0,2725781c36724fdef700b6bb47e5a07f241d0485384a612b986cfc9ee7e59fce
fmod/FMOD_DriverInfo.java,29,733,0,0,0,0,0,0,0,0,0,0,0,0,4,0,0,ed5ce0934fd99de7947fafad2e144b2dd91593824dfc3823fa2f8c22ee4a8e5d
zombie/ai/WalkingOnTheSpot.java,29,751,0,0,0,0,0,0,0,0,0,0,0,0,0,0,0,5aa92005eeeebb0a79dde208b8d7b2245e70af804cae4f5b11e9086ba92528d4
zombie/asset/AssetManagers.java,29,873,0,0,0,0,0,0,0,0,0,0,0,0,0,0,0,37a734f9607e5e3dd6176e7171eb98735e68d219bffc088c61578d0c5dbaf342
zombie/audio/parameters/ParameterMusicActionStyle.java,29,791,0,1,0,0,0,0,0,0,0,0,0,0,2,0,0,095cdec25541a527e98810ea2c2ca7635154cdf4bf5fe8741189a55f6a97817b
zombie/core/skinnedmodel/advancedanimation/IAnimatable.java,29,829,0,0,0,0,0,0,0,0,0,0,0,0,0,18,0,cbc3912fb220b052f5a69a86ac31d1a830d6f3efb79cf546c651ffe5b427fd30
zombie/iso/areas/isoregion/jobs/JobSquareUpdate.java,29,716,0,0,0,0,0,0,0,0,0,0,0,0,0,0,0,07a1708d48e75bb7522aba6f4cff4dac8bf4ff32ed5fb5fe1967dc23c1b4b76c
org/joml/sampling/Math.java,28,1370,0,1,0,0,0,0,0,0,0,0,0,0,0,0,0,9c29329d98f8c15416bfaebe7d879276b2270fe29c1ff1674fba10b9ecf5fae6
org/lwjglx/util/glu/GLUtessellatorCallback.java,28,700,0,0,0,0,0,0,0,0,0,0,0,0,0,0,0,a877111df49ac2ede11002c74d9727dfba0d51a3dd99deafb18c6a52b28fe263
zombie/asset/AssetTask_RunFileTask.java,28,881,0,0,0,0,0,0,0,0,0,0,0,0,0,0,0,7b08b5375357c23b1fe18f089c909a02018c32450f8f5aadea16fd95b9e60c36
zombie/core/profiling/PerformanceProfileProbe.java,28,803,0,0,0,0,0,0,0,0,0,0,0,0,0,0,0,bf034a3cd7aa79cf65da48dcec0a72a66be8b5a52607613cb191a1bb0f23ba34
zombie/core/secure/PZCryptTest.java,28,1023,0,0,0,0,0,0,0,0,0,0,0,0,0,0,0,a88dcae4b87334420e059954b763d8b6ebf0ecd2c409489dbfb5a80d68c7249b
zombie/core/skinnedmodel/advancedanimation/Anim2DBlendTriangle.java,28,1293,0,2,0,0,0,0,0,0,0,0,0,0,0,5,0,e2e23026c1dbafe3ea6d2b8021887b463bf375f5b6313ddde97c6743e38e3895
zombie/profanity/Phonizer.java,28,696,0,0,0,0,0,0,0,0,0,0,0,0,0,0,0,2a68e859cf2b539cbf6780cda79dd71b68c91c095d2416db3d426d1abfee4939
zombie/util/list/IntList.java,28,613,0,0,0,0,0,0,0,0,0,0,0,0,0,0,0,6ee9de528d100ff0b5f92ec0877a693a1cccdb2c4326fd9e46bb2150b5ed22a1
zombie/util/list/PZPrimitiveArrayIterable.java,28,842,0,1,0,0,0,0,0,0,0,0,0,0,0,0,0,d33ce583fe4b1e929dbba7382de28b6cbb7df6868bf107267e99045001e91792
de/jarnbjo/util/io/BitInputStream.java,27,677,0,0,0,0,0,0,0,0,0,0,0,0,0,0,0,1abb02bad31f68078675b4810fc1ad3a71782a6d77ca364aeb093b01f5b90abe
javax/vecmath/TexCoord2f.java,27,632,0,0,0,0,0,0,0,0,0,0,0,0,0,0,0,1c7eae146e84f974081a463ed30b0fb6ec58d46230366718797d723eb05ccbd4
org/lwjglx/input/GamepadState.java,27,834,0,0,0,0,0,0,0,0,0,0,0,0,0,0,0,16ae4b0d61d6ce165ea95904e0ae806f8a50eb655bfbac9983a78065542a1f7a
zombie/ShaderStackEntry.java,27,826,0,1,0,0,0,0,0,0,0,0,0,0,0,0,0,6abed5805c19060ae07cd67b930c9edb54c246393f819792aba64eaf62103c72
zombie/audio/parameters/ParameterSeason.java,27,816,0,0,0,0,0,0,0,0,0,0,0,0,2,0,0,9c963b789f1b71a7701fb8531f08bac829808a8f92fff8cf31d79f0e349bcab2
zombie/audio/FMODGlobalParameter.java,26,735,0,0,0,0,0,0,0,0,0,0,0,0,7,0,0,0ff1ce95cc5ef2ecdbc06c5429b590ed4cd06e30d2bb5b11161bf47ad7e18891
zombie/core/FastTrig.java,26,758,0,3,0,0,0,0,0,0,0,0,0,0,0,0,0,9ac1fdc491059f53cd3b1dec61fafcd07bfcc4606e3760fbf0e6794f4e8e891b
zombie/fileSystem/FileOpenMode.java,26,814,0,1,0,0,0,0,0,0,0,0,0,0,0,0,0,30cfc5e0493aee15421575c9a9b6aeed5b918ee47cd7fbf60e65c462955e8c09
zombie/radio/globals/EditGlobal.java,26,705,0,0,0,0,0,0,0,0,0,0,0,0,0,0,0,d0f34bee0d828927bd43101c918c342c5e5341ca7f4b3f98fcba7c9500057db9
zombie/text/templating/ReplaceSingle.java,26,557,0,0,0,0,0,0,0,0,0,0,0,0,0,0,0,b2eb5dce5c57b65ecc2ced9fcca1ada23141c994f82a73f4e6f0611549abccd9
zombie/util/io/BitHeaderWrite.java,26,458,0,0,0,0,0,0,0,0,0,0,0,0,0,0,0,be6915c817d68134e45806b70d57718254884954717649cbe2ec7e950c897cdd
zombie/util/util/Display.java,26,867,0,2,0,0,0,0,0,0,0,0,0,0,0,0,0,86b40e3961c7ed730f5c079cce2a6385c5e76cba548fc0034a5f06f568f62247
zombie/asset/FileTask_Exists.java,25,686,0,0,0,0,0,0,0,0,0,0,0,0,0,0,0,858c5f10b094a4e5ac5581dd68ba69fb956d555eb3d419e4ddbfd122a401d009
zombie/audio/DummySoundBank.java,25,635,0,0,0,0,0,0,0,0,0,0,0,0,11,0,0,ff09bd903e483fb578c93c42a487f2e2cfad21173a8d853cbdc0001eaa828cc2
zombie/profanity/locales/LocaleGerman.java,25,780,0,0,0,0,0,0,0,0,0,0,0,0,0,0,0,8e15099be2812c028549091d9edc361bfa24047e7e30326a96ec2ca46e223189
zombie/randomizedWorld/randomizedBuilding/TableStories/RBTSSandwich.java,25,1276,0,0,0,0,0,0,0,0,0,0,0,0,0,0,0,f12e8d8fd95e2fac22f988aae411b956e3c9c9887a0c7834d06d78c0fc33b6d6
zombie/randomizedWorld/randomizedDeadSurvivor/RDSPrisonEscape.java,25,823,0,0,0,0,0,0,0,0,0,0,0,0,0,0,0,d2a93abe09bb17b6633d84d890c83dc1699ee01eb3542caeb1ab74fc4479a62e
zombie/core/Collections/UtilUnsafe.java,24,767,0,1,0,0,0,0,0,0,0,0,0,0,0,0,0,d78e61fe15dce040ac2dbd8b6acd67386e074c205696381728fd9a721b13c32b
zombie/core/secure/PZcrypt.java,24,738,0,5,0,0,0,0,0,0,0,0,0,0,0,0,0,f4718df971d756a20ffcac43f7e1f31215656cda1029d5201e193c2e984303bf
zombie/core/skinnedmodel/advancedanimation/IAnimationVariableMap.java,24,756,0,0,0,0,0,0,0,0,0,0,0,0,0,6,0,8cd39d7a4993d3542881f1d0abfa652ffb271eb6c250618851b5a6b44418fa5c
zombie/core/znet/ISteamWorkshopCallback.java,24,625,0,0,0,0,0,0,0,0,0,0,0,0,0,0,0,00cd7e68c650f5dce9645137b0313dead5ac3d79673596f50ae53833ceadca43
zombie/iso/IsoDirectionSet.java,24,670,0,1,0,0,0,0,0,0,0,0,0,0,0,0,0,46dac3df72b38c099a2629d53890be830deb472f11b3951520aa37991fb5dde1
javax/vecmath/Point2i.java,23,516,0,0,0,0,0,0,0,0,0,0,0,0,0,0,0,a5a329cb16bd39067a4169ffe01446ffc7906299aaac297e5d77bca2a4fa9b99
javax/vecmath/Point3i.java,23,532,0,0,0,0,0,0,0,0,0,0,0,0,0,0,0,70ae918eedd8fc3061cbb3e96488b83da2d5f72f14d1fd9131dfa24699466d6a
javax/vecmath/Point4i.java,23,547,0,0,0,0,0,0,0,0,0,0,0,0,0,0,0,9a4bd069df3de2c05546a0f5b8880eabcb35ba945c8184d489e3e3807c18cbf9
zombie/chat/ServerChatMessage.java,23,655,0,0,0,0,0,0,0,0,0,0,0,0,0,0,0,8bcc5b5e45edd0918cd1cfd25eb1bdfc6c88c6d261474e353dbf799ccd60cbd7
zombie/commands/CommandArgs.java,23,678,0,0,0,0,0,0,0,0,0,0,0,0,0,0,0,cbeb2909c9b3ab7b91d930560294ce2df2f350516d7e146a4c72bf920f3b6de1
zombie/core/skinnedmodel/visual/BaseVisual.java,23,750,0,0,0,0,0,0,0,0,0,2,0,0,0,0,0,9490013ca1932ed988a68b14b28bfcaca8235212706f2db64245ebf61a90268d
zombie/core/stash/StashContainer.java,23,655,0,0,0,0,0,0,0,0,0,0,0,0,0,0,0,2cec8c38ccfb7e138ca53513b6df9af1ba1d15c793103c4b564bcd5056f46c89
zombie/randomizedWorld/randomizedDeadSurvivor/RDSTinFoilHat.java,23,704,0,0,0,0,0,0,0,0,0,0,0,0,0,0,0,3c5e70e9b0848965f49a7b657d1b82ed3d6d2293a07b3b026a33b1840553b269
zombie/audio/parameters/ParameterVehicleEngineCondition.java,22,750,0,0,0,0,0,0,0,0,0,0,0,0,2,0,0,9715b5f851549a1dc6f74c98601f5dfc122f601511c21eb3ef7df190dc55f22e
zombie/characters/ILuaGameCharacterAttachedItems.java,22,667,0,0,0,0,0,0,0,0,0,0,0,0,0,0,0,af4ded1943b9c97f8d0e7a952f24f98c1bb539cc0d8257794a08f3257cd79df3
zombie/core/profiling/PerformanceProfileFrameProbe.java,22,579,0,0,0,0,0,0,0,0,0,0,0,0,0,0,0,0d93bb9813ae0d15858823bb5421f531a1ff9866df6dc7262cb1f04e00ed155b
zombie/core/utils/UpdateTimer.java,22,552,0,0,0,0,0,0,0,0,0,0,0,0,0,0,0,d5a4b8301b832ce766738ab32486e2df32a5492ef8622d6eb3346454ca02efbc
zombie/erosion/ErosionGlobals.java,22,664,0,3,0,0,0,0,0,0,0,0,0,0,0,0,0,9508900e565cb45790c0b7545c917726c6fbb27690812d830fcb87aea9f71e04
de/jarnbjo/vorbis/Residue0.java,21,717,0,0,0,0,0,0,0,0,0,0,0,0,0,0,0,14288c14d74be44dca34d2274095c226afef19aec1713f31b8ff1fe3f8ec1ff9
de/jarnbjo/vorbis/Residue1.java,21,717,0,0,0,0,0,0,0,0,0,0,0,0,0,0,0,40b8271161c2b053e9414ea2eaae102f252a5e44a52e073993ecf21ffd578da4
fmod/fmod/BaseSoundListener.java,21,491,0,0,0,0,0,0,0,0,0,0,0,0,4,0,0,aeb4efe5cb7455c83af9499659329b209696b563355c38336e9be63ca7470c13
org/lwjglx/LWJGLException.java,21,520,0,0,0,0,0,0,0,0,0,0,0,0,0,0,0,98885f5c91ba0f606c6f9f7962fe532fc0dffe6dcb59e9001a3a4c7de598bc53
zombie/audio/parameters/ParameterFireSize.java,21,496,0,0,0,0,0,0,0,0,0,0,0,0,2,0,0,4db1f0b4ddd0f8fb76949a6549eb1bdf481a78ea39b7518d18103eb763ff9a9e
zombie/radio/scripting/DynamicRadioChannel.java,21,570,0,0,0,0,0,0,0,0,0,0,0,0,0,0,0,f4267716a246b49187b3270e3a408dc7e96bc1213d438475b7dca08435ca820d
zombie/util/Type.java,21,677,0,3,0,0,0,0,0,0,0,0,0,0,0,0,0,5194536ca507d21b621592827e595dcdcaf99f7d5e2f2ea73a1d16d27dd9f63c
fmod/fmod/FMOD_STUDIO_PARAMETER_DESCRIPTION.java,20,678,0,0,0,0,0,0,0,0,0,0,0,0,8,0,0,733cf71f25cb66bc4d1e75c13af2c5bc474d854dbf15489809b5e08ff92923d7
zombie/inventory/types/ComboItem.java,20,629,0,0,0,0,0,0,0,0,0,0,0,0,0,0,0,18f940221ae28759fa0e22f9db4f5d8011621a1e08793ebeada75679ff3c8ae3
zombie/util/io/BitHeaderRead.java,20,375,0,0,0,0,0,0,0,0,0,0,0,0,0,0,0,a379af888544b6bfef1c622b191570d4aaf10ad44cba5d6522a71f0821f047c7
zombie/vehicles/EngineRPMData.java,20,528,0,0,0,0,0,0,0,0,0,0,0,0,0,0,0,09c724eaa2b90895b8ff7fc12c92410120cb8f056d740378210a5d3d4d2a67d5
de/jarnbjo/ogg/PhysicalOggStream.java,19,488,0,0,0,0,0,0,0,0,0,0,0,0,0,0,0,ccf39d5e498edd166af63cff675ea5d557659f86fe728cc213c908d7e4facee0
javax/vecmath/VecMathI18N.java,19,626,0,1,0,0,0,0,0,0,0,0,0,0,0,0,0,bbcadfaad1e83cdfbaf540daacf10a94351b9f488a30b01f1e3895d42162c88f
org/lwjglx/util/glu/Registry.java,19,745,0,2,0,0,0,0,0,0,0,0,0,0,0,0,0,05159a95f05cae8a02f50a511dcb77bfa4119c98677b7fcc9d222cb8ba212ce7
zombie/audio/parameters/ParameterVehicleBrake.java,19,588,0,0,0,0,0,0,0,0,0,0,0,0,2,0,0,63e1d921fe6d55df4f54e7641097d2f1a54214152c9fe78eff235876f1322810
zombie/audio/parameters/ParameterVehicleGear.java,19,561,0,0,0,0,0,0,0,0,0,0,0,0,2,0,0,89fbd86f810291f555ff2fe6067e43e0e38063416f0a82f7ffb5d3ddb06330b3
zombie/audio/parameters/ParameterVehicleLoad.java,19,583,0,0,0,0,0,0,0,0,0,1,0,0,2,0,0,dd5a5d4224f03b30ce2c9a5d1a099e7fedef6f4eeee86d260641b7e2f741a011
zombie/audio/parameters/ParameterVehicleSpeed.java,19,589,0,0,0,0,0,0,0,0,0,0,0,0,2,0,0,0f6b9727aff707d5ff2a115f2b3de2d384a4f6e322e8ab5e0e8f6d74b755c1c9
zombie/core/skinnedmodel/model/UInt4.java,19,419,0,0,0,0,0,0,0,0,0,0,0,0,0,0,0,7eea81bb7a76bdb892b7e22c815858ac50fe89aa866b665be1b418156538fc06
zombie/core/znet/SteamUser.java,19,569,0,3,0,0,0,0,0,0,0,0,0,0,0,0,0,dea4540478eb06e376c32b6c339499cd71ae98d203bb6be6d65d23599b651758
zombie/erosion/ErosionClient.java,19,532,0,2,0,0,0,0,0,0,0,0,0,0,0,0,0,cd5f6a6f1f85a42122684c749a1c09821a543ca756db6436aa45970c4786427c
zombie/iso/areas/isoregion/jobs/JobApplyChanges.java,19,468,0,0,0,0,0,0,0,0,0,0,0,0,0,0,0,ca9311ca896f36b3ff89fc0abe3f559e30ab9d0290d5daddaf92eea912cb2f56
zombie/util/lambda/ReturnValueContainer.java,19,589,0,1,0,0,0,0,0,0,0,0,0,0,0,0,0,f5619cb29e3d1d87cd576f4abede0d8e837e3efec3cb2f107bf1fe9a7d7cbdfb
com/sixlegs/png/Destination.java,18,535,0,0,0,0,0,0,0,0,0,0,0,0,0,0,0,4ac1680abdef42fc670c658bc9649e06cbd11c6034ef5b68ceba6a7d32161221
fmod/SWIGTYPE_p_FMOD_3D_ROLLOFF_CALLBACK.java,18,627,0,1,0,0,0,0,0,0,0,0,0,0,8,0,0,050607e6adb3e68dad2b3120d4023a6d83aa88e26f629ede0916f5e932b0e2cc
fmod/SWIGTYPE_p_FMOD_ADVANCEDSETTINGS.java,18,606,0,1,0,0,0,0,0,0,0,0,0,0,8,0,0,4c6f7abf68cc6a8054d463f3ca28824c20ec7e1a39362608a59c1d22b8fa4746
fmod/SWIGTYPE_p_FMOD_BOOL.java,18,522,0,1,0,0,0,0,0,0,0,0,0,0,8,0,0,dd58834c59a503234d751148ba0e85067e9087de551ee7698b788ad12ddb9735
fmod/SWIGTYPE_p_FMOD_CHANNEL.java,18,543,0,1,0,0,0,0,0,0,0,0,0,0,8,0,0,c29a2ec695f758012b7d1bb5cd34dd79da895c843db6406c9f111adebbaff7ed
fmod/SWIGTYPE_p_FMOD_CHANNELCONTROL_CALLBACK.java,18,655,0,1,0,0,0,0,0,0,0,0,0,0,8,0,0,0fe546e5502f2af9e8402c052879ad8771df1ce9d09c86eb264c31f221b8eb96
fmod/SWIGTYPE_p_FMOD_CHANNELGROUP.java,18,578,0,1,0,0,0,0,0,0,0,0,0,0,8,0,0,689c47b9416ab34aad23e28d2dff0586c1f7cfbb1038e9f715a086e32aba155c
fmod/SWIGTYPE_p_FMOD_CHANNELMASK.java,18,571,0,1,0,0,0,0,0,0,0,0,0,0,8,0,0,f4aa3ce2d111eb8dc7fa368772d847fdc1239933c109232fe5115c9f0e248ac6
fmod/SWIGTYPE_p_FMOD_CODEC_DESCRIPTION.java,18,613,0,1,0,0,0,0,0,0,0,0,0,0,8,0,0,cd976660cc46546364c701574942583e071603a508f3f66c050dfcc579dc7d05
fmod/SWIGTYPE_p_FMOD_CREATESOUNDEXINFO.java,18,613,0,1,0,0,0,0,0,0,0,0,0,0,15,0,0,8661dab284b7fc308f6b2a9f7452dd39a9ee533c6cf1c552518b31e2a84efccd
fmod/SWIGTYPE_p_FMOD_DEBUG_CALLBACK.java,18,592,0,1,0,0,0,0,0,0,0,0,0,0,8,0,0,995114326de806a60a9baeda05f06550ada9c112f385ac89b512015f4cd9c3cb
fmod/SWIGTYPE_p_FMOD_DEBUG_FLAGS.java,18,571,0,1,0,0,0,0,0,0,0,0,0,0,8,0,0,7023c3d526cbed1b1f0d6c077892782ca38af0cf60528ae73376a96da49d9df6
fmod/SWIGTYPE_p_FMOD_DEBUG_MODE.java,18,564,0,1,0,0,0,0,0,0,0,0,0,0,8,0,0,d2a16a34ada4735877daff3574f7446a7fba56334de9fc24418f7bb0095665ee
fmod/SWIGTYPE_p_FMOD_DSP.java,18,515,0,1,0,0,0,0,0,0,0,0,0,0,8,0,0,1366b82d0fa5afc8f6706be515b551bb170f121e0481d0273009f374299fd0ec
fmod/SWIGTYPE_p_FMOD_DSPCONNECTION.java,18,585,0,1,0,0,0,0,0,0,0,0,0,0,8,0,0,a85d7e8a20c2767dcb1f87a6fff65173cc05d4d5aafc2176b8bce07afa828307
fmod/SWIGTYPE_p_FMOD_DSPCONNECTION_TYPE.java,18,620,0,1,0,0,0,0,0,0,0,0,0,0,8,0,0,9e4b603cdc4221cef8a246befe09dac4e4b990c3fcc3ba3b2f4942533e8da1fe
fmod/SWIGTYPE_p_FMOD_DSP_DESCRIPTION.java,18,599,0,1,0,0,0,0,0,0,0,0,0,0,8,0,0,25651dfa924195aea5030c59fd89d33624a55c441bdf8193e1557c56b533260c
fmod/SWIGTYPE_p_FMOD_DSP_METERING_INFO.java,18,613,0,1,0,0,0,0,0,0,0,0,0,0,8,0,0,42febf6d977a8c8f9f67062f74980bd1b03a21078ceb11cfa56740539850f0ce
fmod/SWIGTYPE_p_FMOD_DSP_TYPE.java,18,550,0,1,0,0,0,0,0,0,0,0,0,0,8,0,0,bc129861711e03c519d2529400218325064784f6c4d894aecc9447ea3d6552a3
fmod/SWIGTYPE_p_FMOD_FILE_ASYNCCANCEL_CALLBACK.java,18,669,0,1,0,0,0,0,0,0,0,0,0,0,8,0,0,1ecc2d15da4de7e705a1ad136de1bd35287b40b0c0c49b9bd762facd44f9461d
fmod/SWIGTYPE_p_FMOD_FILE_ASYNCREAD_CALLBACK.java,18,655,0,1,0,0,0,0,0,0,0,0,0,0,8,0,0,938db60d4c96473390f76236a439de69ed3b4fe26bc2dcdff7730332809cb8af
fmod/SWIGTYPE_p_FMOD_FILE_CLOSE_CALLBACK.java,18,627,0,1,0,0,0,0,0,0,0,0,0,0,8,0,0,1d90770e491426fbd2873f7fbbd2f9ea0814cd7ba94fa0a4083f7000bd644f3c
fmod/SWIGTYPE_p_FMOD_FILE_OPEN_CALLBACK.java,18,620,0,1,0,0,0,0,0,0,0,0,0,0,8,0,0,cd33e5e9e976202683ad533d522fc6612aa912ca23ee8090f91e99e4e101d42e
fmod/SWIGTYPE_p_FMOD_FILE_READ_CALLBACK.java,18,620,0,1,0,0,0,0,0,0,0,0,0,0,8,0,0,4c61295c9cf8c6d777400043ce2720d1733f4b861eb9fd43db3f806c56db0b8f
fmod/SWIGTYPE_p_FMOD_FILE_SEEK_CALLBACK.java,18,620,0,1,0,0,0,0,0,0,0,0,0,0,8,0,0,81c15c04c2ae0edb7c838cc4ffefa7f5727279e04545a104b83a0ee8950b9aed
fmod/SWIGTYPE_p_FMOD_GEOMETRY.java,18,550,0,1,0,0,0,0,0,0,0,0,0,0,8,0,0,9801da8e5929893a8b6d59c7d7557ed727f6a0e99848a8a440311b63961502a4
fmod/SWIGTYPE_p_FMOD_GUID.java,18,522,0,1,0,0,0,0,0,0,0,0,0,0,8,0,0,adb09efb6f024e8fa28443ecbd2b6122c7b52984c21c74aefc3e2bf6d2fb1b17
fmod/SWIGTYPE_p_FMOD_INITFLAGS.java,18,557,0,1,0,0,0,0,0,0,0,0,0,0,8,0,0,f62082bacf991e8c71b9cd8238df246e05467015b3aaa4c09c82f71e9615a1a2
fmod/SWIGTYPE_p_FMOD_MEMORY_ALLOC_CALLBACK.java,18,641,0,1,0,0,0,0,0,0,0,0,0,0,8,0,0,41539f35513b39e15c4812bd9e3d408484ce10b295a0874638137a5ded37c58c
fmod/SWIGTYPE_p_FMOD_MEMORY_FREE_CALLBACK.java,18,634,0,1,0,0,0,0,0,0,0,0,0,0,8,0,0,80d93ddc833b8795709cdddb75e02d6451ff6c4089de29d73ec33fbdaeaae3c5
fmod/SWIGTYPE_p_FMOD_MEMORY_REALLOC_CALLBACK.java,18,655,0,1,0,0,0,0,0,0,0,0,0,0,8,0,0,0c88aea23bc48a6b62c144746ff228f112edb4a53b47866cb5c1a53b2e077e27
fmod/SWIGTYPE_p_FMOD_MEMORY_TYPE.java,18,571,0,1,0,0,0,0,0,0,0,0,0,0,8,0,0,46fbdd10ff62f037870ca2071e47ff68c46d758ecca37a69fbfada7c013036c2
fmod/SWIGTYPE_p_FMOD_MODE.java,18,522,0,1,0,0,0,0,0,0,0,0,0,0,8,0,0,d1450d63741e80a3683b8300e2085d31d0dea285a75addd7ba45e782360bece7
fmod/SWIGTYPE_p_FMOD_OPENSTATE.java,18,557,0,1,0,0,0,0,0,0,0,0,0,0,8,0,0,355cdd04f31ecc0510eb7b42ad95d843104d082a4466a795100a93491314bfdb
fmod/SWIGTYPE_p_FMOD_OUTPUTTYPE.java,18,564,0,1,0,0,0,0,0,0,0,0,0,0,8,0,0,5feeb98e88c8fb050a33dc98bd6bbe5946612ab2268a59c40de8d64bde7279ed
fmod/SWIGTYPE_p_FMOD_PLUGINTYPE.java,18,564,0,1,0,0,0,0,0,0,0,0,0,0,8,0,0,ff2a165bb1bd408563e0e727b07fbb0f7d325de0dc58fe53e01d25bd79424baa
fmod/SWIGTYPE_p_FMOD_PORT_INDEX.java,18,564,0,1,0,0,0,0,0,0,0,0,0,0,8,0,0,1c853ca9bc5530c7e9f48ffc5220ac94aed4fedab8ea213eeb08819ec2d301d8
fmod/SWIGTYPE_p_FMOD_PORT_TYPE.java,18,557,0,1,0,0,0,0,0,0,0,0,0,0,8,0,0,f2e4316d6a5dc6ff1be5aab9b92bd289e51bc5a5dfdd4ada7e85cb1f37770bc6
fmod/SWIGTYPE_p_FMOD_RESULT.java,18,536,0,1,0,0,0,0,0,0,0,0,0,0,8,0,0,250d2d3f1749256aa0322a33c0c1840a8d8e5b14eae7639e03ed70446b38ceb4
fmod/SWIGTYPE_p_FMOD_REVERB3D.java,18,550,0,1,0,0,0,0,0,0,0,0,0,0,8,0,0,3e421de63d01f99992f2970873fce51ba30cc6e6b305947ed826666aece3736c
fmod/SWIGTYPE_p_FMOD_REVERB_PROPERTIES.java,18,613,0,1,0,0,0,0,0,0,0,0,0,0,8,0,0,5a409d211d423bb5a337835ed41faafb5ab6d9052236f75a399b53c3dca1acf7
fmod/SWIGTYPE_p_FMOD_SOUND.java,18,529,0,1,0,0,0,0,0,0,0,0,0,0,15,0,0,328a6e5e6518837b93960d489823b5e2a9e44456ebf36c9f2381622c6ab98537
fmod/SWIGTYPE_p_FMOD_SOUNDGROUP.java,18,564,0,1,0,0,0,0,0,0,0,0,0,0,15,0,0,5f6ae74ee9e8a2d538c4449e196f9226004d240775be1164c118082ca07a2514
fmod/SWIGTYPE_p_FMOD_SOUNDGROUP_BEHAVIOR.java,18,627,0,1,0,0,0,0,0,0,0,0,0,0,15,0,0,4ce2e69d1c9aff1c25277790b69db563cd61e439a8acdc6894e3e25f55e48232
fmod/SWIGTYPE_p_FMOD_SOUND_FORMAT.java,18,578,0,1,0,0,0,0,0,0,0,0,0,0,15,0,0,f17b7c1a3365566c9e4bfc336a35e3232c4efddcdcdd08eecd8dd1154b25e2e0
fmod/SWIGTYPE_p_FMOD_SOUND_TYPE.java,18,564,0,1,0,0,0,0,0,0,0,0,0,0,15,0,0,e4fd1a15cf140e2873cf3d31666caa77417dc6e76d12d454d265c6c1c1baf8fc
fmod/SWIGTYPE_p_FMOD_SPEAKER.java,18,543,0,1,0,0,0,0,0,0,0,0,0,0,8,0,0,0f089cf61b16a70a141e91a887e72ab69947f341c6facf286ddd91d626f6ddf2
fmod/SWIGTYPE_p_FMOD_SPEAKERMODE.java,18,571,0,1,0,0,0,0,0,0,0,0,0,0,8,0,0,06fcbdc79217b5df9bf3ee922a47eb2110ea5f7bc278adbb2eefca0c21aec1a9
fmod/SWIGTYPE_p_FMOD_SYNCPOINT.java,18,557,0,1,0,0,0,0,0,0,0,0,0,0,8,0,0,3ad26476eea16fb3f63067466213182d7995d64604e9332336a2ad5db63a92eb
fmod/SWIGTYPE_p_FMOD_SYSTEM.java,18,536,0,1,0,0,0,0,0,0,0,0,0,0,8,0,0,fb46ab386379fe5f0d4ceed6d789becc91072157d7afc0f4e9cb613b71db27ec
fmod/SWIGTYPE_p_FMOD_SYSTEM_CALLBACK.java,18,599,0,1,0,0,0,0,0,0,0,0,0,0,8,0,0,0f212542daf886276ec2375876fdc7ea12df1fe66f249e5d35845f1663669b9c
fmod/SWIGTYPE_p_FMOD_SYSTEM_CALLBACK_TYPE.java,18,634,0,1,0,0,0,0,0,0,0,0,0,0,8,0,0,884ab98bd574fa0e590244faa6c3b708935f60e6ad3bd75c03dff4f5074ed681
fmod/SWIGTYPE_p_FMOD_TAG.java,18,515,0,1,0,0,0,0,0,0,0,0,0,0,8,0,0,00ff0be97f0a7f2995db08376c4a1f44a4acea15f8d83358e6e460a386a6ffd6
fmod/SWIGTYPE_p_FMOD_TIMEUNIT.java,18,550,0,1,0,0,0,0,0,0,0,0,0,0,8,0,0,48f3a6a7ad14f15d441510bd858642f78b6fb83de1e8ce8f486c7c87d7c2a22a
fmod/SWIGTYPE_p_FMOD_VECTOR.java,18,536,0,1,0,0,0,0,0,0,0,0,0,0,8,0,0,8c222c90c68358a0be65fa876c7afee79b1ef5583d8cf3726710de30d087e220
fmod/SWIGTYPE_p_float.java,18,494,0,1,0,0,0,0,0,0,0,0,0,0,1,0,0,d25978f6766f54cfe3f4de2c1b91b0084098fd5a1bb21a6cd0ba3a4c7d3f6ddb
fmod/SWIGTYPE_p_int.java,18,480,0,1,0,0,0,0,0,0,0,0,0,0,1,0,0,a51081cef170a28fd4ae6a9cbbc2c3b370d5dd9645bdc08c32cebf912d5ee6ab
fmod/SWIGTYPE_p_p_FMOD_CHANNEL.java,18,557,0,1,0,0,0,0,0,0,0,0,0,0,8,0,0,f436474cedd7beff0f85b0561b08499ef58c6532de4c99f98474a5d73a30df38
fmod/SWIGTYPE_p_p_FMOD_CHANNELGROUP.java,18,592,0,1,0,0,0,0,0,0,0,0,0,0,8,0,0,548738fa314b9ec999ca1bed372e7d6820f2e0843731485c68bff705f7f964bb
fmod/SWIGTYPE_p_p_FMOD_DSP.java,18,529,0,1,0,0,0,0,0,0,0,0,0,0,8,0,0,979205b8dcbc8e194f561f2d73878338307d019ff4135e77427bf3a4e41a278e
fmod/SWIGTYPE_p_p_FMOD_DSPCONNECTION.java,18,599,0,1,0,0,0,0,0,0,0,0,0,0,8,0,0,aa508d0443e68bb129e7032fb9c4a52e0ab2fb4b6f38b079e8e0a39ff489087d
fmod/SWIGTYPE_p_p_FMOD_DSP_DESCRIPTION.java,18,613,0,1,0,0,0,0,0,0,0,0,0,0,8,0,0,30cc011e44032af0d892d0966049bc2155230d8fed5f14817c6f7bc177a65fc6
fmod/SWIGTYPE_p_p_FMOD_DSP_PARAMETER_DESC.java,18,634,0,1,0,0,0,0,0,0,0,0,0,0,8,0,0,14ff7be16697a8cacbbf820d0fbadf6fb28ccfba858b025c886f6fb818dcdbd6
fmod/SWIGTYPE_p_p_FMOD_GEOMETRY.java,18,564,0,1,0,0,0,0,0,0,0,0,0,0,8,0,0,ecf57291368cd8fd99df6b4f3c3044b9aa0ab14b16897595c652631f41f1f1d7
fmod/SWIGTYPE_p_p_FMOD_REVERB3D.java,18,564,0,1,0,0,0,0,0,0,0,0,0,0,8,0,0,b5dfdd04adc991a8044bb2e7e1177991d0276643f918e70fa233594e2f5d5285
fmod/SWIGTYPE_p_p_FMOD_SOUND.java,18,543,0,1,0,0,0,0,0,0,0,0,0,0,15,0,0,c8991fff872f4fc74ac6cfb3c030b2dcfafcdff0416a7f5d6e49ea3b0f6d0f8f
fmod/SWIGTYPE_p_p_FMOD_SOUNDGROUP.java,18,578,0,1,0,0,0,0,0,0,0,0,0,0,15,0,0,8a44b9a0b0016aca58712bba52aab5eaff97ec7dbe3fc8d8510284874670486b
fmod/SWIGTYPE_p_p_FMOD_SYNCPOINT.java,18,571,0,1,0,0,0,0,0,0,0,0,0,0,8,0,0,29bd69efb5673c51f80bbe15eaa7cd939ae3b038063a2a77c9cbc02dc122f32e
fmod/SWIGTYPE_p_p_FMOD_SYSTEM.java,18,541,0,1,0,0,0,0,0,0,0,0,0,0,8,0,0,804cdc855ead715891a947e4f19263d7823bc3f523ae088875a335d092f00200
fmod/SWIGTYPE_p_p_FMOD_VECTOR.java,18,550,0,1,0,0,0,0,0,0,0,0,0,0,8,0,0,7a0557c448d10990b1c66ce74cb9c10d75e7b99fbb399e8e8e9cc7da99796527
fmod/SWIGTYPE_p_p_void.java,18,501,0,1,0,0,0,0,0,0,0,0,0,0,1,0,0,7c9951f5e00da5e2bd1b4aa15328a02c54af453d9ed3e7c0dc990054abd96d15
fmod/SWIGTYPE_p_unsigned_int.java,18,543,0,1,0,0,0,0,0,0,0,0,0,0,1,0,0,0ac1cb260ef282c0051d98a1c0944894a94e16acd857133064b93b6c543b4343
fmod/SWIGTYPE_p_unsigned_long_long.java,18,585,0,1,0,0,0,0,0,0,0,0,0,0,1,0,0,950cf4f322e8dac4c1138231fa218a1648bc8fa083e8b1cc82f60150f2963e61
fmod/SWIGTYPE_p_void.java,18,487,0,1,0,0,0,0,0,0,0,0,0,0,1,0,0,2e9632e6f2ae25913628faf2d0e81753ce124c8c1a10b44a3b0be59ca4034f5e
fmod/fmod/Audio.java,18,315,0,0,0,0,0,0,0,0,0,0,0,0,2,0,0,e0f8aa03eb72b32f242bd8e41bfb7c8c3f80c9a7c36bbb961a822575d0a7df0e
org/lwjglx/Sys.java,18,435,0,3,0,0,0,0,0,0,0,0,0,0,0,0,0,263233a93d46e2f01a4217c6a1cfbef5faa209bf033e9a35a6ccd8fd8d8a5b4e
org/lwjglx/util/glu/tessellation/GLUhalfEdge.java,18,495,0,0,0,0,0,0,0,0,0,0,0,0,0,0,0,0aa9f32a9fb25fc422a94ce256e17981aebf474c1d6b404348b973133b00fc3a
zombie/BitMatrix.java,18,651,0,2,0,0,0,0,0,0,0,0,0,0,0,0,0,dbae5cbd6bb9251b9a51d7cf5858a5b2544bbef7a14dc630ea4600465cca6d09
zombie/core/skinnedmodel/animation/AnimTrackSampler.java,18,419,0,0,0,0,0,0,0,0,0,0,0,0,0,2,0,20b919aa4b631658e6722513f44f39ea5c5829b90b2d088d66ea7ec6edf36eff
zombie/core/skinnedmodel/model/jassimp/ImportedSkeletonParams.java,18,655,0,1,0,0,0,0,0,0,0,0,0,0,0,0,0,6637fd654c0f1da904d8d59325dd1f1a02d00cccbeeb54002ce7b23318134eb6
zombie/core/stash/StashBuilding.java,18,509,0,0,0,0,0,0,0,0,0,0,0,0,0,0,0,58f9c98f590a175b85cd8b96f8cf5eddb46fa95a1ed5a8577e83eb22093996d5
zombie/util/list/IntListIterator.java,18,362,0,0,0,0,0,0,0,0,0,0,0,0,0,0,0,541c1aacd362f36f247ac6a89e8668b3600b488693194b2f84da8e61cf4ce997
fmod/fmod/FMOD_STUDIO_PLAYBACK_STATE.java,17,495,0,0,0,0,0,0,0,0,0,0,0,0,10,0,0,fa70bdddc50b3660da084e63e92b3798f7dc3ce938f9bb788cd34aa62079eb72
zombie/audio/BaseSoundBank.java,17,574,0,1,0,0,0,0,0,0,0,0,0,0,11,0,0,6820f58bb01aac1a62f14f244a380f60db6bedb9237d692f2ea3be6dcd5aaf68
zombie/audio/parameters/ParameterWaterSupply.java,17,543,0,0,0,0,0,0,0,0,0,0,0,0,2,0,0,371c2f88e42d0f14601ac6fb35e3a25c416b1435b3ebf624ebc5bf2f4d6b8aee
zombie/audio/parameters/ParameterWindIntensity.java,17,553,0,0,0,0,0,0,0,0,0,0,0,0,2,0,0,257632b3bffa1a0b88937feac490752c3771818f40f2de6132b6d68321f56bd9
zombie/config/EnumConfigOption.java,17,454,0,0,0,0,0,0,0,0,0,0,0,0,0,0,0,3c832b9a7f5f52d7da35b81ff16388e39db60048e7637c9b379e9de091c3d0ef
zombie/core/opengl/ParticleModelCamera.java,17,478,0,0,0,0,0,0,0,0,0,0,0,0,0,0,0,57adc822cab9a0de27365ae172911825d64406e438b309baaffe0c4255cffab8
zombie/core/skinnedmodel/advancedanimation/Anim2DBlend.java,17,510,0,0,0,0,0,0,0,0,0,0,0,0,0,3,0,2623d08a5385d51752c2ee40e883ebf378f30a963ca7cf0b9d3c95fc4ed31f89
zombie/core/skinnedmodel/advancedanimation/AnimBoneWeight.java,17,499,0,0,0,0,0,0,0,0,0,0,0,0,0,4,0,f137357ad109eecf5dbe59124f7bf76d2ff9fdf5f92289656254bd44b0e0b808
zombie/core/skinnedmodel/animation/IAnimListener.java,17,481,0,0,0,0,0,0,0,0,0,0,0,0,0,11,0,658b2bb26b852e168de0c32b74215054dc376ebd91995286ac7bb83426fa2676
zombie/core/skinnedmodel/animation/TwistableBoneTransform.java,17,547,0,1,0,0,0,0,0,0,0,0,0,0,0,1,0,5d6277c3c4872832710628693aa894f09bbff37497b5e856bff09d916182c35f
zombie/core/skinnedmodel/model/Vbo.java,17,459,0,0,0,0,0,0,0,0,0,0,0,0,0,0,0,64c99944034aedff60f674dd7582ea4aeebdefdf545c21c5b730efa5d400a371
zombie/iso/areas/isoregion/jobs/RegionJob.java,17,421,0,0,0,0,0,0,0,0,0,0,0,0,0,0,0,e0960b4fb8a5222da01bb8e5a9c088812d7c459e1a39a8699a18387d93657fe1
zombie/util/hash/DefaultIntHashFunction.java,17,493,0,0,0,0,0,0,0,0,0,0,0,0,0,0,0,02fa5cb73523c404df9f7dad27ab3d953589fec0ad48ceb8633f1880b65a6c40
fmod/fmod/IFMODParameterUpdater.java,16,490,0,0,0,0,0,0,0,0,0,0,0,0,10,0,0,824f56600b348737cceaeb476c5f1c04bd0012c8c5ac6cc0886a2d1daae11fe1
zombie/audio/parameters/ParameterFogIntensity.java,16,491,0,0,0,0,0,0,0,0,0,0,0,0,2,0,0,c117f82bc2a4089f11dc2ad6dbdfb536548d17ad6cd9157a67ded7e33ef739b0
zombie/audio/parameters/ParameterRainIntensity.java,16,554,0,0,0,0,0,0,0,0,0,0,0,0,2,0,0,b031dcd7ecbe2b405d53d8ca8834122d5ae3b797ad0624169c7cf02e962a4ece
zombie/audio/parameters/ParameterSnowIntensity.java,16,554,0,0,0,0,0,0,0,0,0,0,0,0,2,0,0,61aed40bf4da2dbe0f0bb34ca63e0b4d089a74a2c99d5f414bfb477f9241c24c
zombie/audio/parameters/ParameterTemperature.java,16,512,0,0,0,0,0,0,0,0,0,0,0,0,2,0,0,4b48d88f749b7394bdd4d4fa3c4fda32699f564f8a68732e4b397f8b822e7958
zombie/core/znet/IServerBrowserCallback.java,16,456,0,0,0,0,0,0,0,0,0,0,0,0,0,0,0,4dfaef290535721146d98473788e1c9be30e5b1a1ef518e0eca72490a8698202
zombie/iso/areas/BuildingScore.java,16,430,0,0,0,0,0,0,0,0,0,0,0,0,0,0,0,b49eb4ba2f7f1bcd764302286e6863fce92fbafc22e061d4d5ad7a0556607756
zombie/radio/devices/DeviceDataNetTypes.java,16,720,0,0,0,0,0,0,0,0,0,0,0,0,0,0,0,dfa29c19810b8890f202d75f1db048251976842fcbe09e2c1f358784bec91a0a
zombie/randomizedWorld/randomizedDeadSurvivor/RandomizedDeadSurvivorBase.java,16,585,0,0,0,0,0,0,0,0,0,0,0,0,0,0,0,b185e2632848ddd6bebac6575cd2c71db602a28488d016a4e60aa5c72d27fcd3
zombie/util/list/FloatConsumer.java,16,452,0,0,0,0,0,0,0,0,0,0,0,0,0,0,0,5a874551580566fe930e904d1fa9a32d92765fb0dbf97784a56ba709deda2d83
com/jcraft/jorbis/PsyLook.java,15,344,0,0,0,0,0,0,0,0,0,0,0,0,0,0,0,8d2ece8f61f953978e2a6e025464cb9e44c2eaa1bf5df2a21bfb27e4bff6b702
fmod/fmod/FMOD_STUDIO_PARAMETER_FLAGS.java,15,429,0,0,0,0,0,0,0,0,0,0,0,0,8,0,0,dfedaa029b2214d5ccf3ca0b990ec6d0eb082ea1072d637c1f93ea0e32487f6c
javax/vecmath/VecMathUtil.java,15,427,0,2,0,0,0,0,0,0,0,0,0,0,0,0,0,62a5ae016a5a3c9df8e79a03567e0b6a00cdd37f5fac0e2654c003d9338ed017
zombie/asset/AssetType.java,15,443,0,0,0,0,0,0,0,0,0,0,0,0,0,0,0,3cd9d9e820ff27430e299f551ba7cb8a6fd3b596a4d549140a708c72dc44dde1
zombie/characters/AnimStateTriggerXmlFile.java,15,453,0,0,0,0,0,0,0,0,0,0,0,0,0,3,0,0b71a082de99840e3800e7cd61612e334dc668eb6cc1dedfa6472b7fb98b94bd
zombie/commands/CommandHelp.java,15,454,0,0,0,0,0,0,0,0,0,0,0,0,0,0,0,668b4a952659f714ded9feec6f2c91978b18b4caa896448179a5061e73eec3b1
zombie/commands/CommandName.java,15,476,0,0,0,0,0,0,0,0,0,0,0,0,0,0,0,1340039762a3ca9cd1e2f25d3ca110d0ec2d77d4cf787b83aac9742e04e87006
zombie/core/skinnedmodel/ModelCamera.java,15,485,0,1,0,0,0,0,0,0,0,0,0,0,0,0,0,0b39696bcb3dfa1daa9be51b395541040084196897eb7a1adfd1a02a78232265
zombie/core/skinnedmodel/advancedanimation/AnimationVariableSlot.java,15,453,0,0,0,0,0,0,0,0,0,0,0,0,0,4,0,1c174910a60fc46f5854b976c2432fa57bfbebff23c612dcde3593fad4d86b4b
zombie/core/skinnedmodel/model/SoftwareModelMeshInstance.java,15,556,0,0,0,0,0,0,0,0,0,0,0,0,0,0,0,41a3d2a8750fb75906556dc4c556dfa46070f07e693eb7434649a8c0a9f47594
com/sixlegs/png/SuggestedPalette.java,14,317,0,0,0,0,0,0,0,0,0,0,0,0,0,0,0,e28e2bc39fb9a523f880b92515f302e3138321bd324ef3000ebaea4ece2dad82
fmod/fmod/FMOD_GUID.java,14,318,0,0,0,0,0,0,0,0,0,0,0,0,4,0,0,86fb10a7fc80f87c9c8e4aa62bb62e5f39da0e5b4e73420abdcab8fa4a1a4960
fmod/fmod/FMOD_STUDIO_PARAMETER_ID.java,14,354,0,0,0,0,0,0,0,0,0,0,0,0,4,0,0,620e08fa4528c9e8c93df94af4b7c362a466ea49c428d7b6b8cdadb51ab342a8
org/joml/RoundingMode.java,14,433,0,0,0,0,0,0,0,0,0,0,0,0,0,0,0,febb9e5eab7846af018d4f9997b4cb9753343239723a5299883f29f598519185
zombie/asset/AssetTask.java,14,330,0,0,0,0,0,0,0,0,0,0,0,0,0,0,0,b28d3020303524f8cede3d8ad79edfea8e3372ce8751b1c09fb3a01cd0009b86
zombie/core/bucket/BucketManager.java,14,362,0,2,0,0,0,0,0,0,0,0,0,0,0,0,0,3762222995ce11fe94041ad1891782b184b615d2c3bdd37ed203fdb501910202
zombie/core/skinnedmodel/visual/IHumanVisual.java,14,337,0,0,0,0,0,0,0,0,0,0,0,0,0,0,0,faad76ac4cbc14cab346b916fd9c7b9924aeea0b7522661bc615faeb1c4674f9
zombie/debug/options/Weather.java,14,557,0,0,0,0,0,0,0,0,0,0,0,0,0,0,0,6c1463ffa992f1aba5323619791a6ee9b445c557c95967f1dedfbf9c16a74805
zombie/interfaces/IDestroyable.java,14,315,0,0,0,0,0,0,0,0,0,0,0,0,0,0,0,e26e4bcb498370747a1f5a599444aa8f9d43a6c84cc711bcdf94ff69e0724c00
zombie/util/map/IntKeyMapIterator.java,14,266,0,0,0,0,0,0,0,0,0,0,0,0,0,0,0,23199369d7380b4843862bebb95fcc0fd31c9847519acdea6623d4ddc3be3816
com/jcraft/jorbis/JOrbisException.java,13,356,0,0,0,0,0,0,0,0,0,0,0,0,0,0,0,2ef875e45728f9a74878dcf0c05ac53990cd429fb5bf78a7806231596c5eb158
de/jarnbjo/ogg/OggFormatException.java,13,326,0,0,0,0,0,0,0,0,0,0,0,0,0,0,0,263a164bdea9c23ba383b9f30afe74a0b7d8a2763e69c9bbce775af11ac4b4e7
de/jarnbjo/vorbis/VorbisFormatException.java,13,338,0,0,0,0,0,0,0,0,0,0,0,0,0,0,0,30dc30ef7c8189aa7eeb2838821d5e2c7faef7dc59f3ee9e28e5290448ca9497
fmod/fmod/FMOD_STUDIO_EVENT_CALLBACK.java,13,324,0,0,0,0,0,0,0,0,0,0,0,0,3,0,0,27ef49529e48edd66eb819aecf7d3e3d5d16a809400b088839f998b77c508437
org/lwjglx/util/glu/tessellation/GLUvertex.java,13,382,0,0,0,0,0,0,0,0,0,0,0,0,0,0,0,362dc3c92bc33ab6fce542fc84e5a111b41362d9d49b10a205d336f8587b5c7c
zombie/ai/AIBrainPlayerControlVars.java,13,405,0,0,0,0,0,0,0,0,0,0,0,0,0,0,0,b3c4d8655ee8f174e11b8b1f36133836f420a57f859da4bbc72bb8027eaf8fc7
zombie/characters/ILuaVariableSource.java,13,400,0,0,0,0,0,0,0,0,0,0,0,0,0,0,0,1bef831ba1702f3658b9c4a95d8302f2a0306758aa8b079f3720b9218adadf6a
zombie/commands/AltCommandArgs.java,13,415,0,0,0,0,0,0,0,0,0,0,0,0,0,0,0,ec57b2205bc16216b47c027cec2f7ea5b8f0be26b566f49f2f866bf6ccdcf5d8
zombie/commands/CommandNames.java,13,413,0,0,0,0,0,0,0,0,0,0,0,0,0,0,0,73d0366f08cefd11b5355ddcb33d29d18bd1232b72d133f09b8ba47749e49bc2
zombie/commands/RequiredRight.java,13,413,0,0,0,0,0,0,0,0,0,0,0,0,0,0,0,1861ac85ab0a2e88099ef30a9f52faa2c218949f39b9d4aff146e7ad5a4187f8
zombie/commands/serverCommands/ArgType.java,13,681,0,0,0,0,0,0,0,0,0,0,0,0,0,0,0,5b9949d731e6777282fe0d9b620727fb6c09bf2b60c215f2b174784b073f6de6
zombie/iso/weather/ClimateHistory.java,13,316,0,0,0,0,0,0,0,0,0,0,0,0,0,0,0,ce5723aefdbc8c4ee61e109443b46a5cb46aee4eabb57c8bfe9ee08ceef16652
zombie/scripting/objects/BaseScriptObject.java,13,338,0,0,0,0,0,0,0,0,0,1,0,0,0,0,0,8b81ea408e63a5c4cc414578df9e2261651357387780934525fcc37622f01999
zombie/util/PooledObjectArrayObject.java,13,406,0,0,0,0,0,0,0,0,0,0,0,0,0,0,0,52594d2d8d17f98e61634835f7570bd83d361014465f85065ac00f98ece0c14f
fmod/fmod/DummySoundListener.java,12,296,0,0,0,0,0,0,0,0,0,0,0,0,5,0,0,2fc5395eef50d13ec4165629e9360736579afba2e7949754821fbc236caef1f1
fmod/fmod/FMODVoice.java,12,310,0,0,0,0,0,0,0,0,0,0,0,0,6,0,0,c85fef8613d38a8b7d583c4edc12b785808491306832107f056352cd0c336c86
org/lwjglx/util/glu/tessellation/ActiveRegion.java,12,317,0,0,0,0,0,0,0,0,0,0,0,0,0,0,0,c7b9edb57818c84f8a97aef764f73f5f287b67b37dcb00b22400e371c4fdfc3a
org/lwjglx/util/glu/tessellation/GLUface.java,12,345,0,0,0,0,0,0,0,0,0,0,0,0,0,0,0,0caee582546076251c393032d44bbd84696a6fe7d6e5b51eece26b741cba0bee
org/lwjglx/util/vector/ReadableVector.java,12,283,0,0,0,0,0,0,0,0,0,0,0,0,0,0,0,e808f56bd370bf80def1e85a6897c4e3255e44292fa98348b655e7e978ab9d75
zombie/characters/Talker.java,12,264,0,0,0,0,0,0,0,0,0,0,0,0,0,0,0,b45fed525b699953fcabb8546fa794c7a3f1ea65dd4a12df1886de4975cf8e9c
zombie/commands/DisabledCommand.java,12,389,0,0,0,0,0,0,0,0,0,0,0,0,0,0,0,1c6b6877538a526063cd4ee63f6413f2fa864c51178724fe228dd49e5daf729f
zombie/debug/options/IDebugOptionGroup.java,12,382,0,0,0,0,0,0,0,0,0,0,0,0,0,0,0,8757a9670c39cab7d16d133bc4d6645dec254c74aaeb09ae3c7e403d3daf3777
zombie/iso/areas/isoregion/IsoRegionException.java,12,375,0,0,0,0,0,0,0,0,0,0,0,0,0,0,0,017160571981dde91ce0b7b1efc6b01fa34b1c94b5b4dd724cd2f80cd41abb4b
zombie/network/WorldItemTypes.java,12,385,0,1,0,0,0,0,0,0,0,3,0,0,0,0,0,c4302244f08962443e7f57d7beba35738540ff244fcdd77057137953200ede50
zombie/profanity/locales/LocaleChinese.java,12,300,0,0,0,0,0,0,0,0,0,0,0,0,0,0,0,57aeb97ab64a8b9ccbedfdde3e88408dd6a89ce4d8d7f3a580c6b42cb9971686
zombie/radio/globals/EditGlobalEvent.java,12,303,0,0,0,0,0,0,0,0,0,0,0,0,0,0,0,83f3114f2ed1aee3a52207d1cd8a7dcba0256c85cde0eda4c3894a0ddb0f357d
zombie/radio/script/ConditionIter.java,12,321,0,0,0,0,0,0,0,0,0,0,0,0,0,0,0,aba88e2470d678d9a97e4667534cfbd540fbdcb984fa9f6647c654abc64f8a61
zombie/scripting/objects/ItemReplacement.java,12,408,0,0,0,0,0,0,0,0,0,0,0,0,0,0,0,a5df2a06427ee850feaf93ac9333acdada1eddc463ad3bd25b299680290e1db3
zombie/world/WorldDictionaryException.java,12,379,0,0,0,0,0,0,0,0,0,0,0,0,0,0,0,945735894486b8109a36674987e68048374e353fed6a1818bde9cb41f92e2d65
javax/vecmath/MismatchedSizeException.java,11,316,0,0,0,0,0,0,0,0,0,0,0,0,0,0,0,90c650009498b3321ccc6e538aa71c0fedc02b2c7134c39121590b05fad6cd5f
javax/vecmath/SingularMatrixException.java,11,316,0,0,0,0,0,0,0,0,0,0,0,0,0,0,0,fef9f558fa43e3bcb0450b2e00f462a59336d26a23e97559cf40302ea38ae29e
zombie/characters/Stance.java,11,233,0,0,0,0,0,0,0,0,0,0,0,0,0,0,0,c6d5dcd01d4455f984e37876f456b25a29e59a7f40b3f3084943780cef29278a
zombie/characters/TriggerXmlFile.java,11,324,0,0,0,0,0,0,0,0,0,0,0,0,0,0,0,060f7e35b2214577df7dde6d33f87558eef1dbe4612c32d59cd8bb428a7c346e
zombie/core/GUID.java,11,286,0,1,0,0,0,0,0,0,0,0,0,0,0,0,0,c95155bb6e22a8f639dafa548671e903d5933e9e9874f7b7a648efccd9dc46b6
zombie/popman/ZombieTriggerXmlFile.java,11,364,0,0,0,0,0,0,0,0,0,0,0,0,0,0,0,5188c690a1eb25260452a2e777d310de892ead2f366424a4ad37a23df17d0e8f
zombie/radio/globals/CompareMethod.java,11,259,0,0,0,0,0,0,0,0,0,0,0,0,0,0,0,39e431425532b775bbbadefeeb749aa2d5281703e465dac201e33cbc875ade13
zombie/scripting/IScriptObjectStore.java,11,312,0,0,0,0,0,0,0,0,0,0,0,0,0,0,0,1c2aff1337ab9b636e5bffb6b34cc24fc74e7966cb504136ddbb7fa21c56c95d
zombie/text/templating/IReplaceProvider.java,11,520,0,0,0,0,0,0,0,0,0,0,0,0,0,0,0,90d119c521bd3d05aaed6258817fc02b31e348445c58661bfbf655829c103c4a
zombie/vehicles/testall_vehicles.java,11,404,0,0,0,0,0,0,0,0,0,0,0,0,0,0,0,28bbd5a5b1279201e096829c5389139609b82a27a1733b7992c10e9bc904b065
zombie/worldMap/WorldMapJNI.java,11,296,0,1,0,0,0,0,0,0,0,0,0,0,0,0,0,1504983ce3267cc7c9b0ef1648988029365c7b20f1891d09d4a30a10f6c7a7f5
fmod/FMOD_STUDIO_EVENT_PROPERTY.java,10,401,0,0,0,0,0,0,0,0,0,0,0,0,7,0,0,4874050065ed955baf3c3aafae322336245a9cb2ceebaa82d8536c896cc49e95
org/joml/ConfigurationException.java,10,368,0,0,0,0,0,0,0,0,0,0,0,0,0,0,0,fc94dab64a7559e6fc5c7f755e4a83c2b5301d144271bbcf59fe5ebc8ea232c9
org/lwjglx/util/vector/WritableVector2f.java,10,264,0,0,0,0,0,0,0,0,0,0,0,0,0,0,0,3522b3f3d63603afebf1ef0b230488549e174c686b6c7d28ed5ecde9deb37ddd
zombie/characters/TriggerSetAnimationRecorderFile.java,10,308,0,0,0,0,0,0,0,0,0,0,0,0,0,1,0,5ae38afddc8d01f61c0b58193ae5a136f8b4d30ed826783496cf0f0a1cc1713e
zombie/characters/action/ActionStateSnapshot.java,10,332,0,0,0,0,0,0,0,0,0,0,0,0,0,1,0,33137361def13c17fc6aeb672878651ca3bb738a6eee0ed5bc6bb4bb2eb1d131
zombie/core/LanguageFileData.java,10,252,0,0,0,0,0,0,0,0,0,0,0,0,0,0,0,10dac60706b51ed50e8f0b8257f5fb42d6855fcb079b79697dd05cc87ffbafb5
zombie/core/profiling/TriggerGameProfilerFile.java,10,298,0,0,0,0,0,0,0,0,0,0,0,0,0,0,0,b66a04509080b01d6cec0410a46d5d0662087eb34f7a13880ff265781d8ebb6d
zombie/debug/LogSeverity.java,10,209,0,0,0,0,0,0,0,0,0,0,0,0,0,0,0,d482403018279acda1b2b00d4033305f72d54f1ab9b06ad81086aec8ccb7678e
zombie/debug/options/IDebugOption.java,10,269,0,0,0,0,0,0,0,0,0,0,0,0,0,0,0,344b851f13cec0515c085b1110668574c13dbad03b6b15fb5d99fa2280aa9765
zombie/interfaces/IListBoxItem.java,10,241,0,0,0,0,0,0,0,0,0,0,0,0,0,0,0,0fb20cb78695f23b21a893aaffb5470664b9f2830e6a743c663c3c954d18a2d6
zombie/iso/areas/isoregion/IsoRegionLogType.java,10,215,0,0,0,0,0,0,0,0,0,0,0,0,0,0,0,70d6e3e97fcee9673e07f3771b9395e612933c09545d894570efde5711be95c1
zombie/iso/objects/interfaces/Activatable.java,10,251,0,0,0,0,0,0,0,0,0,0,0,0,0,0,0,2ed7521af04102afb48c91cbdb756346a1e5fcefa6290d94a5b1e69ca990d364
zombie/radio/globals/RadioGlobalType.java,10,224,0,0,0,0,0,0,0,0,0,0,0,0,0,0,0,65dd9f0871d71011bbc659a2728a70030a6f4213c7e2066453c79394ec200718
zombie/ui/UIEventHandler.java,10,319,0,0,0,0,0,0,0,0,0,0,0,0,0,0,0,7f319d2015e5a0ef94570473f5a232360e3d98c4031f6afe9fc01b8322b534ab
zombie/util/IntIterator.java,10,214,0,0,0,0,0,0,0,0,0,0,0,0,0,0,0,9a58846b9224b568b8a33cb49f97dee69190afffe85877cdf11b2267d2775051
zombie/util/map/NoSuchMappingException.java,10,324,0,0,0,0,0,0,0,0,0,0,0,0,0,0,0,b6515c5ebd5a540bc82541b18208f5dca6f72b426a74430eb609fff82856df47
com/jcraft/jorbis/InfoMode.java,9,225,0,0,0,0,0,0,0,0,0,0,0,0,0,0,0,2186b31a386158997c55b4d3a6d3a7aadfa039dcb58add9b1c904ab3a92fc16b
org/lwjglx/util/glu/tessellation/GLUmesh.java,9,332,0,0,0,0,0,0,0,0,0,0,0,0,0,0,0,4561c9bc4a3b721bb775c5ae6b12c6d7e40c9f43383a53aff4fd3db7bbb7940b
zombie/core/ThreadGroups.java,9,457,0,0,0,0,0,0,0,0,0,0,0,0,0,0,0,e224273650a79fa1173673a17a8b604095129ced2e85028e22503ed6a2145a88
zombie/core/skinnedmodel/advancedanimation/AnimationVariableType.java,9,236,0,0,0,0,0,0,0,0,0,0,0,0,0,2,0,3796ea647c86d5c2565c9126e443ea94bebc371473df8e30a1fd6b6dd42884b1
zombie/core/skinnedmodel/model/ModelFileExtensionType.java,9,214,0,0,0,0,0,0,0,0,0,0,0,0,0,0,0,04bf96279ebad30bb129208ee19f479e448cc7cc92f148fd241eb808e432f922
zombie/core/skinnedmodel/model/VehicleSubModelInstance.java,9,318,0,0,0,0,0,0,0,0,0,0,0,0,0,0,0,839c3dd72f56a9ae2fc023815fe819d2fa69d2c88476540ef9b07166a506b476
zombie/scripting/objects/ModelWeaponPart.java,9,304,0,0,0,0,0,0,0,0,0,0,0,0,0,0,0,9946c6d10ce32965462ee32149cd435af1011844cf697c8a9e526e5b6bdca0df
zombie/text/templating/IReplace.java,9,273,0,0,0,0,0,0,0,0,0,0,0,0,0,0,0,884ff6e15e4cd1732f9634ee3d11dc2f263b25efcdd32f6b37b0315a08d266d0
fmod/fmod/EmitterType.java,8,183,0,0,0,0,0,0,0,0,0,0,0,0,3,0,0,564fc32a0ec696fd0ad2e5aaf312d4c81d07c5e2029ac96889e47cd282b66402
org/lwjglx/util/glu/tessellation/DictNode.java,8,215,0,0,0,0,0,0,0,0,0,0,0,0,0,0,0,daa6c131a578f3982940e16b9c3f8a54af63a312ef9ed42f7ceba173662f1f34
org/lwjglx/util/glu/tessellation/TessState.java,8,297,0,0,0,0,0,0,0,0,0,0,0,0,0,0,0,c9deb26b1043eec3a50b8c62a6a172f37df7f8eece482a00bf042a2ed9be45f6
org/lwjglx/util/vector/ReadableVector2f.java,8,230,0,0,0,0,0,0,0,0,0,0,0,0,0,0,0,5562fea7eae0977322bbc9ce208786d41fda9f7e0f11fe7d88f33a0400221621
org/lwjglx/util/vector/WritableVector3f.java,8,273,0,0,0,0,0,0,0,0,0,0,0,0,0,0,0,fc0510063929dca064350a3c3021bd606a687abe3c8d92ff98f6cf5f85230ff3
org/lwjglx/util/vector/WritableVector4f.java,8,285,0,0,0,0,0,0,0,0,0,0,0,0,0,0,0,4b1500ecf7b216ed68cc8081ad9a3794a767847255ac6695b36d484c60168bc9
zombie/characters/AttachedItems/AttachedModels.java,8,294,0,0,0,0,0,0,0,0,0,0,0,0,0,0,0,c6217913035103f1066ca7f1b7076922421941ad5f621027a237721300969511
zombie/characters/MoveDeltaModifiers.java,8,278,0,0,0,0,0,0,0,0,0,0,0,0,0,0,0,2690b64a887eece5b1b2fe0b7e214f64ac45d27c0a5c151d5d483a37e7495ae0
zombie/chat/ChatMode.java,8,210,0,0,0,0,0,0,0,0,0,0,0,0,0,0,0,3396618dd72bd72e5d722b4cb0c02a2ba4c76537ecb39692cab00483d36a8130
zombie/core/Collections/IntIterator.java,8,206,0,0,0,0,0,0,0,0,0,0,0,0,0,0,0,8d1c481778ec3282653df83c42f90efaa060c49927b6072ac1a5246ff0250e16
zombie/core/opengl/IModelCamera.java,8,197,0,0,0,0,0,0,0,0,0,0,0,0,0,0,0,10b235a006e24620bce7479d18fe194e8ed2ceb2f83d160061a5fb9098f25779
zombie/core/skinnedmodel/advancedanimation/BlendType.java,8,224,0,0,0,0,0,0,0,0,0,0,0,0,0,1,0,4e1d9e9f206dad6c4798ffdde2494d23b4534dc2894429ea8d34179ef44dc972
zombie/fileSystem/FileSeekMode.java,8,189,0,0,0,0,0,0,0,0,0,0,0,0,0,0,0,262672c032e632f6cedfae3230823792a3f8ba6b41f8f37a53176fa4001c83f9
zombie/globalObjects/CGlobalObject.java,8,339,0,0,0,0,0,0,0,0,0,0,0,0,0,0,0,00ba4dec00558417d80627e6a1af83ecf526d9c95ceb7411aa238aa1fcaf77a9
zombie/inventory/types/Drainable.java,8,230,0,0,0,0,0,0,0,0,0,0,0,0,0,0,0,7439515cb515231a8a1cdf14d20a0ef36341710ef08bf22b659142bf1b1af625
zombie/iso/areas/isoregion/jobs/JobDebugResetAllData.java,8,290,0,0,0,0,0,0,0,0,0,0,0,0,0,0,0,5acd4ed071a6801712f57c911a9202a6c6028aa7c9bc03c9361e9190fa60c98e
zombie/radio/GameMode.java,8,189,0,0,0,0,0,0,0,0,0,0,0,0,0,0,0,fedb39ef1cec144a7580507b59e58599bdf676fbbfed9b8884eb24a67b108e25
zombie/radio/globals/CompareResult.java,8,194,0,0,0,0,0,0,0,0,0,0,0,0,0,0,0,5a742af721541c4b01be3d670b83c0dee426730b1c3348320b9b75c5cb451103
zombie/radio/globals/EditGlobalOps.java,8,187,0,0,0,0,0,0,0,0,0,0,0,0,0,0,0,412f9942dc73ec07239b346fd2c1855514dece6c3425f955c13f6bf68f31df46
zombie/radio/script/OperatorType.java,8,185,0,0,0,0,0,0,0,0,0,0,0,0,0,0,0,d9c1d4e35968a28c14b211516f3aaba1310925c0f9301c1c75d46cee24258bf4
zombie/ui/FontsFileFont.java,8,224,0,0,0,0,0,0,0,0,0,0,0,0,0,0,0,cbe64b026577d8cd85220c782b13742d0e85aed26febb3d6f6ebb60cd4461c39
zombie/util/map/MapDefaults.java,8,215,0,1,0,0,0,0,0,0,0,0,0,0,0,0,0,640c8844d0260485e4822245a469e1d03f3ec7c0dbe427db8127b22077d3a3d9
de/jarnbjo/ogg/EndOfOggStreamException.java,7,214,0,0,0,0,0,0,0,0,0,0,0,0,0,0,0,23bbdfe771b1c5e863ce4b0cd11c6f0f2e632adafabc9033f51d38df071c0ffa
org/lwjglx/util/glu/tessellation/CachedVertex.java,7,233,0,0,0,0,0,0,0,0,0,0,0,0,0,0,0,9d22121e417290f615e4fea96a3871dd460cd3b02bada4f877655cd25c01d7b3
zombie/core/skinnedmodel/animation/BoneAxis.java,7,183,0,0,0,0,0,0,0,0,0,0,0,0,0,1,0,c6f1e8fe89d06e93a26a7d39b0404b124ef18d1e41961ae088ecd3afbf57e956
zombie/core/skinnedmodel/model/VertexStride.java,7,246,0,0,0,0,0,0,0,0,0,0,0,0,0,0,0,a044dda6d290a16d90443ae1ceb96960f6916182f782086a38370110366e2314
zombie/util/IPredicate.java,7,215,0,0,0,0,0,0,0,0,0,0,0,0,0,0,0,29f5feced272a2a744176cdb9c1e11e882773808a5c99ea2e6424dd7d621cfab
zombie/util/set/IntSet.java,7,210,0,0,0,0,0,0,0,0,0,0,0,0,0,0,0,2a37d5c1085521276f5d0b083778efe8c8d5333fa48ab93db5977af6f639ec7b
zombie/worldMap/WorldMapPoint.java,7,198,0,0,0,0,0,0,0,0,0,0,0,0,0,0,0,df40fe2287a8a0cb6e208c98c0977dd5e7625d7c9287fa118cab603e3f7efdaa
zombie/worldMap/WorldMapProperties.java,7,226,0,0,0,0,0,0,0,0,0,0,0,0,0,0,0,1ee6b6cb618256f7acdf7c7d0fdae1cc06a0979538337dc05d23ba2ba3a42776
com/sixlegs/png/PixelProcessor.java,6,258,0,0,0,0,0,0,0,0,0,0,0,0,0,0,0,5e11ed08dbbeeb460e1f6bab1e337505c6c6a6c8f7093a9f8d86e2b20a4d5eb5
org/joml/sampling/Callback2d.java,6,205,0,0,0,0,0,0,0,0,0,0,0,0,0,0,0,95a2587c119f72fb7670c3fea67357148945a5b940aec9e27ae7b611ce499495
org/joml/sampling/Callback3d.java,6,217,0,0,0,0,0,0,0,0,0,0,0,0,0,0,0,fc68e18cd74299ef8a47900ca4331d471002562de93a13074315a855cbcb2a96
org/lwjglx/util/vector/ReadableVector3f.java,6,213,0,0,0,0,0,0,0,0,0,0,0,0,0,0,0,2eff8c2ebc96f380de4faa879be262d5bef758305f7f48402bafb5d780460b95
org/lwjglx/util/vector/ReadableVector4f.java,6,213,0,0,0,0,0,0,0,0,0,0,0,0,0,0,0,9221c7f0a71df2f6cdfca8e1c839ae0e608b0708283ad5c7edc93cf6ecca512b
zombie/asset/AssetStateObserver.java,6,244,0,0,0,0,0,0,0,0,0,0,0,0,0,0,0,9c58fb236c1716026633781a5981670e54488727d359162d435a4a3862eaaf28
zombie/core/skinnedmodel/advancedanimation/IAnimEventCallback.java,6,246,0,0,0,0,0,0,0,0,0,0,0,0,0,5,0,49771fc35023042a7b27f58e9cb63e8aedd78a9e7810f84bfdd3e80c0bdde86b
zombie/core/skinnedmodel/population/IClothingItemListener.java,6,235,0,0,0,0,0,0,0,0,0,0,0,0,0,0,0,1d9b5e5279e8fa9227e1b367992ac837a5413a78f2f09d8be3f65f20ab0535d4
zombie/core/znet/IJoinRequestCallback.java,6,216,0,0,0,0,0,0,0,0,0,0,0,0,0,0,0,2677d362a2ab3e7a943ca935e279cef2a4cbb96547aaa631457bae6b7fa4961b
zombie/fileSystem/IFileTask2Callback.java,6,223,0,0,0,0,0,0,0,0,0,0,0,0,0,0,0,6d002d4f414f0593b62b3c8c0d90d8c812a31106d4535a26fe55f6d2816468b7
zombie/fileSystem/IFileTaskCallback.java,6,210,0,0,0,0,0,0,0,0,0,0,0,0,0,0,0,f58c8c9a3ab10eced06330bf9569b87d7a7e598828f00b5fa4ac24c8247adc83
zombie/network/ICoopServerMessageListener.java,6,241,0,0,0,0,0,0,0,0,0,0,0,0,0,0,0,b086be21db7350ef0a8c6a06dd928b08faabf8138af3c3205cc7eb6b81188493
zombie/util/ICloner.java,6,174,0,0,0,0,0,0,0,0,0,0,0,0,0,0,0,9195fce46c8dc4382a1e76273bbc5a7cf33f7f5cf30e30d6bba3dd9843ce8bde
zombie/util/IntComparator.java,6,193,0,0,0,0,0,0,0,0,0,0,0,0,0,0,0,7e9c07937f4afd557a62d2cf6e48f5c430004ac1485754a7f51cd79a8f7a1532
zombie/util/hash/IntHashFunction.java,6,187,0,0,0,0,0,0,0,0,0,0,0,0,0,0,0,517741f7dfda5bc09ee43e78fba42fde9197cbba8e34393eaeb0f6b1c4f57513
zombie/util/lambda/IntSupplierFunction.java,6,196,0,0,0,0,0,0,0,0,0,0,0,0,0,0,0,a9392391316954498b4e6c3121e1bdece26fbb438a4f0a408962ce37d28c2d92
fmod/fmod/IFMODListener.java,5,154,0,0,0,0,0,0,0,0,0,0,0,0,3,0,0,c1ca1fc1bb0cf2ea825f0c7e28628dea3c7a1c002b173453b7c2e5ea967caa2b
org/lwjglx/opengl/PixelFormatLWJGL.java,5,165,0,0,0,0,0,0,0,0,0,0,0,0,0,0,0,7cf2f6cd84d12b20352cef5e2fc2941ae0c99853d4097e64ed3cade4ede107a8
zombie/core/raknet/FMODTest.java,5,154,0,0,0,0,0,0,0,0,0,0,0,0,1,0,0,c7b71ef95474cdca3ca2c5af2f429c88a0d34842385a88cf26d73e48ac27d54a
zombie/core/znet/PortMappingEntry.java,5,160,0,0,0,0,0,0,0,0,0,0,0,0,0,0,0,662261129d3075f98325c15ce5272bfa76670dc0b52b78411510ab8def858a9e
zombie/debug/ObjectsSyncRequestJUnit.java,5,163,0,0,0,0,0,0,0,0,0,0,0,0,0,0,0,b9f6b9ea8a17733fd94c66a6a40b4189f71f97e63de9259dd4869899a28d43a5
zombie/radio/devices/DeviceEmitter.java,5,161,0,0,0,0,0,0,0,0,0,0,0,0,1,0,0,4c43a04f1721e09a44cd64f44ff5767f24c7eec4cb3bf6c7350d78e8a9c8eff7
